claim_id,bangla_claim,gold_evidence_ids,top1_evidence_id,top10_evidence_ids
C0001,"আমি শুনেছি যে, যদি কেউ ইতিকাফে থাকে, তবে সে শুধুমাত্র প্রাকৃতিক প্রয়োজনের জন্যই বাইরে যেতে পারে। তবে কেউ কেউ মনে করেন যে, ইতিকাফকারী যদি শর্ত করে, তাহলে সে অসুস্থ ব্যক্তিকে দেখতে যেতে পারে এবং জানাজায় অংশ নিতে পারে।","['muslim_4871', 'muslim_6799', 'muslim_3081', 'muslim_451', 'muslim_2306']",muslim_4249,"['muslim_4249', 'bukhari_4867', 'bukhari_5037.2', 'bukhari_2944', 'muslim_5547', 'muslim_3576', 'muslim_986', 'muslim_2709', 'muslim_3612', 'muslim_5428']"
C0003,"নবী সাল্লাল্লাহু আলাইহি ওয়াসাল্লাম শুক্রবারের নামাজে ""সাব্বিহিসমা রাব্বিকাল আ'লা"" এবং ""হাল আতাকাহা হাদিসুল গাশিয়াহ"" সূরাগুলি তিলাওয়াত করতেন।","['muslim_2028', 'muslim_1030', 'muslim_2031', 'muslim_2030', 'muslim_2035']",bukhari_6145,"['bukhari_6145', 'muslim_6970', 'muslim_618', 'muslim_471', 'muslim_4910', 'muslim_3357', 'muslim_6136', 'muslim_848', 'bukhari_6791', 'muslim_2762']"
C0004,"নবী মুহাম্মদ (সাল্লাল্লাহু আলাইহি ওয়াসাল্লাম) বলেছেন, যখন দুই ব্যক্তি একটি লেনদেন সম্পন্ন করে, তখন তারা একে অপরের থেকে আলাদা না হওয়া পর্যন্ত বা তাদের লেনদেনের ক্ষেত্রে কোনো শর্ত না থাকলে, উভয়েরই লেনদেন বাতিল করার অধিকার থাকে।","['muslim_3856', 'muslim_3855', 'bukhari_2112', 'muslim_3853', 'bukhari_2111']",bukhari_297,"['bukhari_297', 'bukhari_1069', 'muslim_6746', 'muslim_1985', 'bukhari_1923', 'muslim_3822', 'bukhari_415', 'bukhari_3122', 'bukhari_921', 'muslim_483']"
C0005,নবী মুহাম্মদ (সা.) সূর্য অস্ত যাওয়ার সাথে সাথে মাগরিবের নামাজ আদায় করতেন।,"['muslim_1440', 'muslim_1430', 'muslim_1926', 'muslim_1921', 'bukhari_641']",muslim_471,"['muslim_471', 'muslim_6970', 'muslim_6136', 'muslim_6429', 'muslim_5211', 'muslim_5962', 'muslim_4866', 'muslim_5655', 'bukhari_158', 'bukhari_6791']"
C0007,"আমি দেখেছি, রাসূলুল্লাহ সাল্লাল্লাহু আলাইহি ওয়াসাল্লাম নামাজ পড়ার সময় আমার সামনে ছিলেন। যখন তিনি সিজদা করতে চেয়েছিলেন, তখন তিনি আমার পায়ে আলতো করে চাপ দিলেন, আর আমি পা সরিয়ে নিলাম, তারপর তিনি সিজদা করলেন।","['bukhari_519', 'muslim_1142', 'muslim_6025', 'muslim_949', 'muslim_1543']",muslim_6746,"['muslim_6746', 'muslim_1985', 'muslim_3876', 'bukhari_3322', 'bukhari_297', 'muslim_3834', 'muslim_3822', 'muslim_3671', 'muslim_514', 'muslim_3811']"
C0008,"নবী মুহাম্মদ (সাল্লাল্লাহু আলাইহি ওয়া সাল্লাম) বলেছেন যে, কোনো ব্যক্তি যদি একটি পশু কিনতে একশো দিনার দিতে চায় এবং এর জন্য দুই দিনার অগ্রিম দেয়, তবে যদি সে পশুটি না কেনে, তবে সেই দুই দিনার বিক্রেতার হয়ে যাবে।","['muslim_3883', 'muslim_3788', 'muslim_3878', 'muslim_6514', 'muslim_3910']",bukhari_297,"['bukhari_297', 'bukhari_1923', 'muslim_6746', 'bukhari_6996', 'bukhari_1069', 'bukhari_415', 'muslim_1985', 'muslim_483', 'muslim_3822', 'bukhari_5510']"
C0009,"রাসূলুল্লাহ (সাল্লাল্লাহু আলাইহি ওয়া সাল্লাম) বলেছেন, গম ও খেজুরের ক্ষেত্রে পাঁচ উসুক না হওয়া পর্যন্ত যাকাত দেওয়া বাধ্যতামূলক নয়, রৌপ্যের ক্ষেত্রে পাঁচ ওকিয়া না হওয়া পর্যন্ত যাকাত দেওয়া বাধ্যতামূলক নয় এবং উটের ক্ষেত্রে পাঁচটি না হওয়া পর্যন্ত যাকাত দেওয়া বাধ্যতামূলক নয়।","['muslim_2268', 'muslim_2263', 'bukhari_1484', 'muslim_2266', 'bukhari_1459']",bukhari_5704,"['bukhari_5704', 'bukhari_5501', 'muslim_2086', 'bukhari_3322', 'bukhari_707', 'bukhari_5345', 'bukhari_5681', 'bukhari_5680', 'bukhari_1534', 'bukhari_4545']"
C0010,"রাসূলুল্লাহ বলেছেন, তিনি সুলায়মান ইবনে বিলালের মাধ্যমে ইয়াহিয়ার মতোই কথা উল্লেখ করেছেন।","['muslim_4124', 'muslim_3889', 'muslim_3759', 'muslim_5887', 'muslim_4501']",muslim_495,"['muslim_495', 'muslim_3834', 'muslim_2207', 'muslim_6746', 'muslim_3862', 'muslim_3265', 'muslim_4406', 'bukhari_284', 'muslim_1985', 'bukhari_3322']"
C0013,"আমি রাসূলকে জিজ্ঞাসা করেছিলাম যে, ইবনে জুদ'আন জাহেলিয়াতের সময় আত্মীয়তার সম্পর্ক বজায় রাখতেন এবং অভাবীদের খাবার দিতেন। রাসূল বললেন, এটা তাকে কোনো উপকার করবে না, কারণ তিনি কখনো বলেননি, ""হে আমার প্রভু, কিয়ামতের দিনে আমার পাপ ক্ষমা করো।""","['muslim_518', 'muslim_3079', 'muslim_5707', 'muslim_6901', 'muslim_2714']",bukhari_3322,"['bukhari_3322', 'muslim_6746', 'muslim_3876', 'muslim_1985', 'muslim_2822', 'muslim_3671', 'bukhari_5396', 'muslim_5964', 'muslim_1280', 'bukhari_288']"
C0014,"রাসুলুল্লাহ (সাল্লাল্লাহু আলাইহি ওয়াসাল্লাম) বলেছেন, যে ব্যক্তি রমজান মাসে ইমানের সাথে রাত জাগবে, তার পূর্বের সব গুনাহ মাফ করা হবে। এবং যে ব্যক্তি লাইলাতুল কদরে ইমানের সাথে রাত জাগবে, তারও পূর্বের সব গুনাহ মাফ করা হবে।","['muslim_1781', 'bukhari_1901', 'bukhari_2014', 'muslim_1780', 'bukhari_37']",bukhari_1162,"['bukhari_1162', 'muslim_575', 'bukhari_4805', 'bukhari_6056', 'muslim_4845', 'muslim_6429', 'muslim_656', 'muslim_3514', 'muslim_6136', 'bukhari_5257']"
C0015,"প্রিয় মুআয, তুমি কি জানো আল্লাহর বান্দাদের উপর কী অধিকার আছে? মুআয বললেন, আল্লাহ ও তার রাসূলই ভালো জানেন। রাসূলুল্লাহ (সাল্লাল্লাহু আলাইহি ওয়া সাল্লাম) বললেন, আল্লাহর অধিকার হলো, বান্দারা শুধুমাত্র আল্লাহর ইবাদত করবে এবং তার সাথে কাউকে শরিক করবে না। এরপর রাসূলুল্লাহ (সাল্লাল্লাহু আলাইহি ওয়া সাল্লাম) বললেন, যদি তারা এটা করে, তাহলে আল্লাহ তাদের শাস্তি দেবেন না।","['muslim_145', 'muslim_143', 'bukhari_7373', 'muslim_144', 'bukhari_5967']",muslim_764,"['muslim_764', 'bukhari_1740', 'bukhari_3307', 'bukhari_4805', 'bukhari_1199.2', 'bukhari_5522', 'muslim_2132', 'bukhari_1162', 'muslim_2762', 'bukhari_4644']"
C0017,"আমি শুনেছি যে নবী মুহাম্মদ (সা.) একদল আনসার নারীদের সাথে সাক্ষাৎ করেছিলেন যারা তাঁর সাথে অঙ্গীকার করতে চেয়েছিলেন যে তারা আল্লাহর সাথে কাউকে শরিক করবে না, চুরি করবে না, ব্যভিচার করবে না এবং কোনো মিথ্যা অপবাদ দেবে না। নবী (সা.) তাদের বলেছিলেন যে তিনি নারীদের সাথে হাত মেলান না এবং তাঁর কথা একশো নারীর জন্য একই রকম।","['muslim_4463', 'muslim_4464', 'muslim_4834', 'muslim_3728', 'muslim_2403']",bukhari_297,"['bukhari_297', 'muslim_483', 'bukhari_4923', 'muslim_434', 'bukhari_823', 'bukhari_1069', 'muslim_6746', 'muslim_1985', 'bukhari_355', 'bukhari_6989']"
C0018,"আমি শুনেছি, রাসূলুল্লাহ (সা.) তাবুকের যুদ্ধে আমাদের সাথে ছিলেন এবং তিনি বলেছিলেন, ""আমি দ্রুত চলছি, যে কেউ আমার সাথে আসতে চায় সে আসতে পারে, আর যে চাইলে থাকতে পারে।"" তারপর তিনি মদিনার দিকে এগিয়ে গিয়ে বললেন, ""এটি তায়বা এবং এটি উহুদ, এটি একটি পাহাড় যা আমাদের ভালোবাসে এবং আমরা এটি ভালোবাসি।""","['muslim_3371', 'muslim_5948', 'bukhari_4422', 'muslim_5947', 'bukhari_1872']",bukhari_4545,"['bukhari_4545', 'bukhari_5726', 'muslim_483', 'bukhari_7395', 'bukhari_3322', 'bukhari_4029', 'bukhari_2626', 'bukhari_429', 'bukhari_5396', 'bukhari_254']"
C0019,"নবী (সা) বলেছেন যে আল্লাহ আপনাদেরকে আপনার পিতাদের নামে শপথ করতে নিষেধ করেছেন। عمر বলেন, আমি এরপর থেকে আর কখনো পিতার নামে শপথ করিনি।","['muslim_4254', 'bukhari_6647', 'muslim_4255', 'muslim_4257', 'bukhari_6646']",bukhari_3994,"['bukhari_3994', 'muslim_3208', 'muslim_5917', 'muslim_1832', 'muslim_6292', 'muslim_789', 'muslim_3981', 'muslim_3639', 'muslim_2752', 'muslim_913']"
C0022,"আমি দেখেছি যে রাসূলুল্লাহ (সাল্লাল্লাহু আলাইহি ওয়া সাল্লাম) একটি গাধার উপর নামাজ পড়ছেন, যখন তিনি খায়বারের দিকে যাচ্ছিলেন।","['muslim_1614', 'muslim_1620', 'muslim_4582', 'muslim_5018', 'muslim_3966']",muslim_6746,"['muslim_6746', 'muslim_495', 'bukhari_3322', 'muslim_1985', 'muslim_3671', 'muslim_3862', 'muslim_3811', 'muslim_3876', 'bukhari_284', 'muslim_3834']"
C0024,"নবী মুহাম্মদ (সা.) বলেছেন, যে কেউ অন্যের জমি অবৈধভাবে নেবে, তাকে কিয়ামতের দিন সাতটি জমির মধ্যে বেঁধে রাখা হবে।","['muslim_4136', 'muslim_4133', 'muslim_4132', 'bukhari_3196', 'muslim_4134']",muslim_3265,"['muslim_3265', 'muslim_575', 'muslim_495', 'muslim_3509', 'muslim_4845', 'muslim_5694', 'muslim_3834', 'muslim_3514', 'muslim_3811', 'muslim_2410']"
C0026,"রাসূলুল্লাহ (সা.) বলেছেন, কিয়ামত আসবে না যতক্ষণ না পৃথিবীতে আল্লাহর নাম বলা বন্ধ হয়ে যাবে।","['muslim_375', 'muslim_7410', 'muslim_7257', 'muslim_376', 'muslim_4958']",muslim_4866,"['muslim_4866', 'muslim_6945', 'muslim_3540', 'muslim_1845', 'muslim_6794', 'muslim_7071', 'muslim_6387', 'muslim_1849', 'muslim_6429', 'muslim_6669']"
C0027,"নবী সাল্লাল্লাহু আলাইহি ওয়া সাল্লাম বলেছেন যে, ফল বিক্রি করা উচিত নয় যতক্ষণ না তা পাকা হয়। তিনি আরও বলেছেন যে, ফলের বিক্রয় শুধুমাত্র দিরহাম ও দিনার দিয়ে হতে পারে, তবে কিছু বিশেষ ক্ষেত্রে এটি ভিন্ন হতে পারে।","['bukhari_2189', 'muslim_3908', 'bukhari_2381', 'muslim_3878', 'muslim_3910']",muslim_4290,"['muslim_4290', 'muslim_3645', 'muslim_2043', 'muslim_5922', 'muslim_6521', 'muslim_4866', 'muslim_6772', 'muslim_7130', 'muslim_5248', 'muslim_4597']"
C0029,"আমি শুনেছি যে, নবী সাল্লাল্লাহু আলাইহি ওয়াসাল্লাম নামাজের শুরুতে তাকবীর দেওয়ার সময় হাত উঁচু করে কাঁধের সমান করেন। তিনি রুকুতে যাওয়ার সময়ও একইভাবে হাত উঁচু করেন, কিন্তু সেজদা দেওয়ার সময় এবং সেজদা থেকে মাথা তোলার সময় এটি করেন না।","['bukhari_738', 'muslim_862', 'bukhari_735', 'bukhari_736', 'bukhari_789']",muslim_6746,"['muslim_6746', 'muslim_1985', 'muslim_3876', 'muslim_3822', 'muslim_4406', 'muslim_3862', 'muslim_3834', 'bukhari_297', 'muslim_3811', 'bukhari_643']"
C0030,"হারিস্তা যুদ্ধের দিন আহত হয়েছিল। তার মা নবীজির কাছে এসে বললেন, ""হে রাসূল, আমি জানি হারিস্তার আমার কাছে কত মূল্য। যদি সে জান্নাতে থাকে, তাহলে আমি ধৈর্য ধরব এবং আল্লাহর কাছে সওয়াব আশা করব। কিন্তু যদি অন্য কিছু হয়, তাহলে আমি কী করব?"" নবীজি তাকে বললেন, ""তুমি জানো, জান্নাত একটাই নয়, বরং অনেক জান্নাত আছে, এবং হারিস্তা জান্নাতের সর্বোচ্চ স্তর, ফেরদৌসের মধ্যে রয়েছে।""","['bukhari_3982', 'bukhari_6550', 'bukhari_6567', 'bukhari_6568', 'bukhari_2809']",bukhari_6996,"['bukhari_6996', 'bukhari_6056', 'muslim_495', 'bukhari_6997', 'muslim_434', 'muslim_483', 'bukhari_5984', 'bukhari_717', 'bukhari_5757', 'bukhari_5257']"
C0033,"নবীজি বলেছেন, সব মদই হারাম এবং যে ব্যক্তি এই দুনিয়ায় মদ পান করে এবং মৃত্যুর আগে তা ছাড়ে না, সে আখিরাতে তা পান করবে না।","['muslim_5218', 'muslim_5219', 'muslim_5221', 'muslim_5224', 'muslim_5222']",muslim_495,"['muslim_495', 'bukhari_5257', 'bukhari_6056', 'muslim_6531', 'muslim_3265', 'muslim_2410', 'muslim_208', 'muslim_4845', 'bukhari_284', 'bukhari_3595.2']"
C0034,"আমি শুনেছি যে রাসূলুল্লাহ (সা.) বলেছেন, কুরাইশের নারীরা সেরা নারী যারা উটের পিঠে চড়ে, তারা তাদের সন্তানদের প্রতি সবচেয়ে মমতাময়ী এবং স্বামীদের প্রতি সবচেয়ে যত্নশীল। আবু হুরাইরা (রা.) এ কথা বলেছেন এবং তিনি উল্লেখ করেছেন যে, মেরিম (আ.) কখনো উটের পিঠে চড়েননি।","['muslim_6458', 'bukhari_3434', 'muslim_6456', 'muslim_6460', 'bukhari_5365']",bukhari_4545,"['bukhari_4545', 'muslim_434', 'muslim_483', 'bukhari_3322', 'bukhari_4923', 'muslim_1985', 'muslim_6746', 'bukhari_297', 'bukhari_6989', 'muslim_3671']"
C0038,"কুফার লোকেরা এই আয়াত নিয়ে বিতর্ক করেছিল। আমি ইবন আব্বাসের কাছে গিয়েছিলাম এবং তিনি বললেন, এটি শেষ সময়ে অবতীর্ণ হয়েছে এবং এর কোনো পরিবর্তন হয়নি।","['muslim_7541', 'bukhari_4590', 'muslim_7543', 'muslim_7545', 'bukhari_4766']",muslim_6970,"['muslim_6970', 'muslim_3762', 'muslim_6012', 'muslim_6342', 'bukhari_5084', 'muslim_6292', 'muslim_6794', 'muslim_3478', 'muslim_3357', 'bukhari_487']"
C0040,"নবীজি সাল্লাল্লাহু আলাইহি ওয়াসাল্লাম বলেছেন, যখন কেউ চারটি শাখার মাঝে বসে এবং চেষ্টা করে, তখন তার জন্য গোসল করা আবশ্যক।","['muslim_783', 'muslim_785', 'bukhari_291', 'muslim_3855', 'muslim_6427']",muslim_6746,"['muslim_6746', 'muslim_3876', 'muslim_4034', 'bukhari_3322', 'muslim_5964', 'muslim_1985', 'muslim_2822', 'muslim_3671', 'muslim_3822', 'muslim_1280']"
C0041,সাঈদ বিন জেইদ বিন আমর বিন নফাইল শুক্রবারের দিন অসুস্থ হয়ে পড়েছিলেন। তিনি জুমার নামাজে অংশগ্রহণ না করে বাড়িতে থাকাই ভালো মনে করেছিলেন।,"['bukhari_3990', 'muslim_4871', 'muslim_1960', 'muslim_4132', 'muslim_2031']",muslim_3731,"['muslim_3731', 'muslim_6970', 'muslim_2043', 'bukhari_2200', 'bukhari_2944', 'muslim_337', 'muslim_1740', 'muslim_4860', 'muslim_5274', 'bukhari_3299']"
C0046,"মরওয়ান ঈদের দিন মঞ্চে উঠে বক্তৃতা শুরু করেছিল, কিন্তু একজন ব্যক্তি তাকে বলেছিল যে সে سنتির বিরুদ্ধে কাজ করেছে। তিনি বলেছিলেন, ""যে কেউ অন্যায় দেখে, তাকে অবশ্যই পরিবর্তন করতে হবে, যদি সে তার হাতে করতে না পারে, তাহলে তার জবান দিয়ে, এবং যদি তাও না পারে, তাহলে অন্তরে তা ঘৃণা করতে হবে; এটি সবচেয়ে দুর্বল ঈমান।""","['muslim_177', 'muslim_2053', 'muslim_2943', 'muslim_3487', 'muslim_1290']",muslim_495,"['muslim_495', 'bukhari_2432', 'bukhari_429', 'bukhari_6996', 'bukhari_3707', 'bukhari_109', 'bukhari_5959', 'muslim_1279', 'muslim_3265', 'muslim_483']"
C0051,"আল্লাহর রাসূল (সা.) বলেছেন, কুরআন পড়ো যেভাবে তোমাদের হৃদয় একত্রিত হয়। যখন তোমাদের মধ্যে ভিন্নতা দেখা দেয়, তখন উঠে দাঁড়াও।","['muslim_6778', 'muslim_6777', 'bukhari_7365', 'bukhari_5060', 'bukhari_7364']",muslim_5917,"['muslim_5917', 'bukhari_5811', 'muslim_2559', 'bukhari_5239', 'bukhari_5087', 'muslim_3208', 'muslim_6926', 'muslim_7187', 'muslim_5268', 'bukhari_7314']"
C0052,"আমি শুনেছি যে, আল্লাহর রাসূল (সা.) কে প্রেরণ করা হয়েছে সাক্ষী, সুসংবাদদাতা এবং সতর্ককারী হিসেবে। তিনি ছিলেন দয়ালু এবং নম্র, এবং তিনি মানুষের প্রতি ক্ষমাশীল ছিলেন।","['bukhari_4838', 'bukhari_2125', 'muslim_7114', 'muslim_1258', 'muslim_4043']",bukhari_6145,"['bukhari_6145', 'muslim_6996', 'muslim_7071', 'muslim_6669', 'bukhari_3994', 'muslim_5118', 'muslim_7307', 'muslim_997', 'muslim_4109', 'muslim_7365']"
C0054,"আমি শুনেছি যে, নবী (সা.) বলেছেন, ""তুমি কি বাচ্চা মেয়ে নিয়ে বিয়ে করনি? তোমার বাবার মৃত্যুর পর তুমি একজন বিধবা নিয়ে বিয়ে করেছ?"" জাবির বললেন, ""আমি বাবার রেখে যাওয়া সাত বা নয়টি মেয়ের কারণে বিধবা নিয়ে বিয়ে করেছি, যাতে তারা ভালোভাবে দেখাশোনা পায়।"" নবী (সা.) তার বিয়ের জন্য তাকে আশীর্বাদ করেছেন।","['muslim_3638', 'bukhari_6387', 'bukhari_5367', 'muslim_3637', 'muslim_4100']",bukhari_7395,"['bukhari_7395', 'bukhari_429', 'bukhari_5984', 'bukhari_3341', 'bukhari_6997', 'bukhari_5726', 'bukhari_6489', 'bukhari_7392', 'bukhari_5458', 'bukhari_5024']"
C0056,"আমরা শুনেছি যে, নবী মুহাম্মদ (সা.) বলেছেন, মৃত ব্যক্তির জন্য কবরের শাস্তি তার পরিবারের কান্নার কারণে নয়, বরং তার নিজের পাপের কারণে হয়। তিনি আরও বলেছেন, যুদ্ধের সময় নিহতদের শাস্তি সম্পর্কে কথা বলার সময়, তারা শুনতে পাচ্ছে এবং জানে যে, তিনি যা বলছেন তা সত্য।","['muslim_2154', 'bukhari_3978', 'bukhari_3979', 'bukhari_3980', 'bukhari_3981']",bukhari_1073,"['bukhari_1073', 'bukhari_5032.2', 'muslim_575', 'bukhari_5406', 'bukhari_5984', 'bukhari_4805', 'bukhari_255', 'bukhari_6056', 'bukhari_6505', 'bukhari_1162']"
C0058,"আমি শুনেছি, রাসূলুল্লাহ (সা.) আবান বিন সাঈদকে একটি মিশনে পাঠিয়েছিলেন এবং যখন আবান ও তার সঙ্গীরা খায়বারে পৌঁছান, তখন রাসূল (সা.) তাদের জন্য কিছু বিতরণ করেননি।","['bukhari_4238', 'muslim_7027', 'muslim_6207', 'muslim_4589', 'muslim_4081']",muslim_495,"['muslim_495', 'muslim_3834', 'muslim_3265', 'muslim_2207', 'bukhari_4545', 'muslim_3811', 'muslim_483', 'muslim_6746', 'bukhari_5257', 'bukhari_3322']"
C0061,"একজন ব্যক্তি ইয়েমেন থেকে নবী মুহাম্মদ (সা.) এর কাছে এসেছিলেন এবং জিজ্ঞেস করেছিলেন, ""আপনার কি ইয়েমেনে কেউ আছে?"" নবী (সা.) বললেন, ""আপনার মা-বাবা আছেন?"" তিনি বললেন, ""হ্যাঁ,"" তখন নবী (সা.) তাকে বললেন, ""তাদের অনুমতি নিয়ে ফিরে যাও। যদি তারা অনুমতি দেন, তবে যুদ্ধ করো, নইলে তাদের সঙ্গে ভালো ব্যবহার করো।""","['muslim_5628', 'muslim_4101', 'muslim_4570', 'muslim_6492', 'muslim_6149']",bukhari_4545,"['bukhari_4545', 'bukhari_5396', 'bukhari_3751', 'bukhari_3230', 'bukhari_3322', 'bukhari_2626', 'bukhari_5726', 'bukhari_6485', 'bukhari_254', 'bukhari_1923']"
C0062,"নবী (সাল্লাল্লাহু আলাইহি ওয়া সাল্লাম) বলেছেন, আবু তালিবের জন্য আল্লাহর রহমত হয়েছে, তিনি জাহান্নামের আগুনের মধ্যে এক অল্প পানির স্তরে আছেন। যদি আমি না হতাম, তবে তিনি জাহান্নামের সবচেয়ে নিচে থাকতেন।","['muslim_510', 'bukhari_6208', 'bukhari_3883', 'muslim_511', 'bukhari_6572']",bukhari_4805,"['bukhari_4805', 'muslim_2762', 'muslim_764', 'bukhari_158', 'bukhari_1199.2', 'bukhari_241', 'bukhari_3752', 'bukhari_6505', 'bukhari_1162', 'bukhari_1740']"
C0065,"আমি শুনেছি, নবী (সা.) আবদুল্লাহ বিন হুদাফা বিন কিস বিন আদীকে একটি বিশেষ মিশনে পাঠিয়েছিলেন। তিনি আমাদেরকে আল্লাহ ও তাঁর রাসূলের নির্দেশ পালন করতে বলেছেন।","['muslim_4746', 'bukhari_4584', 'muslim_3410', 'muslim_314', 'muslim_7219']",muslim_6970,"['muslim_6970', 'bukhari_6145', 'muslim_3731', 'muslim_471', 'bukhari_3994', 'muslim_2762', 'muslim_7071', 'bukhari_158', 'muslim_3440', 'muslim_3348']"
C0066,নবী মুহাম্মদ (সা.) তাঁর দুই কানকে আঙ্গুলের ডগা দিয়ে মুছে দিয়েছেন এবং থাম্বের সাহায্যে কানগুলোর বাইরের অংশও মুছে দিয়েছেন।,"['muslim_6069', 'muslim_6064', 'muslim_6067', 'muslim_865', 'muslim_866']",muslim_6746,"['muslim_6746', 'muslim_6987', 'muslim_1985', 'muslim_5964', 'bukhari_3322', 'muslim_3834', 'muslim_3876', 'muslim_450', 'muslim_1280', 'muslim_3671']"
C0068,"রাসূলুল্লাহ (সাল্লাল্লাহু আলাইহি ওয়া সাল্লাম) বলেছেন যে, তিনি এই বিষয়টি উল্লেখ করেছেন।","['muslim_4648', 'muslim_2548', 'muslim_5701', 'muslim_4324', 'muslim_3210']",muslim_3639,"['muslim_3639', 'muslim_6669', 'muslim_5919', 'muslim_3208', 'muslim_789', 'muslim_4368', 'muslim_2506', 'muslim_1889', 'muslim_6342', 'muslim_3832']"
C0069,"নবী সাল্লাল্লাহু আলাইহি ওয়া সাল্লাম বলেছেন, তিনি যখন সিজদা করতেন, তখন হাত দিয়ে মাটি স্পর্শ করতেন এবং তাঁর বাম হাতের উরুর উপর স্থির হয়ে বসতেন।","['muslim_1108', 'muslim_1106', 'muslim_1109', 'muslim_1311', 'muslim_1307']",muslim_6746,"['muslim_6746', 'muslim_4034', 'muslim_3876', 'muslim_5964', 'bukhari_3322', 'muslim_1985', 'muslim_495', 'muslim_3671', 'muslim_6987', 'muslim_450']"
C0072,"আমি শুনেছি যে, রাসূলুল্লাহ (সা.) আরাফার দিন মাগরিবের নামাজের জন্য একটি নির্দিষ্ট স্থানে রওনা হন এবং সেখানে তিনি নামাজ আদায় করেন। এরপর তিনি রাতের নামাজের জন্য অপেক্ষা করেন এবং সবাইকে নামাজ শেষে মুক্ত হন।","['muslim_3102', 'muslim_3101', 'muslim_3099', 'muslim_3103', 'bukhari_1669']",muslim_3834,"['muslim_3834', 'muslim_6746', 'muslim_1985', 'bukhari_284', 'bukhari_297', 'muslim_483', 'muslim_434', 'bukhari_3322', 'muslim_495', 'muslim_514']"
C0073,"একজন ব্যক্তি রাসূলুল্লাহ (সা.)-এর কাছে এসে বললেন, তিনি খুব ক্লান্ত। রাসূল (সা.) তাঁর স্ত্রীদের কাছে খাবারের জন্য পাঠালেন, কিন্তু সবাই বললেন, তাদের কাছে শুধু পানি আছে। তখন একজন আনসারী বললেন, তিনি অতিথিকে রাতের খাবার দেবেন এবং তাঁর স্ত্রীকে বললেন, শিশুদের খাবার দিয়ে অতিথিকে দেখাতে হবে যেন মনে হয় তারা খাচ্ছে। পরদিন রাসূল (সা.) বললেন, আল্লাহ তাদের এই অতিথিপরায়ণতা দেখে বিস্মিত হয়েছেন।","['muslim_5359', 'bukhari_4889', 'muslim_5362', 'muslim_885', 'muslim_4622']",bukhari_4545,"['bukhari_4545', 'muslim_1985', 'bukhari_3322', 'muslim_4034', 'bukhari_7040', 'muslim_3671', 'muslim_5964', 'muslim_3229', 'bukhari_5680', 'bukhari_5501']"
C0075,"নবী মুহাম্মদ (সা.) রমজান মাসে ফাতহের যুদ্ধ করেছিলেন। তিনি যখন কদিদে পৌঁছালেন, তখন তিনি রোজা ভঙ্গ করেন এবং পুরো মাসটি তিনি রোজা রাখেননি।","['bukhari_4275', 'muslim_2604', 'muslim_2608', 'muslim_6022', 'bukhari_1944']",muslim_1832,"['muslim_1832', 'muslim_5159', 'muslim_3208', 'muslim_5917', 'muslim_3731', 'muslim_3639', 'bukhari_3994', 'muslim_6292', 'muslim_6012', 'muslim_5921']"
C0076,"একজন ব্যক্তি নবী মুহাম্মদ (সা.)-এর কাছে এসে বললেন, ""হে রাসূল, আমি রাতে একটি স্বপ্ন দেখেছি যেখানে মধু ও ঘি ঝরছে।""","['muslim_5929', 'muslim_5928', 'muslim_5930', 'bukhari_7046', 'muslim_5927']",bukhari_5984,"['bukhari_5984', 'bukhari_1073', 'bukhari_6996', 'bukhari_6505', 'bukhari_5032.2', 'bukhari_6056', 'muslim_575', 'muslim_5979', 'bukhari_1162', 'bukhari_7435']"
C0078,নবী মুহাম্মদ (সা.) জামরার দিকে পাথর নিক্ষেপ করার জন্য লাব্বাইক বলেছিলেন।,"['muslim_3089', 'muslim_3090', 'muslim_3141', 'bukhari_1685', 'muslim_3140']",muslim_6970,"['muslim_6970', 'bukhari_1073', 'muslim_3731', 'muslim_471', 'muslim_575', 'bukhari_4473', 'bukhari_241', 'muslim_2762', 'bukhari_3307', 'bukhari_6505']"
C0081,"নবী সাল্লাল্লাহু আলাইহি ওয়াসাল্লাম বলেছেন, এক ব্যবসায়ী ছিল যে মানুষের কাছে ঋণ দিত। যখন তিনি দেখতেন কেউ অসচ্ছল, তখন তিনি তাঁর সেবকদের বলতেন, তাদের জন্য ক্ষমা করে দাও, হয়তো আল্লাহ আমাদেরও ক্ষমা করবেন।","['bukhari_2078', 'muslim_3998', 'bukhari_3480', 'muslim_3997', 'muslim_4621']",muslim_1148,"['muslim_1148', 'muslim_6996', 'muslim_5118', 'muslim_3357', 'muslim_933', 'muslim_1849', 'muslim_2762', 'muslim_789', 'muslim_6669', 'muslim_4866']"
C0082,"হযরত হুযাইফা (রা) বলেছেন, রাসূলুল্লাহ (সা) বলেছেন যে, আসরের নামাজের পর সূর্যাস্ত হওয়া পর্যন্ত এবং ফজরের নামাজের পর সূর্য উদয়ের আগে নামাজ পড়া নিষেধ।","['muslim_1921', 'muslim_1920', 'muslim_1374', 'bukhari_584', 'bukhari_588']",muslim_6429,"['muslim_6429', 'muslim_4866', 'muslim_1845', 'muslim_1113', 'muslim_6945', 'muslim_6136', 'muslim_3357', 'muslim_5795', 'muslim_7071', 'muslim_3540']"
C0086,"আমি শুনেছি, নবী মুহাম্মদ (সা.) একটি চামড়ার তাঁবুর মধ্যে ছিলেন এবং সেখানে কিছু কথা বলেছিলেন।","['muslim_2301', 'muslim_2025', 'muslim_4742', 'muslim_1119', 'bukhari_5860']",muslim_495,"['muslim_495', 'muslim_6746', 'muslim_3834', 'bukhari_284', 'muslim_3265', 'bukhari_3322', 'bukhari_297', 'muslim_3811', 'muslim_434', 'muslim_1985']"
C0090,"নবী (সা.) বলেছেন, যে মুসলিম একটি গাছ রোপণ করে এবং তার ফলে কেউ বা কোনো প্রাণী কিছু খায়, সেই মুসলিমের জন্য এটি একটি সদকা।","['bukhari_6012', 'muslim_3969', 'muslim_3971', 'muslim_3973', 'muslim_3968']",muslim_6746,"['muslim_6746', 'bukhari_3322', 'muslim_495', 'muslim_1985', 'muslim_3834', 'muslim_5964', 'muslim_3671', 'bukhari_4545', 'muslim_1279', 'muslim_3876']"
C0091,"আনস বলেছেন যে, তিনি শুনেছেন যে আল্লাহর রাসূল (সা.) কিছু গুরুত্বপূর্ণ বিষয় সম্পর্কে আলোচনা করেছেন, যা আমাদের জীবনে প্রভাব ফেলতে পারে।","['muslim_5266', 'muslim_4168', 'muslim_3854', 'muslim_4319', 'muslim_5535']",muslim_495,"['muslim_495', 'muslim_3265', 'muslim_3834', 'muslim_450', 'muslim_3610', 'muslim_6652', 'muslim_7188', 'muslim_3862', 'muslim_3671', 'muslim_3811']"
C0092,"আমি শুনেছি, রাসূলুল্লাহ (সা.) বলেছেন যে, এক ব্যক্তি যিনি ইসলাম দাবি করেন, তিনি জাহান্নামের লোক। যুদ্ধের সময় সেই ব্যক্তি অত্যন্ত সাহসিকতার সাথে লড়াই করেন এবং গুরুতর আহত হন। কিন্তু পরে তিনি আত্মহত্যা করেন, এবং রাসূল (সা.) বলেন, ""আল্লাহ এই ধর্মকে মন্দ লোকের মাধ্যমে সাহায্য করেন।""","['bukhari_6606', 'muslim_305', 'bukhari_4203', 'muslim_306', 'bukhari_3062']",muslim_483,"['muslim_483', 'bukhari_5257', 'bukhari_6996', 'muslim_495', 'muslim_3265', 'bukhari_5032.2', 'muslim_3834', 'bukhari_5984', 'bukhari_6056', 'bukhari_717']"
C0093,"আমি শুনেছি যে, নবী সাল্লাল্লাহু আলাইহি ওয়াসাল্লাম একটি অবহেলিত কবরের পাশে গিয়েছিলেন এবং সেখানে তিনি নামাজ পড়ার জন্য লোকদের নেতৃত্ব দিয়েছিলেন। এ কথা আমাকে আবু আমর বলেছেন, এবং তিনি বলেছেন যে, এটি ابن عباس রাদিয়াল্লাহু আনহু থেকে এসেছে।","['bukhari_1336', 'bukhari_1322', 'bukhari_857', 'muslim_2211', 'bukhari_1319']",bukhari_5406,"['bukhari_5406', 'bukhari_6056', 'bukhari_643', 'bukhari_3595.2', 'bukhari_1162', 'muslim_1621', 'muslim_370', 'muslim_3509', 'muslim_3517', 'bukhari_1835']"
C0094,"আমি শুনেছি যে, আল-আমাশ বলেছেন, সেই দিন মানুষদের মধ্যে তোমরা যেমন একটি সাদা চুল কালো ষাঁড়ের মধ্যে বা একটি কালো চুল সাদা ষাঁড়ের মধ্যে থাকে, তেমনই থাকবে।","['muslim_533', 'muslim_530', 'muslim_531', 'bukhari_6528', 'bukhari_4741']",muslim_6012,"['muslim_6012', 'muslim_2133', 'muslim_986', 'muslim_6933', 'muslim_5248', 'muslim_4698', 'muslim_3478', 'bukhari_2944', 'bukhari_6883', 'muslim_1527']"
C0095,"রাসূলুল্লাহ (সা.) বলেছেন, যখন হাওয়াজনের মুসলিম প্রতিনিধিদল তাঁর কাছে আসে, তখন তিনি তাদের বলেছিলেন যে, তারা যদি তাদের সম্পদ বা বন্দীদের মধ্যে থেকে একটি বেছে নিতে চায়। পরে, তিনি মুসলমানদের সামনে দাঁড়িয়ে বলেন যে, যারা তাদের বন্দীদের ফিরিয়ে দিতে চান, তারা যেন তা করেন। মুসলমানরা তখন বললেন, ""আমরা তা মেনে নিচ্ছি, হে রাসূলullah!""","['bukhari_2307', 'bukhari_2308', 'bukhari_4318', 'bukhari_4319', 'bukhari_3131']",bukhari_3322,"['bukhari_3322', 'muslim_1985', 'bukhari_4545', 'bukhari_2950', 'bukhari_4311', 'bukhari_7040', 'muslim_6746', 'bukhari_3751', 'bukhari_3266', 'muslim_3876']"
C0100,"রাসূলুল্লাহ (সাল্লাল্লাহু আলাইহি ওয়াসাল্লাম) বলেছেন, ফজরের সময় যে নামাজ পড়া হয়, তা সবচেয়ে বেশি সওয়াবের।","['muslim_6427', 'muslim_4349', 'muslim_4234', 'muslim_1040', 'muslim_4603']",muslim_495,"['muslim_495', 'muslim_575', 'muslim_3265', 'muslim_3514', 'muslim_5848', 'muslim_4845', 'bukhari_284', 'bukhari_6056', 'muslim_3509', 'muslim_5694']"
C0101,"নবী সাল্লাল্লাহু আলাইহি ওয়া সাল্লাম বলেছেন, আমাদের উচিত শুনতে এবং আনুগত্য করতে, যদিও আমাদের উপর যদি একজন আবেসিনিয়ান নেতা হয় যার মাথা যেন একটি খেজুরের মতো।","['bukhari_693', 'bukhari_7142', 'muslim_4758', 'muslim_4783', 'bukhari_696']",muslim_6746,"['muslim_6746', 'muslim_4034', 'muslim_3876', 'muslim_5964', 'muslim_1985', 'bukhari_3322', 'muslim_3671', 'muslim_3822', 'muslim_2822', 'muslim_1280']"
C0102,"রাসূলুল্লাহ (সা.) ফাতিমাকে একটি সুন্দর বিছানা, বালিশ এবং ঘাস দিয়ে তৈরি একটি গদি প্রস্তুত করেছিলেন।","['muslim_6290', 'muslim_4582', 'muslim_4642', 'muslim_5446', 'muslim_6313']",muslim_6970,"['muslim_6970', 'bukhari_241', 'bukhari_5864', 'muslim_471', 'bukhari_6791', 'muslim_6531', 'bukhari_6145', 'bukhari_158', 'muslim_495', 'muslim_7440']"
C0103,"আমার স্বামী আমাকে তালাক দিল, তাই আমি স্থানান্তরের জন্য রাসূলুল্লাহ (সা.) এর কাছে গেলাম। তিনি আমাকে বললেন, ""তুমি তোমার চাচাতো ভাই আমর ইবন উম মাকতুমের কাছে চলে যাও এবং সেখানে অবস্থান করো।"" কিন্তু عمر বললেন, ""যদি তুমি দুইজন সাক্ষী না আনো যারা বলবে তারা রাসূলুল্লাহ (সা.) থেকে এটা শুনেছে, তাহলে আমরা আল্লাহর কিতাবের কথা মানবো না।""","['muslim_3710', 'muslim_3709', 'muslim_6396', 'muslim_3704', 'muslim_3713']",muslim_483,"['muslim_483', 'bukhari_6996', 'muslim_434', 'muslim_514', 'bukhari_429', 'bukhari_5726', 'bukhari_3999', 'bukhari_5764', 'bukhari_5984', 'bukhari_297']"
C0104,"আমি শুনেছি, রাসূলুল্লাহ (সা.) বলেছেন যে, তিনি চান অন্যের কাছ থেকে কোরআন শুনতে। তাই আমি সূরা নিসা পড়তে শুরু করলাম, এবং তিনি আমার পড়া শুনে চোখের জল ফেললেন।","['muslim_1867', 'muslim_1869', 'bukhari_5055', 'bukhari_4582', 'bukhari_5049']",bukhari_6145,"['bukhari_6145', 'muslim_6970', 'muslim_3440', 'muslim_4910', 'muslim_5118', 'muslim_1113', 'muslim_7071', 'muslim_5795', 'muslim_5552', 'muslim_1849']"
C0105,"আমি শুনেছি যে, রাসূলুল্লাহ (সা.) আরাফার দিন রোজা রাখার ব্যাপারে কিছু সাহাবী সন্দেহ প্রকাশ করেছিলেন। তখন তিনি আরাফাতে ছিলেন এবং এক কাপ দুধ পান করেছিলেন।","['muslim_2635', 'muslim_2632', 'bukhari_5604', 'muslim_2636', 'muslim_944']",muslim_495,"['muslim_495', 'muslim_6970', 'bukhari_1073', 'muslim_575', 'muslim_6531', 'muslim_5979', 'muslim_3834', 'muslim_5848', 'bukhari_5257', 'bukhari_3595.2']"
C0108,"আল্লাহ আমাদের কাজের কোনো কিছুই বৃথা যেতে দেবেন না। তিনি বলেছেন, ""তুমি কি সেখানে যাওয়ার দিন তা পাবে?"" আমি বললাম, ""হ্যাঁ।""","['muslim_4833', 'muslim_4832', 'bukhari_2633', 'bukhari_6165', 'bukhari_3923']",muslim_5921,"['muslim_5921', 'muslim_5917', 'muslim_5159', 'muslim_3776', 'muslim_2559', 'muslim_3208', 'muslim_4993', 'muslim_6431', 'muslim_2751', 'muslim_5268']"
C0109,"আমি শুনেছি যে, রাসূলুল্লাহ (সা.)-এর সাথে আমরা হিজরত করেছি।","['bukhari_3913', 'bukhari_6432', 'muslim_2177', 'muslim_3743', 'muslim_5034']",muslim_6970,"['muslim_6970', 'muslim_4368', 'muslim_7071', 'muslim_6162', 'muslim_2506', 'muslim_933', 'muslim_7155', 'muslim_5919', 'muslim_6342', 'muslim_5118']"
C0110,"একজন আরব ব্যক্তি রাসূলুল্লাহকে জিজ্ঞেস করেছিল, ""ছবি কী?"" রাসূলুল্লাহ উত্তর দিয়েছিলেন, ""এটি একটি শিং, যাতে ফুঁ দেওয়া হবে।""","['muslim_6151', 'muslim_5533', 'muslim_7381', 'muslim_6405', 'muslim_5517']",bukhari_6145,"['bukhari_6145', 'muslim_4910', 'muslim_6970', 'muslim_4866', 'muslim_6635', 'bukhari_6791', 'muslim_7130', 'muslim_6996', 'muslim_5795', 'muslim_3440']"
C0111,"নবী মুহাম্মদ (সা.) বলেছেন, যখন প্রচণ্ড গরম পড়ে, তখন নামাজের জন্য অপেক্ষা করতে হবে। তিনি বলেছেন, গরমের তীব্রতা জাহান্নামের উত্তাপের মতো।","['muslim_1400', 'bukhari_535', 'bukhari_539', 'muslim_1397', 'muslim_1395']",muslim_1832,"['muslim_1832', 'muslim_3208', 'muslim_5159', 'muslim_6292', 'muslim_3776', 'muslim_913', 'muslim_3639', 'muslim_5917', 'muslim_340', 'muslim_4183']"
C0112,"নবী (সা.) বলেছেন, যখন আল্লাহর এই আয়াত নাজিল হলো, তখন মানুষের মনে কিছু প্রবেশ করলো যা আগে কখনো প্রবেশ করেনি। তিনি নির্দেশ দিলেন, ""বলুন, আমরা শুনেছি এবং মেনে নিয়েছি,"" এবং আল্লাহ তাদের অন্তরে ঈমান স্থাপন করলেন। আল্লাহ আমাদের ভুল বা ভুলে যাওয়ার জন্য দায়ী করবেন না, এবং আমাদের ওপর অতিরিক্ত বোঝা চাপাবেন না, যেমন পূর্ববর্তী জাতির ওপর চাপিয়েছিলেন।","['muslim_330', 'muslim_329', 'muslim_5315', 'muslim_6016', 'muslim_7496']",bukhari_1073,"['bukhari_1073', 'bukhari_6056', 'bukhari_5984', 'muslim_575', 'bukhari_6996', 'bukhari_6505', 'muslim_281', 'bukhari_5032.2', 'bukhari_6997', 'muslim_5848']"
C0113,"নবী মুহাম্মদ (সা.) বলেছেন, যে কেউ যদি নিজের জীবন নষ্ট করে, সে চিরকাল জাহান্নামে থাকবে। যারা আত্মহত্যা করে, তারা সেখানে তাদের পাপের শাস্তি ভোগ করবে।","['muslim_300', 'bukhari_5778', 'bukhari_1363', 'bukhari_1364', 'bukhari_6652']",muslim_3208,"['muslim_3208', 'muslim_913', 'muslim_789', 'muslim_6292', 'muslim_3776', 'muslim_3981', 'muslim_4183', 'muslim_3639', 'muslim_4940', 'muslim_3362']"
C0114,"রাসূলুল্লাহ (সা.) বলেছেন, যদি মানুষের শরীর থেকে মদী বের হয়, তাহলে তাকে ওযু করতে হবে এবং তার যৌনাঙ্গে পানি ছিটাতে হবে।","['muslim_697', 'muslim_3743', 'muslim_2318', 'muslim_6207', 'muslim_5678']",muslim_495,"['muslim_495', 'muslim_2410', 'muslim_208', 'muslim_6531', 'bukhari_5257', 'bukhari_6791', 'muslim_7440', 'muslim_4203', 'muslim_3514', 'muslim_3265']"
C0115,"নবী সাল্লাল্লাহু আলাইহি ওয়াসাল্লাম বলেছেন যে, যিনি আল্লাহর পথে চলবেন, তার জন্য আল্লাহর সাহায্য অবশ্যই আসবে।","['muslim_3392', 'muslim_7228', 'muslim_4168', 'muslim_4319', 'muslim_2170']",muslim_6162,"['muslim_6162', 'muslim_5701', 'bukhari_7435', 'muslim_6429', 'muslim_5966', 'muslim_6344', 'muslim_991', 'muslim_1866', 'bukhari_6056', 'muslim_575']"
C0117,"রাসূলুল্লাহ (সা.) ঈদের দিন খুতবায় বলেছিলেন যে, তিনি মাংসের গন্ধ পেয়েছিলেন এবং সবাইকে বলেছিলেন যে তারা যেন কোরবানি না দেয়। তিনি আরও বলেছিলেন, যারা কোরবানি দিয়েছে, তারা যেন পুনরায় কোরবানি করে।","['muslim_5081', 'muslim_5067', 'muslim_5079', 'muslim_5071', 'muslim_5069']",muslim_6970,"['muslim_6970', 'muslim_471', 'muslim_4866', 'bukhari_6791', 'muslim_6429', 'muslim_7130', 'muslim_6996', 'muslim_6194', 'muslim_3357', 'muslim_6136']"
C0119,"রাসূলুল্লাহ (সা.) বলেছেন, তিনি আমাদেরকে সতর্ক করেছেন যে, দুনিয়ার সৌন্দর্য এবং ধন-সম্পদ আমাদের জন্য বিপদ ডেকে আনতে পারে। তিনি উল্লেখ করেছেন যে, যারা অন্যায়ভাবে সম্পদ গ্রহণ করে, তারা যেন মনে না করে যে, তা তাদের জন্য কল্যাণ বয়ে আনবে; বরং তাদের জন্য তা কষ্টের কারণ হবে।","['muslim_2423', 'muslim_2422', 'bukhari_1465', 'muslim_2421', 'bukhari_2842']",muslim_789,"['muslim_789', 'muslim_6342', 'muslim_6433', 'muslim_933', 'muslim_6669', 'muslim_997', 'muslim_1889', 'muslim_5919', 'muslim_2506', 'muslim_4866']"
C0120,"রাসূলুল্লাহ (সা.) বলেছেন যে, মুসলমানের মতো একটি গাছের কথা বলুন, যার পাতা কখনো ঝরে না। আমি মনে করি, এটি খেজুর গাছ হতে পারে। আবু বকর ও عمر (রা.) তখন চুপ ছিলেন, তাই আমি কিছু বলতে সাহস পাইনি। عمر (রা.) পরে বললেন, তুমি যদি এটি বলতে, তাহলে আমার কাছে এটি আরও প্রিয় হত।","['muslim_7102', 'bukhari_4698', 'bukhari_6144', 'muslim_7098', 'bukhari_131']",bukhari_4545,"['bukhari_4545', 'muslim_1985', 'bukhari_3322', 'muslim_434', 'muslim_6746', 'muslim_3671', 'muslim_483', 'bukhari_4923', 'muslim_3834', 'bukhari_254']"
C0122,"রাসূলুল্লাহ (সা.) বলেছেন, যে সময়ের মানুষদের মধ্যে কিছু লোক তাদের চুল বাঁধতো এবং কিছু লোক চুল ছড়িয়ে রাখতো। তিনি বলেন, তিনি আহলে কিতাবের অনুরূপ হতে পছন্দ করতেন, তাই তিনি প্রথমে চুল বাঁধলেন এবং পরে ছড়িয়ে দিলেন।","['muslim_6062', 'bukhari_5917', 'bukhari_3558', 'bukhari_3944', 'muslim_4603']",bukhari_6791,"['bukhari_6791', 'muslim_6970', 'muslim_6531', 'muslim_471', 'bukhari_158', 'bukhari_6505', 'muslim_4203', 'muslim_208', 'muslim_4866', 'muslim_6136']"
C0126,"নবী (সা.) বলেছেন, আল্লাহ কুরআনকে তিনটি অংশে ভাগ করেছেন এবং 'কুল হুয়াল্লাহু আহাদ' কুরআনের একটি অংশ।","['muslim_1887', 'muslim_1886', 'muslim_1888', 'muslim_1889', 'bukhari_3945']",bukhari_3994,"['bukhari_3994', 'muslim_3208', 'muslim_3639', 'muslim_2140', 'muslim_4850', 'muslim_1832', 'muslim_789', 'bukhari_1935', 'bukhari_3689', 'muslim_2752']"
C0128,"নবীজি (সাল্লাল্লাহু আলাইহি ওয়া সাল্লাম) বলেছেন, ফজরের নামাজের পর সূর্য ওঠা পর্যন্ত এবং আসরের নামাজের পর সূর্য ডুবা পর্যন্ত নামাজ পড়া নিষেধ। তিনি এক কাপড়ে বসে থাকা এবং কিছু বিশেষ ধরনের ব্যবসা করতেও নিষেধ করেছেন।","['bukhari_584', 'muslim_1921', 'bukhari_588', 'bukhari_6284', 'muslim_1374']",muslim_6970,"['muslim_6970', 'bukhari_241', 'muslim_2043', 'muslim_471', 'bukhari_158', 'muslim_6531', 'bukhari_6505', 'bukhari_4473', 'bukhari_6791', 'bukhari_6145']"
C0129,"নবী (সা.) বলেছেন, যদি তোমরা জানতেও আমি কি জানি, তাহলে তোমরা একটু হাসতে এবং অনেক কাঁদতে।","['bukhari_6486', 'bukhari_6485', 'bukhari_5221', 'muslim_6119', 'bukhari_4621']",bukhari_6791,"['bukhari_6791', 'muslim_6162', 'muslim_495', 'muslim_208', 'muslim_5428', 'muslim_2129', 'muslim_6970', 'bukhari_6145', 'muslim_6429', 'muslim_6595']"
C0130,"সুলাইমান বলেছেন, তিনি একটি পানির পাত্র থেকে অল্প পানি নিয়ে ভালোভাবে ওযু করেছেন এবং পানি নষ্ট করেননি। এরপর তিনি আমাকে ডাকলেন এবং আমি উঠলাম।","['muslim_1790', 'muslim_7374', 'muslim_596', 'muslim_3767', 'muslim_3328']",muslim_6970,"['muslim_6970', 'bukhari_5084', 'bukhari_2944', 'bukhari_5475', 'bukhari_1073', 'bukhari_7386', 'bukhari_6145', 'muslim_6635', 'muslim_6342', 'muslim_6012']"
C0131,"আমি শুনেছি যে একজন আলেম বলেছেন, একজন মানুষকে কুরআন থেকে তিনটি আয়াতের কম পড়া উচিত নয়।","['bukhari_5051', 'muslim_1872', 'muslim_1883', 'muslim_1258', 'bukhari_1484']",muslim_4034,"['muslim_4034', 'muslim_6746', 'bukhari_4545', 'bukhari_5840', 'muslim_1985', 'bukhari_2950', 'bukhari_3322', 'muslim_2086', 'muslim_3671', 'bukhari_1534']"
C0136,"আমি শুনেছি যে, আল-আসওয়াদ আল-দাইলি বলেছেন, তিনি উমর বিন খাত্তাবের কাছে গিয়েছিলেন এবং উমর একটি জানাজার সামনে দাঁড়িয়ে মৃত ব্যক্তির জন্য ভালো কথা বলার পর বলেছেন, ""ওটা নিশ্চিত।"" এরপর তিনি আরেকটি জানাজার সামনে দাঁড়িয়ে একইভাবে বলার পর আবারও বলেছেন, ""ওটা নিশ্চিত।"" যখন তিনি তৃতীয় জানাজার সামনে দাঁড়িয়ে খারাপ কথা শুনলেন, তখনও উমর বললেন, ""ওটা নিশ্চিত।"" উমর বলেছেন যে, রাসূলুল্লাহ (সা.) বলেছেন, যে কোনো মুসলিম যদি চারজন মানুষ তার জন্য ভালো কথা বলে, তাহলে আল্লাহ তাকে জান্নাতে প্রবেশ করাবেন।","['bukhari_1368', 'muslim_2200', 'bukhari_2643', 'bukhari_2642', 'bukhari_1367']",muslim_1985,"['muslim_1985', 'bukhari_5396', 'bukhari_3322', 'bukhari_1923', 'muslim_2822', 'bukhari_415', 'bukhari_4545', 'bukhari_3751', 'muslim_2994', 'bukhari_3999']"
C0138,"আমি শুনেছি যে, রাসূলুল্লাহ (সা.) বলেছিলেন, আমাদের কাছে একটি অনাথের জন্য মদ ছিল। যখন আয়াত নাজিল হলো, তখন আমি তাঁর কাছে জিজ্ঞেস করলাম, তিনি বললেন, সেটা ঢেলে দাও।","['muslim_2570', 'muslim_1615', 'muslim_4669', 'muslim_2857', 'muslim_1007']",muslim_6970,"['muslim_6970', 'muslim_495', 'muslim_6162', 'bukhari_1073', 'muslim_5848', 'bukhari_6791', 'muslim_5796', 'muslim_575', 'muslim_208', 'bukhari_5984']"
C0142,"নবী মুহাম্মদ (সাঃ) বলেছেন, যে কেউ রূপার পাত্রে পানি পান করে, সে আসলে নিজের পেটে জাহান্নামের আগুন টেনে আনে।","['muslim_5385', 'bukhari_5634', 'muslim_5387', 'muslim_6290', 'muslim_5323']",muslim_6970,"['muslim_6970', 'muslim_3731', 'muslim_2762', 'bukhari_241', 'bukhari_1073', 'muslim_5118', 'muslim_5796', 'muslim_4866', 'muslim_1148', 'muslim_1849']"
C0145,"আমি শুনেছি যে, রাসূলুল্লাহ (সা.) বলেছেন যে, খেজুরের ফলের মূল্য অনুযায়ী আড়ি বিক্রি করার অনুমতি রয়েছে।","['muslim_3883', 'muslim_3888', 'muslim_3887', 'muslim_3880', 'muslim_3879']",muslim_495,"['muslim_495', 'muslim_6746', 'muslim_3834', 'muslim_3671', 'bukhari_4545', 'muslim_5964', 'muslim_1279', 'muslim_1985', 'bukhari_518', 'muslim_4034']"
C0146,"হযরত হুযায়ফা (রা) বলেছেন, নবী (সা) বলেছেন যে, দ্বিমুখী লোকেরা সবচেয়ে খারাপ মানুষ। তারা একদলকে একভাবে এবং অন্যদলকে আরেকভাবে মুখ দেখায়।","['muslim_6630', 'muslim_6631', 'muslim_6632', 'bukhari_7179', 'muslim_6454']",muslim_5312,"['muslim_5312', 'muslim_4187', 'muslim_4177', 'muslim_3557', 'bukhari_2678', 'muslim_2658', 'bukhari_202', 'muslim_5770', 'bukhari_2362', 'bukhari_5777']"
C0150,নবী মুহাম্মদ সাল্লাল্লাহু আলাইহি ওয়াসাল্লামের জুতোতে দুটি মুখ ছিল।,"['muslim_944', 'muslim_5312', 'bukhari_5857', 'muslim_6224', 'muslim_3508']",muslim_495,"['muslim_495', 'muslim_2062', 'muslim_6970', 'muslim_4406', 'muslim_6531', 'muslim_2207', 'bukhari_2614', 'muslim_471', 'muslim_1477', 'muslim_5488']"
C0151,"নবী মুহাম্মদ (সা.) বলেছেন, পাঁচটি উট, পাঁচটি ওজন বা পাঁচটি মাপের কম কিছুতেই দান করা নেই।","['muslim_2266', 'muslim_2263', 'bukhari_1459', 'muslim_2268', 'muslim_2271']",muslim_6746,"['muslim_6746', 'muslim_495', 'muslim_1985', 'bukhari_3322', 'muslim_5964', 'muslim_3834', 'bukhari_518', 'muslim_3671', 'bukhari_4545', 'bukhari_284']"
C0154,"নবী (সাল্লাল্লাহু আলাইহি ওয়া সাল্লাম) বলেছেন, একজনের জন্য ভালো হলো যে সে তার দড়ি নিয়ে পাহাড়ে যায়, কাঠ সংগ্রহ করে বিক্রি করে খায় এবং দান করে; এটা মানুষের কাছে হাত পাতার চেয়ে অনেক ভালো।","['bukhari_1480', 'muslim_2400', 'bukhari_2075', 'bukhari_2373', 'bukhari_1470']",muslim_1985,"['muslim_1985', 'muslim_6746', 'bukhari_297', 'bukhari_1923', 'muslim_483', 'bukhari_5510', 'muslim_3671', 'bukhari_3322', 'muslim_3822', 'muslim_5964']"
C0155,"আয়েশা বলেছেন, তিনি আনসারদের কাছ থেকে বারিরা নামের এক নারীকে কিনেছিলেন এবং তারা শর্ত রেখেছিল যে, বারিরা তাদের প্রতি আনুগত্য করবে। রাসূলুল্লাহ (সা.) বলেছেন, আনুগত্য সেই ব্যক্তির জন্য, যিনি দান করেছেন।","['muslim_3782', 'muslim_3783', 'muslim_3786', 'muslim_3781', 'muslim_3777']",muslim_6987,"['muslim_6987', 'muslim_4034', 'muslim_450', 'muslim_5964', 'muslim_6746', 'muslim_3876', 'muslim_1985', 'muslim_495', 'muslim_3671', 'muslim_1280']"
C0156,"রাসূলুল্লাহ (সা.) খন্দকের দিকে বের হলেন এবং দেখলেন মুহাজির ও আনসাররা একটি ঠান্ডা সকালে খনন করছে। তাদের কাছে কাজ করার জন্য কোন দাস ছিল না, তাই তিনি আল্লাহর কাছে প্রার্থনা করলেন, ""হে আল্লাহ, আখিরাতের জীবনই প্রকৃত জীবন, আনসার ও মুহাজিরদের ক্ষমা করুন।"" তারা বললেন, ""আমরা সেই লোক যারা মুহাম্মদ (সা.)-এর সাথে জিহাদের জন্য বাইআত করেছি, যতদিন বেঁচে থাকব।""","['bukhari_4099', 'bukhari_2834', 'muslim_4676', 'bukhari_7201', 'bukhari_2835']",bukhari_6996,"['bukhari_6996', 'muslim_1985', 'bukhari_1923', 'muslim_3811', 'bukhari_297', 'muslim_483', 'bukhari_3122', 'muslim_3834', 'bukhari_3999', 'muslim_1279']"
C0161,"নবী মুহাম্মদ (সা.) আবু তালহাকে বলেছিলেন যে, তাকে একজন যুবক খিদমতকারী খুঁজে দিতে। এরপর আবু তালহা তাকে নিয়ে খাইবারে গিয়েছিলেন, যেখানে নবী (সা.) صفিয়া নামের এক মহিলাকে বেছে নেন এবং তার সাথে বিয়ে করেন। নবী (সা.) শহরে ফিরে আসার সময় صفিয়াকে তার পেছনে বোরকার মধ্যে নিয়ে বসিয়ে রাখেন।","['bukhari_2893', 'bukhari_2235', 'muslim_3321', 'bukhari_4211', 'bukhari_5425']",bukhari_6505,"['bukhari_6505', 'bukhari_5984', 'bukhari_5032.2', 'bukhari_4805', 'bukhari_5406', 'bukhari_6798', 'bukhari_1073', 'bukhari_255', 'bukhari_1162', 'bukhari_2526']"
C0162,"আল্লাহ বলেছেন, আমরা জুমার রাতে মসজিদে ছিলাম, তখন একজন বললেন, যদি কেউ তার স্ত্রীর সঙ্গে অন্য একজন পুরুষকে দেখে এবং তাকে হত্যা করে, তাহলে কি আপনাদের মধ্যে কেউ তাকে হত্যা করবে? আর যদি সে কথা বলে, তাহলে তাকে শাস্তি দেওয়া হবে। আল্লাহ বললেন, আমি এই ঘটনা নবী মুহাম্মদ (সা.)-কে জানাব। এরপর নবী (সা.) তাদের মধ্যে লাআন করার নির্দেশ দিলেন এবং একসময় সেই ব্যক্তি এসে তার স্ত্রীর বিরুদ্ধে অভিযোগ করলেন। নবী (সা.) বললেন, আশা করি তার সন্তান হবে কালো চুলের। পরে সত্যিই তার সন্তান কালো চুলের হল।","['muslim_3755', 'muslim_3758', 'muslim_3743', 'muslim_3745', 'muslim_4604']",bukhari_1923,"['bukhari_1923', 'bukhari_415', 'muslim_1985', 'bukhari_3999', 'bukhari_1069', 'bukhari_297', 'bukhari_3122', 'bukhari_5037', 'muslim_1734', 'muslim_1147']"
C0163,"নবী (সাল্লাল্লাহু আলাইহি ওয়াসাল্লাম) বলেছেন, যদি তুমি শুক্রবারের খুতবার সময় তোমার বন্ধুকে চুপ থাকতে বলো, তাহলে তুমি ব্যর্থ হয়েছ। আবু হুরাইরা (রাঃ) এর ভাষায় এটি বোঝানো হয়েছে।","['muslim_1968', 'muslim_1965', 'bukhari_934', 'muslim_2024', 'muslim_1988']",bukhari_6505,"['bukhari_6505', 'bukhari_4805', 'bukhari_1162', 'bukhari_6791', 'bukhari_5984', 'bukhari_6145', 'bukhari_158', 'muslim_764', 'bukhari_6056', 'bukhari_5032.2']"
C0165,"একজন ব্যক্তি নবী সাল্লাল্লাহু আলাইহি ওয়া সাল্লামের কাছে এসে বললেন যে, তিনি একটি বিশেষ ঘটনা উল্লেখ করেছেন এবং নবী তা নিশ্চিত করে বলেন যে, তিনি সত্যিই জানেন।","['muslim_6502', 'muslim_3401', 'muslim_7005', 'muslim_7047', 'muslim_7026']",muslim_495,"['muslim_495', 'bukhari_5984', 'bukhari_1162', 'bukhari_6996', 'bukhari_5257', 'muslim_434', 'muslim_483', 'bukhari_6056', 'bukhari_444', 'bukhari_6092']"
C0166,"রাসূলুল্লাহ (সাল্লাল্লাহু আলাইহি ওয়া সাল্লাম) এর সময়ে নারীরা যখন ফরজ নামাজ শেষ করতেন, তখন তারা উঠে দাঁড়াতেন এবং রাসূলুল্লাহ (সাল্লাল্লাহু আলাইহি ওয়া সাল্লাম) এবং অন্যান্য পুরুষরা যত ইচ্ছা নামাজ পড়তেন। যখন রাসূল (সাল্লাল্লাহু আলাইহি ওয়া সাল্লাম) দাঁড়াতেন, তখন পুরুষরা ও উঠে দাঁড়াতেন।","['bukhari_866', 'muslim_4411', 'muslim_6202', 'muslim_3652', 'muslim_1047']",bukhari_1162,"['bukhari_1162', 'bukhari_3307', 'bukhari_6056', 'muslim_4845', 'bukhari_158', 'bukhari_6505', 'bukhari_717', 'bukhari_5522', 'muslim_5866', 'bukhari_1826']"
C0173,"নবী সাল্লাল্লাহু আলাইহি ওয়াসাল্লাম বলেছেন, ফজরের আগে ওয়িত্র নামাজ পড়া উচিত।","['muslim_1764', 'muslim_1377', 'muslim_1436', 'muslim_3116', 'muslim_3129']",muslim_6970,"['muslim_6970', 'muslim_5428', 'muslim_6429', 'muslim_495', 'muslim_208', 'muslim_6162', 'muslim_4866', 'muslim_471', 'muslim_3576', 'muslim_6136']"
C0175,"রাসূলুল্লাহ (সা.) বলেছেন, জাহান্নাম ও জান্নাত নিজেদের মধ্যে বিতর্ক করেছিল, এবং তিনি উল্লেখ করেছেন যে, উভয়ের জন্য স্থান পূর্ণ থাকবে।","['muslim_7176', 'muslim_7182', 'muslim_7174', 'muslim_1543', 'muslim_5949']",muslim_495,"['muslim_495', 'muslim_2410', 'muslim_208', 'muslim_6531', 'muslim_3514', 'muslim_3265', 'muslim_471', 'muslim_7440', 'bukhari_5257', 'muslim_4845']"
C0177,"আমার হজরত মুহাম্মদ (সা.) বলেছেন, উম্মে হাবিবা সাত বছর ধরে রক্তপাতের শিকার ছিলেন। তিনি যখন এই বিষয়ে প্রশ্ন করেছিলেন, তখন তিনি নির্দেশ দেন যে, উম্মে হাবিবা প্রতিটি নামাজের জন্য গোসল করবেন।","['bukhari_327', 'muslim_756', 'muslim_755', 'muslim_760', 'muslim_757']",muslim_6970,"['muslim_6970', 'bukhari_1073', 'muslim_3731', 'bukhari_4473', 'muslim_471', 'muslim_6653', 'bukhari_6505', 'muslim_6139', 'bukhari_158', 'bukhari_241']"
C0178,"নবী সাল্লাল্লাহু আলাইহি ওয়াসাল্লাম তাঁর মায়ের কবর পরিদর্শন করতে গিয়েছিলেন এবং সেখানে কাঁদতে কাঁদতে বলেছিলেন যে, তিনি আল্লাহর কাছে তাঁর মায়ের জন্য ক্ষমা প্রার্থনা করতে অনুমতি চেয়েছিলেন, কিন্তু অনুমতি পাননি। এরপর তিনি আল্লাহর কাছে কবর পরিদর্শনের অনুমতি চেয়েছিলেন এবং অনুমতি পেয়েছিলেন। তিনি বলেন, কবরগুলো পরিদর্শন করুন, কারণ এগুলো মৃত্যুর স্মরণ করিয়ে দেয়।","['muslim_2259', 'muslim_2258', 'muslim_5628', 'muslim_6210', 'muslim_6290']",muslim_6746,"['muslim_6746', 'muslim_3822', 'muslim_3876', 'muslim_1985', 'bukhari_297', 'bukhari_430', 'bukhari_643', 'bukhari_1923', 'muslim_4406', 'bukhari_921']"
C0183,"নবীজি বলেছেন, তাঁর জীবনের শেষের দিকে এক রাতে তিনি আমাদের সাথে ইশা নামাজ পড়েছেন। এরপর তিনি বলেছিলেন, একশো বছরের মধ্যে পৃথিবীতে কেউ থাকবে না।","['muslim_6479', 'bukhari_601', 'bukhari_116', 'bukhari_564', 'muslim_1451']",bukhari_2944,"['bukhari_2944', 'muslim_6970', 'bukhari_5084', 'muslim_5274', 'muslim_1740', 'bukhari_1073', 'muslim_6139', 'bukhari_7386', 'muslim_6342', 'bukhari_6145']"
C0186,"নবী মুহাম্মদ (সা.) এর স্ত্রীগণ রাতে বাইরে বের হতেন যখন তারা প্রয়োজনীয়তা মেটাতেন। عمر (রা.) নবীকে বলেছিলেন তাদের হিজাব পরার জন্য, কিন্তু নবী তা করেননি। পরে, সউদা বিনতে জামআ (রা.) এক রাতে বের হলে عمر (রা.) তাকে চিনে ফেলেন, এরপর আল্লাহ হিজাবের আয়াত নাজিল করেন।","['muslim_5671', 'bukhari_146', 'bukhari_6240', 'muslim_3629', 'muslim_6202']",bukhari_6505,"['bukhari_6505', 'bukhari_4805', 'bukhari_6791', 'bukhari_5032.2', 'bukhari_241', 'bukhari_6145', 'bukhari_158', 'bukhari_1162', 'muslim_496', 'bukhari_3359']"
C0187,"রাসূলুল্লাহ (সা.) রাতে এক ব্যক্তিকে একটি সূরা পড়তে শুনলেন এবং বললেন, ""আল্লাহ তাকে রহমত করুন, তিনি আমাকে একটি আয়াত মনে করিয়ে দিলেন যা আমি ভুলে গিয়েছিলাম।""","['bukhari_5038', 'muslim_1837', 'bukhari_5037', 'bukhari_5042', 'bukhari_6335']",bukhari_6505,"['bukhari_6505', 'bukhari_6791', 'bukhari_5984', 'muslim_281', 'bukhari_6056', 'muslim_495', 'muslim_575', 'muslim_6970', 'muslim_2410', 'bukhari_1073']"
C0188,"নবী মুহাম্মদ (সা.) বলেছেন, ""আমাদের সাথে শপথ করো।""","['bukhari_3999', 'muslim_3743', 'muslim_4669', 'muslim_944', 'muslim_4234']",muslim_5917,"['muslim_5917', 'muslim_5159', 'muslim_3208', 'muslim_3776', 'muslim_1832', 'bukhari_3994', 'muslim_6431', 'muslim_340', 'muslim_3241', 'muslim_3639']"
C0190,"একজন ব্যক্তি নবী (সা.)-কে বললেন যে, তিনি পাথর নিক্ষেপ করার আগে ভ্রমণ করেছেন। নবী (সা.) বললেন, ""কোনো সমস্যা নেই।"" আরেকজন বললেন যে, তিনি কোরবানি দেওয়ার আগে মাথা মুণ্ডন করেছেন। নবী (সা.) আবার বললেন, ""কোনো সমস্যা নেই।"" তৃতীয় একজন বললেন যে, তিনি পাথর নিক্ষেপ করার আগে কোরবানি দিয়েছেন। নবী (সা.) তখনও বললেন, ""কোনো সমস্যা নেই।""","['bukhari_6666', 'muslim_3163', 'muslim_3161', 'bukhari_1722', 'muslim_3156']",bukhari_1073,"['bukhari_1073', 'bukhari_6997', 'bukhari_6145', 'bukhari_5984', 'bukhari_4805', 'bukhari_5032.2', 'bukhari_6505', 'muslim_764', 'bukhari_6056', 'bukhari_1162']"
C0191,"আমরা জানি যে, মক্কায় নামাজ ফরজ করা হয়েছে এবং দুইজন ফেরেশতা রাসূলুল্লাহ (সা.)-কে জমজমের কাছে নিয়ে গিয়ে তাঁর পেট চিরে সেখানে থেকে তাঁর অন্তর বের করে সোনার পাত্রে ধোয়া হয়। এরপর তাঁকে জ্ঞান ও হিকমত দিয়ে পূর্ণ করা হয়।","['muslim_413', 'muslim_412', 'muslim_417', 'bukhari_1636', 'bukhari_3261']",muslim_495,"['muslim_495', 'muslim_6531', 'muslim_3834', 'muslim_4249', 'muslim_6652', 'muslim_7442', 'bukhari_4751', 'muslim_450', 'muslim_3265', 'muslim_5979']"
C0192,"রাসূলুল্লাহ (সাল্লাল্লাহু আলাইহি ওয়া সাল্লাম) বলেছেন যে, তিনি একটি সফরের সময় নির্দেশ দিয়েছিলেন যে, যেকোনো উটের গলায় যদি কোনো দড়ি বা মালা থাকে, তবে তা কেটে ফেলতে হবে।","['muslim_5549', 'bukhari_3005', 'muslim_936', 'muslim_7356', 'muslim_7502']",muslim_6746,"['muslim_6746', 'bukhari_3322', 'muslim_1985', 'muslim_3876', 'muslim_5964', 'muslim_3822', 'muslim_3671', 'muslim_4034', 'bukhari_5704', 'muslim_3811']"
C0194,"আমি শুনেছি, রাসূলুল্লাহ (সা.) বলেছেন যে, আল্লাহর পক্ষ থেকে তাঁর কাছে একজন এসেছিলেন এবং তিনি বলেছেন যে, এই বরকতময় উপত্যকায় নামাজ পড়ো এবং হজের সাথে উমরার কথা বলো।","['bukhari_7343', 'bukhari_2337', 'bukhari_1534', 'muslim_5950', 'muslim_3286']",bukhari_4545,"['bukhari_4545', 'bukhari_3322', 'muslim_1985', 'muslim_6746', 'muslim_434', 'muslim_483', 'muslim_495', 'muslim_3671', 'bukhari_5681', 'bukhari_4923']"
C0195,"নবী (সা.) বলেছেন, ""বিলালের আজান আপনার সেহরির জন্য বাধা হতে পারে না। তিনি রাতে আজান দেন, যাতে যারা জেগে আছেন তারা ফিরে আসেন এবং যারা ঘুমাচ্ছেন তারা জেগে ওঠেন।""","['bukhari_621', 'muslim_2541', 'bukhari_7247', 'bukhari_5298', 'muslim_2543']",bukhari_6145,"['bukhari_6145', 'muslim_997', 'muslim_933', 'muslim_6996', 'muslim_5118', 'muslim_789', 'muslim_1849', 'muslim_2506', 'muslim_1148', 'bukhari_3994']"
C0196,"রাসূলুল্লাহ (সা.) মিনা'তে দুই রাকাত নামাজ পড়েছিলেন এবং আবু বকর, عمر এবং عثمانও নামাজ পড়েছিলেন। عثمان চার রাকাত নামাজ পড়ার পর, ইবন উমর যখন ইমামের সঙ্গে নামাজ পড়তেন, তখন তিনি চার রাকাত পড়তেন এবং একা পড়লে দুই রাকাত পড়তেন।","['muslim_1592', 'muslim_1590', 'bukhari_1655', 'muslim_1594', 'muslim_1596']",bukhari_4029,"['bukhari_4029', 'bukhari_5681', 'bukhari_4923', 'bukhari_3638', 'bukhari_6459', 'bukhari_7395', 'muslim_483', 'bukhari_3870', 'bukhari_6989', 'bukhari_5838']"
C0197,"নবী সাল্লাল্লাহু আলাইহি ওয়া সাল্লাম বলেছেন, নামাজের সময় হাত দিয়ে মাটির উপর কিছু না মুছা উচিত। যদি খুবই প্রয়োজন হয়, তবে একবারই মাটির কাঁকরগুলো সমান করা উচিত।","['muslim_1219', 'bukhari_1207', 'muslim_1220', 'bukhari_5671', 'muslim_6814']",muslim_2043,"['muslim_2043', 'muslim_4866', 'muslim_6970', 'muslim_4290', 'muslim_3645', 'muslim_3357', 'muslim_6521', 'muslim_6194', 'muslim_6794', 'muslim_3576']"
C0203,"একজন ব্যক্তি নবী (সা.)-এর কাছে এসে জিজ্ঞেস করেছিল, ""কোন মানুষটি সেরা?"" নবী (সা.) উত্তর দিয়েছিলেন, ""যে ব্যক্তি আল্লাহর পথে তার সম্পদ ও আত্মা নিয়ে জিহাদ করে, সে সেরা।"" এরপর তিনি বললেন, ""তারপর কে?"" নবী (সা.) বললেন, ""একজন মুমিন, যে পাহাড়ের একটি গুহায় আল্লাহর ইবাদত করে এবং মানুষের ক্ষতি থেকে দূরে থাকে।""","['muslim_4886', 'muslim_4887', 'bukhari_2786', 'bukhari_6494', 'muslim_4880']",bukhari_5984,"['bukhari_5984', 'bukhari_5032.2', 'bukhari_6056', 'bukhari_6505', 'muslim_281', 'bukhari_6997', 'bukhari_4805', 'bukhari_1162', 'bukhari_6996', 'bukhari_429']"
C0206,"রাসূলুল্লাহ (সা.) যখন সূর্যগ্রহণ হয়েছিল, তখন তিনি সবাইকে একত্রিত হয়ে নামাজ পড়ার জন্য ডাকলেন। তিনি দুই রাকাত নামাজ পড়লেন, এবং আয়েশা (রা.) বললেন, তিনি এর আগে কখনো এত দীর্ঘ রাকাত এবং সিজদা করেননি।","['muslim_2113', 'bukhari_1051', 'muslim_2098', 'muslim_2109', 'muslim_2091']",bukhari_6791,"['bukhari_6791', 'muslim_495', 'muslim_2410', 'muslim_6531', 'muslim_3514', 'bukhari_5257', 'muslim_7440', 'bukhari_6505', 'bukhari_4923', 'bukhari_158']"
C0208,"নবীজি (সাল্লাল্লাহু আলাইহি ওয়া সাল্লাম) মসজিদের দেয়ালে একটুকরো থুথু দেখেছিলেন। তিনি একটি পাথর নিয়ে সেটি মুছে দিয়ে বলেছিলেন, কেউ যদি থুথু ফেলেন, তাহলে যেন তিনি নিজের সামনে বা ডান দিকে না ফেলেন, বরং বাম দিকে বা বাম পায়ের নিচে ফেলেন।","['bukhari_408', 'bukhari_409', 'bukhari_410', 'bukhari_411', 'muslim_1225']",muslim_495,"['muslim_495', 'bukhari_6505', 'muslim_6531', 'bukhari_5406', 'muslim_6970', 'bukhari_6900', 'bukhari_1073', 'muslim_4203', 'bukhari_6798', 'bukhari_1162']"
C0209,"রাসূলুল্লাহ (সা.) বলেছেন যে, একজন মহিলা যিনি গর্ভে একটি মৃত সন্তান জন্ম দিয়েছিলেন, তার সম্পত্তি তার সন্তান ও স্বামীর জন্য হবে এবং তার ক্ষতিপূরণ তার আত্মীয়দের দিতে হবে।","['muslim_4390', 'bukhari_6740', 'bukhari_6909', 'muslim_1397', 'muslim_5650']",muslim_495,"['muslim_495', 'muslim_6531', 'muslim_2410', 'bukhari_5257', 'muslim_3834', 'muslim_3265', 'muslim_3514', 'muslim_7440', 'bukhari_6791', 'muslim_4203']"
C0214,"নবী সাল্লাল্লাহু আলাইহি ওয়া সাল্লাম বলেছেন, যে ব্যক্তি অন্যদের উপর কর্তৃত্ব প্রতিষ্ঠা করে তাদের অনুমতি ছাড়া, তার উপর আল্লাহ, ফেরেশতা এবং সমস্ত মানুষের অভিশাপ। কিয়ামতের দিন তার কোন ন্যায় বা দান গ্রহণ করা হবে না।","['muslim_3793', 'muslim_3792', 'muslim_3791', 'muslim_3794', 'muslim_3327']",muslim_789,"['muslim_789', 'muslim_7257', 'muslim_4009', 'muslim_7115', 'muslim_6661', 'muslim_933', 'muslim_2853', 'muslim_997', 'muslim_6463', 'muslim_7071']"
C0215,"আমি শুনেছি যে, রাসূলুল্লাহ (সা.) একটি বিশেষ কাপড়ে নামাজ পড়ছিলেন এবং নামাজের সময় কাপড়ের নকশা তাকে বিভ্রান্ত করেছিল। তাই তিনি সেই কাপড়টি আবু জাহমের কাছে পাঠাতে বলেছিলেন।","['bukhari_5817', 'muslim_1239', 'bukhari_373', 'muslim_1238', 'bukhari_752']",muslim_3834,"['muslim_3834', 'muslim_495', 'muslim_3265', 'muslim_3509', 'muslim_4406', 'muslim_3811', 'bukhari_1073', 'muslim_5979', 'muslim_2207', 'bukhari_448']"
C0216,"আম হরম, আনসের খালা, বলেছেন যে একদিন নবী (সা.) আমাদের কাছে এসেছিলেন এবং হাসছিলেন। তিনি বললেন, আমি আমার উম্মতের কিছু লোককে দেখেছি যারা সমুদ্রের ওপর রাজাদের মতো সওয়ার হচ্ছে। আমি তার কাছে প্রার্থনা করেছিলাম যেন আমাকে তাদের মধ্যে অন্তর্ভুক্ত করেন, এবং তিনি বলেছিলেন, তুমি তাদের মধ্যে। পরে, তিনি আবার হাসতে হাসতে জেগে উঠলেন এবং একই কথা বললেন।","['muslim_4935', 'muslim_4934', 'bukhari_2894', 'bukhari_2895', 'bukhari_7001']",muslim_483,"['muslim_483', 'muslim_495', 'muslim_514', 'bukhari_297', 'muslim_434', 'bukhari_5257', 'muslim_3834', 'bukhari_643', 'bukhari_4923', 'bukhari_4545']"
C0217,"রাসূলুল্লাহ (সাল্লাল্লাহু আলাইহি ওয়া সাল্লাম) বলেছেন, যখন কেউ প্রস্রাব করে, তখন তাকে তার ডান হাত দিয়ে নিজের লিঙ্গ স্পর্শ করা উচিত নয় এবং ডান হাত দিয়ে পবিত্রতা অর্জন করা উচিত নয়।","['muslim_614', 'bukhari_154', 'bukhari_153', 'muslim_613', 'bukhari_5630']",bukhari_5257,"['bukhari_5257', 'muslim_495', 'bukhari_284', 'muslim_483', 'muslim_3509', 'bukhari_921', 'bukhari_6996', 'bukhari_717', 'bukhari_297', 'muslim_434']"
C0218,"একজন কালো মহিলা এসে দাবি করেছেন যে, তিনি নবীকে দুধ পান করিয়েছেন। নবী এই কথা শুনে মুখ ফিরিয়ে নিয়ে হাসলেন।","['bukhari_2052', 'bukhari_5104', 'bukhari_2659', 'muslim_6290', 'bukhari_2640']",muslim_5921,"['muslim_5921', 'muslim_5159', 'muslim_5917', 'muslim_3208', 'muslim_2751', 'muslim_6012', 'muslim_6292', 'muslim_1832', 'bukhari_3994', 'muslim_6431']"
C0221,"রাসুলুল্লাহ (সা.) বলেছেন, যদি হিজরত না করতাম, তবে আমি আনসারদের একজন হতাম। তিনি আরও বলেছেন, যদি মানুষ একটি উপত্যকা দিয়ে চলে, আর আনসাররা অন্য একটি উপত্যকা দিয়ে চলে, তবে আমি আনসারদের উপত্যকাই বেছে নিতাম।","['bukhari_7244', 'muslim_2440', 'bukhari_7245', 'muslim_2446', 'muslim_2439']",bukhari_3307,"['bukhari_3307', 'bukhari_6791', 'bukhari_6505', 'muslim_575', 'bukhari_1162', 'muslim_6531', 'bukhari_6056', 'muslim_5796', 'muslim_471', 'muslim_4845']"
C0224,"রাসূলুল্লাহ (সা.) বলেছেন, একজন মানুষের গঠন তার মায়ের পেটে প্রথম ৪০ দিন ঘটে, এরপর ৪০ দিন আলাকাহ এবং তারপর ৪০ দিন মাংসের টুকরা হিসেবে থাকে। এরপর আল্লাহ একজন ফেরেশতাকে পাঠান, যাকে চারটি বিষয় লিখতে বলা হয়: তার কাজ, রিজিক, আয়ু এবং সে সুখী হবে নাকি দুঃখী। তারপর তাতে রুহ ফুঁক দেওয়া হয়।","['muslim_6723', 'bukhari_3208', 'bukhari_3332', 'bukhari_6594', 'bukhari_7454']",muslim_495,"['muslim_495', 'muslim_6531', 'bukhari_6791', 'muslim_2410', 'bukhari_5257', 'bukhari_5769', 'bukhari_284', 'bukhari_5445', 'muslim_208', 'bukhari_6056']"
C0225,"একজন মহিলা বলেছেন, তাদের মধ্যে কেউ যদি এমন অবস্থায় থাকে যেখানে তারা রক্তপাতের সম্মুখীন হয়, তবে তারা তার উপর নিজের ল saliva ব্যবহার করতে পারে।","['bukhari_312', 'muslim_480', 'muslim_675', 'muslim_731', 'muslim_752']",muslim_495,"['muslim_495', 'bukhari_518', 'bukhari_6686', 'bukhari_3322', 'bukhari_284', 'muslim_304', 'bukhari_5345', 'bukhari_5704', 'muslim_450', 'muslim_2086']"
C0228,নবী মুহাম্মদ (সা.) কুবা মসজিদে হেঁটে এবং ঘোড়ায় চড়ে যেতেন এবং সেখানে দুই রাকাত নামাজ পড়তেন।,"['bukhari_7326', 'bukhari_1193', 'muslim_3390', 'bukhari_1194', 'muslim_3391']",muslim_6970,"['muslim_6970', 'bukhari_241', 'muslim_471', 'bukhari_6505', 'bukhari_158', 'bukhari_6791', 'bukhari_1073', 'bukhari_6145', 'muslim_3731', 'muslim_2762']"
C0231,"আমি শুনেছি যে, আবদুল্লাহ বিন সালামকে জানানো হয়েছিল যে তিনি জান্নাতের লোকদের মধ্যে একজন। তিনি এর বিরুদ্ধে বলেছিলেন যে, তাদের উচিত নয় এমন কথা বলা যা তাদের জানা নেই। তিনি একটি স্বপ্নের কথা উল্লেখ করেন যেখানে তিনি একটি সবুজ বাগানে একটি স্তম্ভ দেখেন এবং রাসূলুল্লাহ (সা.) তাকে বলেন যে, আবদুল্লাহ বিন সালাম দৃঢ়ভাবে সত্যের সাথে থাকবে।","['muslim_6382', 'bukhari_7010', 'muslim_6381', 'bukhari_3813', 'bukhari_7014']",muslim_1269,"['muslim_1269', 'muslim_434', 'muslim_514', 'bukhari_3322', 'muslim_1985', 'muslim_6746', 'muslim_483', 'bukhari_3999', 'bukhari_6989', 'bukhari_297']"
C0232,"আমি শুনেছি যে, একজন ব্যক্তি বলেছিলেন যে, আমাদের হাতগুলোকে হাঁটুর উপরে রাখতে বলা হয়েছে এবং হাঁটুতে হাত রাখার থেকে বিরত থাকতে বলা হয়েছে।","['bukhari_790', 'muslim_1194', 'muslim_1197', 'muslim_1112', 'muslim_5259']",bukhari_4029,"['bukhari_4029', 'bukhari_7395', 'bukhari_4545', 'bukhari_2614', 'muslim_2086', 'bukhari_5840', 'bukhari_4692', 'muslim_495', 'bukhari_518', 'bukhari_6220']"
C0233,"আমার বাবা আমাকে রাসূলুল্লাহ (সা.)-এর কাছে নিয়ে গিয়েছিলেন, যাতে তিনি আমার একটি দানের সাক্ষী হন। রাসূল (সা.) জিজ্ঞেস করেছিলেন, ""তোমার কি অন্য ছেলে আছে?"" আমি বলেছিলাম, ""হ্যাঁ।"" তখন তিনি বললেন, ""তাদের মধ্যে সমানভাবে ভাগ করে দাও।""","['muslim_4183', 'muslim_4577', 'muslim_7006', 'muslim_6559', 'muslim_3768']",muslim_495,"['muslim_495', 'muslim_5979', 'muslim_3265', 'bukhari_5984', 'muslim_3834', 'bukhari_429', 'bukhari_1073', 'muslim_6970', 'muslim_4203', 'muslim_5848']"
C0235,"আমি শুনেছি যে, একজন ব্যক্তি কিয়ামতের দিন জাহান্নামে নিক্ষিপ্ত হবে এবং সেখানে তার দেহের অংশগুলো জাহান্নামের আগুনে পড়ে যাবে। তখন জাহান্নামের লোকেরা তার কাছে এসে বলবে, তুমি তো আমাদের ভালো কাজ করতে বলতে এবং খারাপ কাজ থেকে নিষেধ করতে। কিন্তু তুমি নিজে ভালো কাজ করনি এবং খারাপ কাজ করতে গিয়েছ।","['bukhari_3267', 'muslim_7483', 'bukhari_7098', 'muslim_451', 'muslim_7268']",muslim_6746,"['muslim_6746', 'muslim_2822', 'bukhari_251', 'bukhari_4062', 'bukhari_2950', 'bukhari_3322', 'bukhari_2044', 'bukhari_7039', 'muslim_3876', 'bukhari_5510']"
C0236,"আমি শুনেছি, আবু হুরায়রা বলেছেন যে, মুহাম্মদ (সা.) বলেছেন, যে ব্যক্তি ইমামের আগে মাথা উঁচু করে, আল্লাহ তার মাথা হরিণের মাথায় পরিণত করতে পারেন।","['muslim_963', 'muslim_964', 'bukhari_691', 'muslim_873', 'muslim_1060']",muslim_495,"['muslim_495', 'muslim_3265', 'muslim_3834', 'bukhari_5257', 'muslim_3811', 'muslim_2207', 'muslim_6746', 'muslim_5979', 'muslim_3509', 'muslim_575']"
C0238,"আমি শুনেছি যে, এক ব্যক্তি নবী মুহাম্মদ (সা.)-এর সময় তার স্ত্রীকে তালাক দিয়েছেন যখন তিনি মাসিক অবস্থায় ছিলেন। তখন عمر (রা.) নবীকে জানালে তিনি বললেন যে, তাকে পুনরায় গ্রহণ করতে হবে এবং তারপর মাসিক শেষ হওয়ার পর আবার তালাক দিতে হবে।","['muslim_3654', 'muslim_3653', 'muslim_3656', 'muslim_3652', 'muslim_3657']",bukhari_5406,"['bukhari_5406', 'bukhari_1073', 'bukhari_5984', 'bukhari_5032.2', 'bukhari_297', 'bukhari_6505', 'bukhari_1740', 'bukhari_4456', 'bukhari_4455', 'bukhari_4457']"
C0239,"তিনি মসজিদে ইতিকাফ অবস্থায় থাকাকালীন মাথা বের করে আমাকে বললেন, আমি যখন হায়েজে আছি তখনও আমি তাকে ধোয়ার জন্য পানি দিতে পারি।","['bukhari_2030', 'bukhari_2031', 'bukhari_299', 'bukhari_300', 'bukhari_301']",bukhari_2614,"['bukhari_2614', 'muslim_495', 'muslim_6970', 'bukhari_699', 'bukhari_448', 'bukhari_3354', 'bukhari_5984', 'muslim_3612', 'bukhari_6505', 'bukhari_1073']"
C0244,"আমি জুবায়েরকে বলেছিলাম, তুমি কেন রাসূলুল্লাহ (সা.) সম্পর্কে কথা বলছো না যেমন তাঁর অন্যান্য সাহাবীরা বলেন? তিনি বললেন, আল্লাহর কসম, আমার তাঁর কাছে সম্মান ছিল, কিন্তু আমি শুনেছি তিনি বলেছেন, যে কেউ ইচ্ছাকৃতভাবে আমার উপর মিথ্যা কথা বলবে, সে যেন আগুনের আসনে স্থান করে নেয়।","['bukhari_107', 'muslim_7510', 'bukhari_1291', 'muslim_4', 'muslim_3679']",bukhari_4545,"['bukhari_4545', 'muslim_2086', 'bukhari_3322', 'bukhari_5704', 'bukhari_1534', 'bukhari_1196', 'bukhari_5680', 'bukhari_5501', 'bukhari_5681', 'bukhari_7039']"
C0245,"রাসূলুল্লাহ (সা.) মসজিদে ইতিকাফ করছিলেন এবং তিনি শুনলেন যে কিছু মানুষ জোরে জোরে কোরআন পড়ছে। তখন তিনি পর্দা সরিয়ে বললেন, ""তোমরা সবাই তোমাদের রবের সঙ্গে মুনাজাত করছো, তাই একে অপরকে কষ্ট দিও না এবং একে অপরের উপর উচ্চস্বরে পড়ার জন্য চাপ সৃষ্টি করো না।""","['muslim_3811', 'muslim_6537', 'muslim_3454', 'muslim_3815', 'muslim_944']",bukhari_4545,"['bukhari_4545', 'bukhari_3322', 'muslim_1985', 'muslim_483', 'muslim_6746', 'muslim_514', 'muslim_1279', 'bukhari_4311', 'muslim_3834', 'bukhari_288']"
C0246,"আমি শুনেছি যে ইবন আবি আদিরি বলেছেন, ""সাক্ষী হও, সাক্ষী হও।""","['muslim_7075', 'bukhari_4865', 'muslim_7010', 'bukhari_3869', 'muslim_7251']",muslim_6635,"['muslim_6635', 'bukhari_2944', 'muslim_5451', 'bukhari_402.2', 'muslim_2133', 'muslim_4860', 'muslim_3456', 'muslim_5471', 'muslim_3241', 'muslim_3612']"
C0247,"রাসূলুল্লাহ (সা.) বলেছেন, আজকের দিন, এই মাস এবং এই শহর সকলের জন্য পবিত্র। আমাদের রক্ত ও সম্পদ একে অপরের জন্য হারাম, যেমন আজকের দিন, এই মাস এবং এই শহরে। আল্লাহর কাছে সাক্ষী দিচ্ছি।","['muslim_4386', 'muslim_4383', 'muslim_4384', 'bukhari_6785', 'bukhari_105']",muslim_6794,"['muslim_6794', 'bukhari_3339', 'bukhari_799', 'muslim_7071', 'bukhari_2850', 'muslim_1845', 'muslim_6945', 'muslim_1085', 'bukhari_2519', 'muslim_2434']"
C0248,"আয়েশা বলেছেন, নবী (সা.) তাঁর শেষ সময়ে কিছু বিশেষ দোয়া পড়ছিলেন এবং মৃত্যুর আগে আল্লাহর কাছে ক্ষমা চাইছিলেন। তিনি বলেছিলেন, ""হে আল্লাহ, আমাকে ক্ষমা কর এবং আমাকে উচ্চ স্থান দাও।""","['muslim_5707', 'muslim_5710', 'muslim_5709', 'bukhari_5750', 'bukhari_5743']",bukhari_6145,"['bukhari_6145', 'bukhari_3994', 'muslim_3731', 'muslim_6996', 'muslim_2762', 'muslim_5118', 'muslim_2506', 'muslim_3208', 'muslim_1148', 'muslim_997']"
C0249,"রাসূলুল্লাহ (সাল্লাল্লাহু আলাইহি ওয়া সাল্লাম) বলেছেন, ""আল্লাহ চাইলে আমাদের আবাস হবে সেখানে, যখন আল্লাহ খাইফের দরজা খুলবেন, যেখানে তারা কুফরের ভাগাভাগি করবে।""","['muslim_3176', 'bukhari_4284', 'bukhari_4285', 'muslim_3174', 'bukhari_1589']",muslim_1849,"['muslim_1849', 'muslim_1148', 'muslim_4866', 'muslim_7477', 'muslim_6429', 'muslim_6387', 'muslim_5118', 'muslim_443', 'muslim_2762', 'muslim_6996']"
C0250,নবী মুহাম্মদ (সা.) কিশমিশ পানির মধ্যে ভিজিয়ে রেখে তা দুই দিন ধরে পান করতেন।,"['muslim_5229', 'muslim_5228', 'muslim_5226', 'muslim_944', 'muslim_4589']",muslim_6970,"['muslim_6970', 'muslim_471', 'bukhari_1073', 'muslim_6531', 'bukhari_241', 'muslim_575', 'bukhari_6505', 'bukhari_158', 'muslim_495', 'bukhari_6791']"
C0251,"নবী (সাল্লাল্লাহু আলাইহি ওয়া সাল্লাম) একবার আমার উটের জন্য আমাকে বলেছিলেন যে, আমি তাকে উটটি বিক্রি করতে পারি। আমি পাঁচ অউকিয়া দামে বিক্রি করলাম এবং তিনি আমাকে উটটি মদিনায় নিয়ে আসার অনুমতি দিলেন। মদিনায় পৌঁছানোর পর, তিনি আমাকে আরও কিছু দিয়েছিলেন এবং পরে উটটি আমাকে উপহার দিলেন।","['muslim_4103', 'muslim_4098', 'bukhari_2718', 'muslim_4100', 'muslim_4101']",bukhari_221,"['bukhari_221', 'bukhari_430', 'bukhari_5033', 'bukhari_5984', 'bukhari_6996', 'bukhari_5406', 'bukhari_6505', 'bukhari_1026', 'bukhari_6525', 'bukhari_1740']"
C0252,"রাসূলুল্লাহ (সা.) বলেছেন, তোমরা এমন কিছু লোককে পাবে যারা নামাজ নির্ধারিত সময়ে পড়বে না। যদি তাদের সাথে তোমরা নামাজ পড়ে যাও, তবে সময়মতো নামাজ পড়ো এবং তাদের সাথে মিলিত হয়ে তা সঠিকভাবে আদায় করো।","['muslim_1465', 'muslim_1468', 'muslim_1471', 'muslim_1470', 'muslim_1469']",muslim_6746,"['muslim_6746', 'muslim_483', 'bukhari_284', 'muslim_434', 'muslim_3834', 'bukhari_297', 'bukhari_5257', 'muslim_1985', 'bukhari_3322', 'bukhari_921']"
C0253,"আয়েশা বলেছেন, রাসূলুল্লাহ (সা.) কিছু বিষয়ের জন্য অনুমতি দিয়েছিলেন, কিন্তু কিছু মানুষ তা থেকে বিরত থাকেন। যখন এ খবর নবী (সা.) এর কাছে পৌঁছায়, তিনি রেগে যান এবং বলেন, কিছু লোক কেন আমার দেওয়া অনুমতি থেকে দূরে সরে যাচ্ছে? আল্লাহর প্রতি তাদের ভয় ও শ্রদ্ধা আমার চেয়ে বেশি হওয়া উচিত।","['muslim_6111', 'muslim_6109', 'bukhari_7301', 'bukhari_6101', 'muslim_6151']",bukhari_4545,"['bukhari_4545', 'bukhari_5589', 'bukhari_4923', 'bukhari_5681', 'bukhari_4029', 'muslim_1985', 'bukhari_7395', 'bukhari_4311', 'muslim_483', 'bukhari_6989']"
C0258,"একজন মহিলা বলেছেন, যদি তার স্বামী তার প্রতি উদাসীন হন বা তাকে ত্যাগ করতে চান, তবে তিনি স্বামীর কাছে আবেদন করতে পারেন যে, তাকে ধরে রাখার জন্য যা কিছু করতে চান, তা করতে পারেন। যদি উভয়ই রাজি হন, তাহলে এতে কোনো সমস্যা নেই।","['bukhari_2694', 'muslim_7537', 'muslim_7538', 'bukhari_5206', 'bukhari_2450']",bukhari_4867,"['bukhari_4867', 'muslim_495', 'muslim_2709', 'bukhari_5037.2', 'muslim_5428', 'muslim_3539', 'muslim_1336', 'muslim_2963', 'muslim_3612', 'muslim_4067']"
C0261,"রাসূলুল্লাহ (সাল্লাল্লাহু আলাইহি ওয়া সাল্লাম) বলেছেন, ফল বিক্রি করতে হবে না যতক্ষণ না তা পরিপক্ক হয়। তিনি বিক্রেতা এবং ক্রেতাকে এ ব্যাপারে সতর্ক করেছেন।","['muslim_3869', 'muslim_3862', 'muslim_3865', 'muslim_3878', 'muslim_3877']",muslim_5917,"['muslim_5917', 'muslim_6292', 'muslim_789', 'muslim_3208', 'muslim_1832', 'muslim_4180', 'muslim_3639', 'muslim_4850', 'muslim_2133', 'muslim_1281']"
C0264,"আমি শুনেছি যে, রাসূলুল্লাহ সাল্লাল্লাহু আলাইহি ওয়াসাল্লাম হুদায়বিয়ার সময় একজনকে বলেছিলেন যে, তার মাথায় পোকা হয়েছে। তখন তিনি তাকে বললেন, মাথার পোকা পরিষ্কার করে একটি উট কোরবানি দিতে অথবা তিন দিন রোজা রাখতে অথবা ছয় জন দুঃস্থকে তিন মদ কুরমা খাওয়াতে।","['muslim_2882', 'muslim_2877', 'muslim_2881', 'muslim_2880', 'bukhari_1814']",muslim_6746,"['muslim_6746', 'bukhari_3322', 'muslim_3876', 'muslim_1985', 'muslim_3822', 'muslim_5964', 'bukhari_2950', 'muslim_2822', 'muslim_4034', 'muslim_3671']"
C0267,"আমি শুনেছি যে, একজন ব্যক্তি বলেছেন যে তিনি স্বপ্নে দেখেছেন যে একজন তাকে বলছেন, ""হজ মাবরুর এবং উমরা মাকবুল।"" এরপর তিনি ইবন আব্বাসের কাছে গিয়ে এই স্বপ্নের কথা বললে, তিনি বলেছেন যে এটি নবীর سنت।","['bukhari_1567', 'muslim_3015', 'bukhari_1688', 'muslim_3692', 'muslim_4568']",bukhari_2626,"['bukhari_2626', 'bukhari_5726', 'bukhari_4545', 'bukhari_3322', 'muslim_483', 'bukhari_1923', 'muslim_434', 'muslim_1279', 'bukhari_6996', 'bukhari_3999']"
C0268,"নবী মুহাম্মদ (সা.) যখন নামাজ পড়তেন, তখন আমি তাঁর পাশে ছিলাম এবং আমার হায়েজ ছিল। তাঁর নামাজের সময় কখনো কখনো আমার কাপড় তাঁর কাপড়ে লাগত।","['bukhari_379', 'muslim_1146', 'muslim_1504', 'bukhari_518', 'bukhari_333']",bukhari_1073,"['bukhari_1073', 'bukhari_1740', 'bukhari_4473', 'bukhari_6505', 'muslim_575', 'bukhari_241', 'bukhari_6798', 'bukhari_1162', 'bukhari_5984', 'bukhari_5406']"
C0270,"আমি শুনেছি যে, আবু তালহা নবীজির কাছে বলেছিলেন যে, আল্লাহ আমাদের সম্পদ থেকে খরচ করতে বলেছেন। তাই তিনি তাঁর জমি আল্লাহর জন্য দান করেছেন এবং নবীজি তাঁকে পরামর্শ দিয়েছেন যে, সেই জমি যেন তিনি তাঁর আত্মীয়দের মধ্যে বিতরণ করেন।","['muslim_2316', 'muslim_2315', 'bukhari_2758', 'bukhari_1461', 'bukhari_4554']",bukhari_2200,"['bukhari_2200', 'bukhari_3994', 'muslim_1832', 'muslim_337', 'muslim_3731', 'muslim_2140', 'muslim_855', 'muslim_2043', 'muslim_933', 'muslim_2568']"
C0274,"নবী সাল্লাল্লাহু আলাইহি ওয়াসাল্লাম যখন সালাম দিতেন, তখন তিনবার সালাম দিতেন। এবং যখন তিনি কোনো কথা বলতেন, তখন সেটি তিনবার পুনরাবৃত্তি করতেন।","['bukhari_6244', 'bukhari_94', 'bukhari_95', 'muslim_6039', 'muslim_5652']",muslim_5917,"['muslim_5917', 'muslim_3208', 'muslim_6292', 'muslim_5159', 'muslim_3776', 'muslim_2751', 'muslim_3639', 'muslim_6301', 'muslim_3981', 'muslim_7167']"
C0276,"আমি শুনেছি যে, রাসূলুল্লাহ (সা.) বলেছেন, ""যা আমি ভুলে গেছি তার জন্য আমাকে শাস্তি দিও না এবং আমার ব্যাপারে কঠিনতা সৃষ্টি করো না।"" তিনি বলেছিলেন, ""মূসার প্রথম ভুল ছিল ভুলে যাওয়া।""","['bukhari_6672', 'bukhari_2728', 'muslim_6163', 'muslim_6165', 'muslim_4834']",bukhari_1073,"['bukhari_1073', 'bukhari_6145', 'bukhari_5984', 'bukhari_6505', 'bukhari_1162', 'bukhari_6997', 'bukhari_4805', 'muslim_6970', 'bukhari_1740', 'bukhari_4473']"
C0277,"একজন বেদুইন ইসলাম গ্রহণ করে রাসূলুল্লাহ (সা.)-এর কাছে এসে বললেন, ""আমার ইসলাম গ্রহণের প্রতিজ্ঞা বাতিল করুন।"" কিন্তু রাসূল (সা.) তা করতে অস্বীকার করলেন। এরপর রাসূল (সা.) বললেন, ""মদিনা হলো একটি উত্তপ্ত চুলার মতো, যা মন্দকে দূর করে এবং ভালোকে পরিশুদ্ধ করে।""","['muslim_3355', 'bukhari_7322', 'bukhari_7211', 'bukhari_7209', 'muslim_6229']",bukhari_4545,"['bukhari_4545', 'muslim_1985', 'bukhari_3322', 'muslim_1280', 'muslim_3876', 'muslim_3671', 'muslim_5964', 'muslim_6746', 'muslim_4034', 'muslim_1279']"
C0289,"আমি শুনেছি, রাসূলুল্লাহ (সা.) বলেছেন, ""আমি কুরাইশকে আক্রমণ করব, আমি কুরাইশকে আক্রমণ করব, আমি কুরাইশকে আক্রমণ করব।"" এরপর তিনি বলেছেন, ""যদি আল্লাহ চান।""","['muslim_2641', 'muslim_3957', 'muslim_5938', 'muslim_1921', 'muslim_4263']",muslim_933,"['muslim_933', 'muslim_5118', 'muslim_2506', 'bukhari_6145', 'muslim_1849', 'muslim_997', 'muslim_1148', 'bukhari_3994', 'muslim_6996', 'muslim_443']"
C0291,"আবু তালহা তাঁর প্রিয় সম্পদ, যা ছিল একটি পানির কূপ, আল্লাহর রাস্তায় দান করেছেন। তিনি নবীকে বলেছিলেন যে, তিনি এই কূপকে দান করতে চান এবং নবী তাকে পরামর্শ দিয়েছিলেন যে, এটি তার আত্মীয়দের মধ্যে বিতরণ করতে।","['bukhari_2318', 'muslim_2315', 'bukhari_1461', 'bukhari_4554', 'bukhari_2769']",bukhari_2200,"['bukhari_2200', 'bukhari_3994', 'bukhari_6145', 'muslim_3731', 'muslim_337', 'muslim_855', 'muslim_1832', 'muslim_2140', 'muslim_2043', 'muslim_6970']"
C0294,"সুলায়মান (আ.) বলেছিলেন যে, তিনি এক রাতে একশো নারী বা নব্বই নারীর কাছে যাবেন, যারা সবাই আল্লাহর পথে জিহাদ করতে আসবে। কিন্তু তিনি ""ইনশাআল্লাহ"" বলেননি, ফলে তার কাছে শুধু একজন নারী এলেন, যিনি একটি অর্ধেক পুরুষের সন্তান নিয়ে এসেছিলেন।","['muslim_4289', 'bukhari_2819', 'bukhari_6639', 'muslim_4286', 'muslim_4288']",bukhari_6505,"['bukhari_6505', 'bukhari_6145', 'bukhari_6791', 'bukhari_5984', 'bukhari_1073', 'muslim_6970', 'muslim_471', 'bukhari_241', 'bukhari_4805', 'bukhari_158']"
C0297,"আমি শুনেছি যে, কিছু মানুষ মদ হিসেবে ব্যবহার না করে, বরং রং হিসেবে ব্যবহার করার জন্য রস তৈরি করে।","['muslim_4080', 'muslim_5420', 'muslim_4050', 'muslim_5422', 'muslim_6894']",bukhari_4545,"['bukhari_4545', 'bukhari_3322', 'bukhari_518', 'bukhari_5840', 'muslim_495', 'bukhari_5832', 'muslim_2086', 'muslim_4034', 'bukhari_2950', 'muslim_6746']"
C0300,"নবী সাল্লাল্লাহু আলাইহি ওয়াসাল্লাম হিজামা করলেন এবং যাকে হিজামা করালেন তাকে উপহার দিলেন। যদি এটি হারাম হতো, তবে তিনি তাকে উপহার দিতেন না।","['bukhari_2103', 'bukhari_2279', 'muslim_4042', 'muslim_5749', 'muslim_4041']",muslim_3208,"['muslim_3208', 'muslim_6292', 'muslim_5917', 'muslim_789', 'muslim_3639', 'muslim_3981', 'bukhari_3994', 'muslim_2752', 'muslim_4850', 'muslim_1832']"
C0301,"রাসূলুল্লাহ (সা.) বলেছেন, ""হে আল্লাহ, দুনিয়ার জীবনে কোনো সুখ নেই, কেবল আখিরাতের জীবনই সত্যি। তাই হিজরতকারীদের এবং আনসারদের জন্য ক্ষমা করুন।""","['muslim_4672', 'bukhari_3797', 'bukhari_4098', 'bukhari_6414', 'muslim_4674']",muslim_789,"['muslim_789', 'muslim_3981', 'muslim_3208', 'muslim_913', 'muslim_3362', 'muslim_4850', 'muslim_7167', 'muslim_997', 'muslim_7257', 'muslim_7115']"
C0302,"নবী মুহাম্মদ (সা.) বলেছেন, কিয়ামতের দিন আল্লাহর কাছে সবচেয়ে খারাপ মানুষ হবে সেই ব্যক্তি, যে তার স্ত্রীর সাথে intimacy করে এবং তারপর তার গোপনীয়তা প্রকাশ করে।","['muslim_3542', 'muslim_3543', 'muslim_5703', 'muslim_6596', 'muslim_3743']",bukhari_284,"['bukhari_284', 'muslim_4406', 'muslim_495', 'muslim_3265', 'muslim_3811', 'muslim_6746', 'muslim_3509', 'muslim_3834', 'muslim_5994', 'muslim_3862']"
C0304,"আমি শুনেছি যে, যখন রমজান মাস শুরু হয়, তখন পুরুষরা স্ত্রীদের কাছে আসতে পারতেন না। কিন্তু আল্লাহ জানতেন যে কিছু পুরুষ নিজেদের প্রতারণা করছেন, তাই তিনি তাদের জন্য ক্ষমা করেছেন।","['bukhari_4508', 'muslim_2747', 'muslim_2570', 'muslim_7067', 'muslim_3009']",bukhari_2944,"['bukhari_2944', 'muslim_1740', 'muslim_6970', 'muslim_2043', 'muslim_6635', 'muslim_3731', 'bukhari_487', 'bukhari_5037.2', 'bukhari_1073', 'muslim_3440']"
C0305,"আমি শুনেছি, আবদুল্লাহ বিন জাইদ বলেছেন যে, রাসূলুল্লাহ (সা.) যখন ওযু করতেন, তখন তিনি প্রথমে হাত ধোতেন, তারপর মুখ, এবং তারপর মাথা ও পা ধোতেন।","['bukhari_185', 'muslim_557', 'muslim_555', 'bukhari_186', 'muslim_538']",muslim_495,"['muslim_495', 'muslim_3265', 'muslim_3834', 'bukhari_5257', 'muslim_5979', 'muslim_2410', 'muslim_2207', 'muslim_3811', 'muslim_3514', 'muslim_575']"
C0307,"নবী সাল্লাল্লাহু আলাইহি ওয়াসাল্লাম আমাদের কাছে আসলেন, তখন আমি, আমার মা এবং আমার খালাতো বোন আম হরম সেখানে ছিলাম। আমার মা নবীকে বললেন, ""হে রাসূল, আমার ছেলের জন্য দোয়া করুন,"" তখন নবী আমাকে সব ধরনের কল্যাণের জন্য দোয়া করলেন এবং শেষের দিকে বললেন, ""হে আল্লাহ, তার সম্পদ ও সন্তান বৃদ্ধি কর এবং এতে বরকত দান কর।""","['muslim_6375', 'muslim_1501', 'muslim_6376', 'bukhari_6344', 'muslim_6396']",bukhari_4545,"['bukhari_4545', 'bukhari_3322', 'bukhari_5704', 'bukhari_5396', 'bukhari_1534', 'bukhari_6485', 'bukhari_4311', 'bukhari_5776', 'bukhari_5726', 'bukhari_3707']"
C0308,"রাসূলুল্লাহ (সাল্লাল্লাহু আলাইহি ওয়াসাল্লাম) এর মতো ওযু করার পদ্ধতি আমাদের শেখানো হয়েছে। তিনি হাত, মুখ, এবং পা তিনবার ধোয়ার পর মাথায় মুছে দিয়েছিলেন।","['muslim_555', 'bukhari_186', 'bukhari_192', 'bukhari_191', 'bukhari_199']",muslim_1832,"['muslim_1832', 'muslim_6012', 'muslim_3208', 'muslim_5917', 'muslim_5159', 'muslim_6292', 'muslim_5274', 'muslim_789', 'muslim_2752', 'muslim_4850']"
C0309,"আমার কাছে এসেছে একটি ঘটনা, যেখানে عمر বিন খাত্তাব (রাঃ) বাজারে যাওয়ার সময় এক যুবতী মহিলার সাহায্য করেছেন। তিনি বললেন, ""তোমার স্বামী মারা গেছে এবং তোমার ছোট সন্তানরা আছে, আমি তোমার জন্য কিছু খাবার ও কাপড় নিয়ে আসছি, যাতে তোমাদের কষ্ট কমে যায়।""","['bukhari_4160', 'bukhari_4161', 'muslim_4577', 'muslim_2957', 'muslim_2150']",bukhari_7395,"['bukhari_7395', 'bukhari_4029', 'bukhari_429', 'bukhari_4545', 'bukhari_926', 'bukhari_211', 'bukhari_5458', 'bukhari_5959', 'bukhari_5726', 'bukhari_254']"
C0310,"নবী (সাল্লাল্লাহু আলাইহি ওয়া সাল্লাম) যখন অসুস্থ হয়ে পড়েন, তখন তিনি তাঁর স্ত্রীদের অনুমতি নিয়ে তাঁর বাড়িতে থাকতে চান। তিনি আব্বাস এবং আলী (রাদিয়াল্লাহু আনহুমা) এর সহায়তায় বের হন এবং পরে বলেন, ""সাতটি পাত্রের পানি ঢালুন, যেন আমি মানুষের কাছে কিছু বলার সুযোগ পাই।""","['bukhari_198', 'muslim_938', 'bukhari_4442', 'bukhari_5714', 'bukhari_665']",bukhari_6505,"['bukhari_6505', 'bukhari_5984', 'bukhari_430', 'bukhari_6996', 'bukhari_255', 'bukhari_221', 'bukhari_354', 'bukhari_5032.2', 'bukhari_5406', 'bukhari_1073']"
C0312,"আমি খাব্বাবকে দেখলাম, সে তার পেটে সাতটি দগ্ধ হয়েছে এবং বলছিল, যদি নবী (সা.) আমাদের মৃত্যুর জন্য দোয়া করতে নিষেধ না করতেন, তবে আমি অবশ্যই মৃত্যুর জন্য দোয়া করতাম।","['bukhari_6350', 'bukhari_6349', 'muslim_6817', 'bukhari_6430', 'bukhari_7234']",bukhari_4545,"['bukhari_4545', 'bukhari_1506', 'bukhari_5589', 'bukhari_4692', 'bukhari_1196', 'bukhari_7395', 'bukhari_5840', 'bukhari_518', 'bukhari_5681', 'bukhari_6459']"
C0314,"আয়েশা বলেছেন, আমরা যখন পশুর পা তুলে ধরতাম, তখন রাসূলুল্লাহ (সা.) তা খেতেন, যখন ১৫টি কোরবানির পশু উৎসর্গ করা হতো।","['bukhari_5438', 'bukhari_5423', 'muslim_5102', 'muslim_1319', 'muslim_3420']",muslim_495,"['muslim_495', 'bukhari_518', 'bukhari_5589', 'bukhari_6459', 'muslim_6531', 'muslim_2410', 'bukhari_5681', 'muslim_3834', 'bukhari_4545', 'bukhari_5337']"
C0317,"রাসূলুল্লাহ (সাল্লাল্লাহু আলাইহি ওয়া সাল্লাম) বলেছেন, প্লেগ একটি মুসলিমের জন্য শহীদ হওয়ার মর্যাদা।","['bukhari_5732', 'muslim_4944', 'bukhari_2830', 'muslim_4941', 'muslim_3350']",muslim_4845,"['muslim_4845', 'muslim_575', 'muslim_471', 'muslim_3514', 'muslim_5848', 'muslim_656', 'muslim_5962', 'muslim_6429', 'muslim_2762', 'muslim_5796']"
C0320,"নবী মুহাম্মদ (সা.) বলেছেন, যে কেউ তার দান ফিরিয়ে নেয়, সে যেন তার বমি ফিরিয়ে নিচ্ছে। শুধু একজন পিতামাতা তাদের সন্তানদের ক্ষেত্রে দান ফিরিয়ে নিতে পারে।","['muslim_4174', 'bukhari_2621', 'muslim_4176', 'bukhari_2622', 'bukhari_2589']",muslim_5917,"['muslim_5917', 'muslim_3208', 'muslim_789', 'muslim_3981', 'muslim_3639', 'muslim_913', 'muslim_6292', 'muslim_3776', 'muslim_4940', 'muslim_4850']"
C0324,নবী সাল্লাল্লাহু আলাইহি ওয়া সাল্লাম নামাজে সংক্ষেপে কথা বলতেন এবং তা সম্পন্ন করতেন।,"['muslim_1052', 'bukhari_706', 'muslim_944', 'muslim_949', 'muslim_4669']",muslim_495,"['muslim_495', 'muslim_6987', 'muslim_6746', 'muslim_450', 'muslim_4034', 'muslim_5964', 'muslim_3496', 'muslim_1666', 'muslim_649', 'muslim_3937']"
C0328,"নবী (সাল্লাল্লাহু আলাইহি ওয়াসাল্লাম) বলেছেন, আমি তোমাদের জন্য একটি সুপথের দিশারী, যারা আমার পানির উৎসে আসবে তারা কখনো তৃষ্ণার্ত হবে না। তিনি আরও বলেছেন, আমি কিছু লোককে চিনতে পারব, কিন্তু তাদের সাথে আমার যোগাযোগ বন্ধ করে দেওয়া হবে।","['muslim_5969', 'muslim_5968', 'bukhari_7051', 'bukhari_7050', 'bukhari_6584']",bukhari_5984,"['bukhari_5984', 'bukhari_4805', 'bukhari_6505', 'bukhari_6056', 'bukhari_1162', 'bukhari_717', 'bukhari_6791', 'muslim_764', 'bukhari_5032.2', 'bukhari_6145']"
C0330,"ইসমাইল বলেছেন, আইয়ুবের মাধ্যমে জানা যায় যে, ইবন উমর এটি পরিত্যাগ করেছিলেন এবং এরপর তিনি এটি ভাড়া দেননি।","['muslim_3939', 'muslim_3936', 'muslim_1497', 'muslim_4488', 'muslim_3870']",muslim_6746,"['muslim_6746', 'bukhari_3322', 'muslim_1985', 'muslim_3876', 'muslim_4034', 'muslim_495', 'muslim_5964', 'muslim_3671', 'bukhari_5704', 'muslim_3822']"
C0331,"রাসূলুল্লাহ (সাল্লাল্লাহু আলাইহি ওয়া সাল্লাম) আমাদের বলতেন, যখন কোনো নারী প্রসবের সময় আসে, তখন তার জন্য পানি ঢালতে।","['bukhari_5724', 'muslim_5757', 'muslim_1563', 'muslim_4573', 'muslim_4834']",bukhari_284,"['bukhari_284', 'muslim_495', 'muslim_3265', 'muslim_575', 'muslim_2410', 'muslim_3834', 'muslim_2207', 'muslim_3514', 'muslim_4406', 'bukhari_6056']"
C0332,"নবীজি (সাল্লাল্লাহু আলাইহি ওয়া সাল্লাম) বলেছেন, যদি কেউ মসজিদে থাকে এবং তার পেছনের দিক থেকে গন্ধ আসে, তাহলে তাকে বের হতে হবে না যতক্ষণ না সে কোনো আওয়াজ শোনে বা আবার গন্ধ অনুভব করে।","['muslim_805', 'muslim_804', 'bukhari_177', 'bukhari_137', 'bukhari_2056']",bukhari_1162,"['bukhari_1162', 'bukhari_5984', 'muslim_575', 'bukhari_6056', 'bukhari_6505', 'bukhari_5257', 'muslim_4203', 'bukhari_3307', 'muslim_5848', 'bukhari_4805']"
C0333,"একজন ব্যক্তি মসজিদে প্রবেশ করে এবং রাসূলুল্লাহ (সা.) সেখানে বসে ছিলেন। তিনি নামাজ পড়েন, এরপর এসে সালাম দেন, কিন্তু রাসূলুল্লাহ (সা.) তাকে বলেন যে, তার নামাজ হয়নি এবং তাকে আবার নামাজ পড়তে বলেন। পরে তিনি রাসূলুল্লাহ (সা.) থেকে নামাজের সঠিক নিয়ম শিখেন।","['muslim_885', 'bukhari_6251', 'bukhari_6667', 'bukhari_793', 'bukhari_757']",bukhari_1073,"['bukhari_1073', 'muslim_495', 'muslim_6970', 'muslim_575', 'bukhari_6505', 'bukhari_5984', 'bukhari_6056', 'bukhari_643', 'muslim_281', 'muslim_5848']"
C0334,"রাসূলুল্লাহ (সা.) বলেছেন, দুপুরের নামাজের সময় গরমের কারণে একটু বিরতি নেওয়া উচিত, কারণ তীব্র গরম জাহান্নামের উত্তাপ থেকে আসে।","['muslim_1399', 'muslim_1397', 'bukhari_538', 'muslim_1400', 'bukhari_3259']",muslim_495,"['muslim_495', 'bukhari_518', 'muslim_3834', 'muslim_450', 'muslim_6987', 'bukhari_4545', 'muslim_6746', 'muslim_3610', 'muslim_6652', 'bukhari_342']"
C0335,"রাসূলুল্লাহ (সা.) বলেছেন, আল্লাহ যা নেন এবং যা দেন, সবকিছু আল্লাহর হাতে এবং সবকিছুর জন্য একটি নির্দিষ্ট সময় রয়েছে। তিনি আমাদের ধৈর্য ধরতে এবং আল্লাহর কাছে প্রতীক্ষা করতে বলেছেন। যখন তিনি এক শিশুকে কোলে নিলেন, তখন তিনি কাঁদলেন এবং বললেন, এটি আল্লাহর রহমত, যা তিনি মানবজাতির মধ্যে রেখেছেন।","['bukhari_7448', 'muslim_2135', 'bukhari_1284', 'bukhari_5655', 'muslim_949']",bukhari_6791,"['bukhari_6791', 'bukhari_158', 'muslim_471', 'muslim_575', 'muslim_6136', 'muslim_3514', 'muslim_2410', 'muslim_7440', 'muslim_6429', 'bukhari_6056']"
C0336,"আম্মা সুলাইম বলেছেন, আল্লাহ যেন আনসের সম্পদ ও সন্তানকে বৃদ্ধি করেন এবং তাকে যা দিয়েছেন তাতে বরকত দান করেন।","['muslim_6372', 'bukhari_6334', 'bukhari_6380', 'bukhari_6381', 'bukhari_6378']",muslim_6970,"['muslim_6970', 'muslim_3731', 'muslim_6996', 'muslim_6141', 'muslim_3895', 'muslim_3348', 'muslim_2552', 'bukhari_6145', 'muslim_1832', 'bukhari_241']"
C0338,"আমি শুনেছি, তিনি সকালে পানি চেয়েছিলেন এবং একজন ছেলে তাকে একটি পাত্রে পানি এনে দিয়েছিল। তিনি ডান হাতে পানি নিয়ে বাম হাতে ঢেলে তিনবার হাত ধোয়ার পর, ডান হাতে পানি নিয়ে তিনবার মুখে গুলে এবং তিনবার নাকের মধ্যে পানি টেনে নেন। এরপর তিনি মাথার সামনে এবং পেছনে একবার হাত বুলিয়ে নেন।","['bukhari_192', 'muslim_555', 'bukhari_1934', 'muslim_539', 'muslim_559']",muslim_4860,"['muslim_4860', 'muslim_3895', 'muslim_855', 'muslim_3612', 'muslim_3456', 'muslim_6970', 'bukhari_4174', 'bukhari_2430', 'bukhari_3946', 'muslim_5428']"
C0341,"আম সেলমা বলেছেন, রাসূলুল্লাহ (সা.) পাঁচ বা সাত রাকাত ওয়িত্র নামাজ পড়তেন এবং এর মধ্যে সালাম বা কথা বলতেন না।","['muslim_1720', 'muslim_3588', 'muslim_5974', 'muslim_2721', 'muslim_3603']",muslim_495,"['muslim_495', 'bukhari_6791', 'muslim_2410', 'muslim_6531', 'bukhari_5257', 'bukhari_5864', 'bukhari_5739', 'bukhari_518', 'bukhari_6459', 'bukhari_1253']"
C0342,"একজন ব্যক্তি নবী সাল্লাল্লাহু আলাইহি ওয়া সাল্লামের কাছে বলেছিলেন যে, তিনি বাণিজ্যে প্রতারণার শিকার হচ্ছেন। নবীজি তাকে বলেছেন, যখন তুমি বেচাকেনা করবে, তখন বলো ""কোনো প্রতারণা নেই।""","['bukhari_6964', 'bukhari_2117', 'muslim_3860', 'bukhari_2407', 'bukhari_2414']",muslim_3265,"['muslim_3265', 'muslim_4203', 'muslim_495', 'bukhari_6997', 'muslim_5796', 'muslim_5979', 'bukhari_236', 'muslim_6429', 'muslim_3514', 'muslim_575']"
C0344,"রাসূলুল্লাহ (সা.) বলেছেন, আলহামদুলিল্লাহ, এটি কুরআনের মা এবং বইয়ের মা, এবং এটি সাতটি পুনরাবৃত্তি।","['bukhari_4704', 'bukhari_5006', 'muslim_4234', 'muslim_5322', 'bukhari_4647']",muslim_4866,"['muslim_4866', 'muslim_6794', 'bukhari_6145', 'bukhari_6791', 'muslim_6141', 'muslim_471', 'muslim_3540', 'muslim_7071', 'muslim_5795', 'muslim_1113']"
C0346,"আমি শুনেছি যে, রাসূলুল্লাহ (সা.) বলেছেন, যে কেউ শুক্রবারের জন্য আসে, তাকে গোসল করতে হবে।","['bukhari_894', 'muslim_1952', 'muslim_1951', 'bukhari_877', 'muslim_1956']",muslim_495,"['muslim_495', 'muslim_3265', 'muslim_6162', 'muslim_6970', 'muslim_208', 'muslim_2410', 'muslim_3514', 'muslim_5848', 'muslim_7440', 'muslim_575']"
C0348,"আয়েশা বলেছেন, রাসূলুল্লাহ (সা.)-এর সময় সূর্যগ্রহণের সময় সবাইকে একত্রিত হয়ে নামাজ পড়ার জন্য ডাকা হয়েছিল। তখন তিনি আমাদের সাথে চার রাকাত নামাজ পড়েন, যা দুই রাকাতের মধ্যে চার সিজদা ছিল।","['muslim_2092', 'muslim_2094', 'muslim_2093', 'muslim_2091', 'muslim_2111']",muslim_6531,"['muslim_6531', 'muslim_495', 'muslim_3834', 'bukhari_5257', 'bukhari_3595.2', 'muslim_4845', 'muslim_2207', 'muslim_575', 'bukhari_643', 'muslim_5866']"
C0351,"আমি শুনেছি যে, একবার একজন অসুস্থ ব্যক্তি মক্কায় ছিলেন এবং তিনি মৃত্যুর প্রান্তে পৌঁছেছিলেন। তখন নবী (সা.) তার কাছে এসে বলেছিলেন যে, তার অনেক সম্পদ আছে এবং শুধুমাত্র তার কন্যাই তার উত্তরাধিকারী হবে। তিনি নবী (সা.)-কে জিজ্ঞেস করেছিলেন যে, কি পরিমাণ সম্পদ দান করতে পারেন, কিন্তু নবী (সা.) তাকে বলেছিলেন যে, সম্পদের এক-তৃতীয়াংশও অনেক। নবী (সা.) আরও বলেছেন যে, সন্তানদের ধনী রেখে যাওয়া ভালো, যাতে তারা মানুষের কাছে হাত না বাড়ায়।","['muslim_4209', 'bukhari_6733', 'bukhari_1295', 'bukhari_6373', 'bukhari_3936']",muslim_483,"['muslim_483', 'bukhari_1160', 'bukhari_1923', 'bukhari_297', 'muslim_434', 'bukhari_3266', 'bukhari_6989', 'bukhari_4029', 'bukhari_4923', 'muslim_1985']"
C0353,"আমার বোন নাজর দিয়েছে যে, সে আল্লাহর ঘরে হাঁটবে। সে আমাকে নবীকে জিজ্ঞেস করতে বলেছিল, নবী বলেছেন, তাকে হাঁটতে হবে এবং চাইলে সে চড়েও যেতে পারে।","['muslim_4250', 'bukhari_1866', 'muslim_4294', 'muslim_3588', 'muslim_6290']",bukhari_3994,"['bukhari_3994', 'muslim_3208', 'muslim_1832', 'muslim_3731', 'muslim_5917', 'muslim_3639', 'muslim_6292', 'muslim_913', 'muslim_5159', 'muslim_789']"
C0354,"নবী (সাল্লাল্লাহু আলাইহি ওয়া সাল্লাম) বলেছেন, যে ব্যক্তি মিথ্যা কথা বলবে, তাকে জাহান্নামের আগুনে নিক্ষেপ করা হবে।","['muslim_1495', 'muslim_1493', 'muslim_5385', 'muslim_1494', 'muslim_2638']",muslim_848,"['muslim_848', 'muslim_5118', 'muslim_1849', 'bukhari_1162', 'muslim_6429', 'muslim_2762', 'bukhari_6145', 'muslim_5211', 'muslim_1371', 'muslim_5796']"
C0355,"রাসূলুল্লাহ (সা.) বলেছেন, যে ব্যক্তি পানি না পেলে, সে মাটির সঙ্গে স্পর্শ করে তার শরীরকে পরিষ্কার করতে পারে। তিনি আবু জারকে বলেছিলেন, ""যদি তুমি পানি না পাও, তাহলে মাটির সঙ্গে স্পর্শ করো, কারণ এটি মুসলিমের জন্য ভালো।""","['muslim_2318', 'muslim_4313', 'muslim_2304', 'muslim_1471', 'muslim_1400']",muslim_495,"['muslim_495', 'muslim_3265', 'muslim_3834', 'bukhari_5257', 'muslim_3811', 'muslim_1279', 'muslim_2410', 'muslim_7188', 'muslim_6652', 'muslim_483']"
C0356,নামাজের সময় কোমর বাঁকানো থেকে নিষেধ করা হয়েছে।,"['bukhari_1219', 'muslim_2247', 'muslim_5165', 'muslim_5164', 'bukhari_1220']",muslim_6987,"['muslim_6987', 'bukhari_1506', 'bukhari_2614', 'bukhari_518', 'bukhari_5589', 'muslim_1666', 'bukhari_6686', 'bukhari_277', 'muslim_450', 'bukhari_7038']"
C0357,"নবী সাল্লাল্লাহু আলাইহি ওয়া সাল্লাম বলেছেন, তিনি যখন নামাজে ছিলেন, তখন শিশুদের কান্না শুনে তিনি নামাজকে দ্রুত শেষ করতেন যাতে তার মা উদ্বিগ্ন না হন।","['bukhari_868', 'bukhari_709', 'muslim_1056', 'bukhari_707', 'bukhari_708']",muslim_6746,"['muslim_6746', 'muslim_495', 'bukhari_3322', 'muslim_1985', 'muslim_5964', 'muslim_4034', 'muslim_3876', 'bukhari_4545', 'muslim_3671', 'muslim_450']"
C0359,"মুহাম্মদ (স.) বলেছেন, আল্লাহ আমাকে সম্মানিত করেছেন এবং আমি জেনেছি যে, তিনি আমাকে জিদ-এর মাধ্যমে বিশেষ মর্যাদা দিয়েছেন।","['muslim_3714', 'muslim_4347', 'muslim_3965', 'muslim_4571', 'muslim_1564']",muslim_6970,"['muslim_6970', 'bukhari_1073', 'bukhari_6145', 'muslim_1371', 'muslim_990', 'muslim_3731', 'muslim_5848', 'muslim_6162', 'muslim_575', 'muslim_5118']"
C0360,"নবীজি সাল্লাল্লাহু আলাইহি ওয়াসাল্লাম বলেছেন যে, ফল বিক্রি করা উচিত নয় যতক্ষণ না সেগুলো পাক না হয়।","['bukhari_1488', 'muslim_3978', 'bukhari_2198', 'muslim_3912', 'bukhari_2194']",muslim_495,"['muslim_495', 'muslim_3539', 'muslim_3265', 'muslim_3612', 'muslim_3834', 'muslim_3811', 'muslim_450', 'muslim_3509', 'muslim_4406', 'muslim_4070']"
C0361,"নবী সাল্লাল্লাহু আলাইহি ওয়া সাল্লাম একদিন শুয়ে ছিলেন এবং ঘামছিলেন। তখন উম্মে সুলাইম তার ঘাম মুছে একটি বোতলে রাখছিলেন, নবীজি এটি দেখে হাসলেন এবং জিজ্ঞেস করলেন, ""তুমি কি করছ?"" উম্মে সুলাইম বললেন, ""আমি তোমার ঘামকে আমার সুগন্ধির জন্য ব্যবহার করতে চাই।""","['muslim_6057', 'muslim_6055', 'muslim_6056', 'muslim_6627', 'muslim_6322']",bukhari_4545,"['bukhari_4545', 'muslim_514', 'bukhari_3322', 'muslim_495', 'muslim_483', 'bukhari_5726', 'muslim_1279', 'bukhari_254', 'bukhari_7395', 'bukhari_6485']"
C0362,"নবী সাল্লাল্লাহু আলাইহি ওয়া সাল্লাম বলেছেন, প্রতিটি নবীর একজন সহচর থাকে এবং সেই সহচর হলেন জুবায়ের বিন আওয়াম।","['bukhari_3719', 'bukhari_2847', 'muslim_6243', 'bukhari_4113', 'bukhari_2997']",muslim_495,"['muslim_495', 'bukhari_3322', 'bukhari_383', 'bukhari_284', 'muslim_434', 'muslim_6746', 'bukhari_297', 'muslim_3834', 'bukhari_4446', 'muslim_1985']"
C0364,"আয়েশা বলেছেন, একজন পুরুষ তার স্ত্রীকে তিনবার তালাক দেয়ার পর, স্ত্রী অন্য একজনের সাথে বিয়ে করে। কিন্তু নতুন স্বামী তাকে স্পর্শ করার আগে তালাক দেয়। তখন রাসূলুল্লাহ (সা.) জিজ্ঞাসা করা হলে তিনি বলেন, প্রথম স্বামী তার স্ত্রীকে ফিরে পেতে পারবেন না যতক্ষণ না নতুন স্বামী তাকে প্রথমের মতো উপভোগ করে।","['bukhari_5261', 'muslim_3531', 'muslim_3529', 'muslim_3527', 'bukhari_5265']",muslim_495,"['muslim_495', 'muslim_6531', 'muslim_7442', 'muslim_4845', 'bukhari_5257', 'muslim_3509', 'muslim_5694', 'muslim_3373', 'muslim_1477', 'muslim_2410']"
C0366,"আমি শুনেছি, রাসূলুল্লাহ (সা.) হজের জন্য মক্কায় যাওয়ার সময় যাদের কাছে কোরবানির পশু ছিল না, তাদেরকে তাওয়াফ করার পর হালাল হওয়ার নির্দেশ দিয়েছিলেন। এছাড়া, তিনি ঈদের দিন তাঁর স্ত্রীদের জন্য গরুর মাংস কোরবানি করেছিলেন।","['bukhari_1720', 'bukhari_2952', 'muslim_2925', 'bukhari_1709', 'muslim_2919']",muslim_6746,"['muslim_6746', 'bukhari_3322', 'muslim_1985', 'muslim_3671', 'muslim_3876', 'muslim_5964', 'bukhari_4545', 'muslim_495', 'bukhari_288', 'muslim_4034']"
C0367,"নবী সাল্লাল্লাহু আলাইহি ওয়াসাল্লাম বলেছেন যে, তিনি এবং অন্য একজন একই সাথে নামাজের জন্য ওযু করতেন।","['muslim_4342', 'muslim_6966', 'muslim_6946', 'muslim_700', 'muslim_2592']",muslim_495,"['muslim_495', 'muslim_3862', 'muslim_6746', 'muslim_3811', 'muslim_3265', 'muslim_4406', 'muslim_3834', 'muslim_450', 'muslim_2207', 'muslim_3509']"
C0369,"আয়েশা বলেছেন, তিনি রাসূলুল্লাহ (সা.)-কে বলতে শুনেছেন যে, হাত কাটা যাবে শুধু তখনই, যখন চুরি করা জিনিসের মূল্য এক চতুর্থাংশ দিরহামের বেশি হবে।","['muslim_4401', 'muslim_4402', 'muslim_4400', 'bukhari_6789', 'muslim_3737']",muslim_6531,"['muslim_6531', 'muslim_4203', 'muslim_6970', 'bukhari_6791', 'muslim_471', 'muslim_5796', 'bukhari_5257', 'muslim_4845', 'muslim_575', 'muslim_4545']"
C0376,"আমি শুনেছি যে, একজন মহিলা তানিম থেকে উমরাহ করতে বের হন এবং যখন তিনি উমরাহ সম্পন্ন করেন, তখন রাসূলুল্লাহ (সা.) তাকে অপেক্ষা করতে বলেন এবং পরে তিনি কাবা তাওয়াফ করেন।","['muslim_2922', 'muslim_2911', 'muslim_2919', 'muslim_2912', 'muslim_2910']",muslim_1985,"['muslim_1985', 'bukhari_3322', 'muslim_6746', 'bukhari_4545', 'muslim_495', 'muslim_3834', 'muslim_3671', 'muslim_3876', 'muslim_434', 'muslim_5964']"
C0377,"আমি শুনেছি যে, রাসূলুল্লাহ (সাল্লাল্লাহু আলাইহি ওয়া সাল্লাম) ছিলেন না খুব লম্বা, না খুব ছোট, এবং তাঁর চেহারা ছিল সাদা বা গা dark ় নয়। তিনি চল্লিশ বছর বয়সে প্রেরিত হয়েছিলেন এবং মক্কায় দশ বছর এবং মদিনায় দশ বছর কাটিয়েছিলেন। তাঁর মৃত্যুর সময় বয়স ছিল ষাট বছর এবং তাঁর মাথা ও দাড়িতে মাত্র কটি সাদা চুল ছিল।","['muslim_6089', 'bukhari_5900', 'bukhari_3548', 'bukhari_3547', 'bukhari_4978']",bukhari_4866,"['bukhari_4866', 'bukhari_3536', 'bukhari_4446', 'bukhari_4467', 'bukhari_3638', 'bukhari_6996', 'bukhari_5406', 'bukhari_1073', 'bukhari_297', 'bukhari_6247']"
C0381,"রাসূলুল্লাহ (সাল্লাল্লাহু আলাইহি ওয়া সাল্লাম) বলেছেন, একজন নারী অন্য নারীকে স্পর্শ না করুক যতক্ষণ না সে তার স্বামীকে সেই নারীর বর্ণনা দেয় যেন সে তাকে দেখছে।","['bukhari_5241', 'bukhari_5240', 'muslim_3529', 'muslim_2349', 'muslim_768']",muslim_471,"['muslim_471', 'muslim_495', 'muslim_3514', 'muslim_4845', 'muslim_3373', 'muslim_7440', 'muslim_5796', 'muslim_575', 'muslim_848', 'muslim_6531']"
C0382,"মুজাহিদ বলেছেন, তিনি একটি আট পাউন্ডের পাত্রে গোসল করেছিলেন। আয়েশা (রাঃ) বলেছিলেন যে, রাসূলুল্লাহ (সা.) এরকম পাত্রে গোসল করতেন।","['muslim_2915', 'muslim_3568', 'muslim_7035', 'muslim_2913', 'muslim_705']",muslim_6970,"['muslim_6970', 'muslim_4866', 'bukhari_6791', 'bukhari_241', 'muslim_471', 'muslim_7130', 'muslim_6194', 'muslim_6136', 'muslim_6996', 'muslim_4910']"
C0385,"নবী (সাল্লাল্লাহু আলাইহি ওয়া সাল্লাম) বলেছেন, আল্লাহ আমাদের মায়েদের প্রতি অবাধ্যতা, কন্যা সন্তান হত্যা, অযথা প্রশ্ন করা এবং অর্থের অপচয় নিষিদ্ধ করেছেন।","['muslim_4483', 'bukhari_5975', 'bukhari_2408', 'muslim_4486', 'muslim_4481']",bukhari_158,"['bukhari_158', 'bukhari_1162', 'bukhari_241', 'bukhari_4805', 'bukhari_1444', 'bukhari_5522', 'bukhari_6505', 'muslim_575', 'bukhari_3752', 'muslim_2634']"
C0389,"আমারাতি বলেছেন, রাসূলুল্লাহ সাল্লাল্লাহু আলাইহি ওয়াসাল্লাম আমাদের নির্দেশ দিয়েছেন ঈদুল ফিতর ও ঈদুল আযহায় নারীদের বের হতে। তিনি বলেছেন, menstruating নারীরা নামাজ থেকে বিরত থাকবে কিন্তু মুসলমানদের ভালোবাসা ও দোয়া শুনতে আসবে। আমি জিজ্ঞেস করলাম, যদি কারো জেলাব নেই? তিনি বললেন, তার বোনের জেলাব পরিধান করতে পারে।","['muslim_2056', 'bukhari_351', 'muslim_2054', 'bukhari_1652', 'bukhari_324']",bukhari_2044,"['bukhari_2044', 'bukhari_4997', 'bukhari_4242', 'bukhari_1907', 'bukhari_1932', 'bukhari_1931', 'bukhari_2197', 'bukhari_2151', 'bukhari_1910', 'bukhari_5567']"
C0393,"নবী সাল্লাল্লাহু আলাইহি ওয়াসাল্লাম যখন কেউ দান নিয়ে তাঁর কাছে আসতেন, তখন তিনি বলতেন, ""হে আল্লাহ, فلান-এর পরিবারে বরকত দাও।"" একবার আমার বাবা এসে বললেন, ""হে আল্লাহ, আবু ওফির পরিবারে বরকত দাও।""","['bukhari_6332', 'bukhari_1497', 'muslim_2492', 'bukhari_4166', 'bukhari_6359']",muslim_2762,"['muslim_2762', 'muslim_5118', 'bukhari_6145', 'muslim_1148', 'muslim_6970', 'muslim_6996', 'muslim_1849', 'muslim_3731', 'muslim_6429', 'muslim_1371']"
C0394,"আমি শুনেছি যে ইবনে উমর তার স্ত্রীকে menstruation অবস্থায় তালাক দিয়েছিলেন। এরপর উমর নবী সাল্লাল্লাহু আলাইহি ওয়াসাল্লামের কাছে গিয়ে বিষয়টি উল্লেখ করলে, নবী তাকে নির্দেশ দেন যে, স্ত্রীকে তালাক দিতে হলে তাকে প্রথমে পবিত্র হতে দিতে হবে।","['bukhari_5258', 'muslim_3664', 'muslim_3665', 'muslim_3661', 'muslim_3670']",muslim_6970,"['muslim_6970', 'muslim_495', 'bukhari_1073', 'muslim_3509', 'muslim_2207', 'muslim_4406', 'bukhari_5406', 'muslim_5780', 'muslim_1621', 'muslim_5848']"
C0398,"একজন আরব ব্যক্তি নবী মুহাম্মদ (সা.)-এর কাছে এসে জানতে চেয়েছিল, আল্লাহ কী কী নামাজ ফরজ করেছেন। নবী (সা.) তাকে পাঁচটি নামাজের কথা বলেছিলেন এবং বলেছিলেন, যদি কেউ অতিরিক্ত কিছু করতে চায়, তবে করতে পারে। এরপর তিনি রোজা ও জাকাতের ফরজ বিষয়গুলোও জানতে চেয়েছিলেন। নবী (সা.) সেগুলোও তাকে জানিয়ে দেন। সেই ব্যক্তি বলেছিল, তিনি ফরজের বাইরে কিছু করবেন না এবং নবী (সা.) বলেছিলেন, ""যদি সে সত্যি হয়, তবে সে সফল হবে।""","['bukhari_6956', 'bukhari_1891', 'muslim_100', 'muslim_104', 'bukhari_2678']",bukhari_6996,"['bukhari_6996', 'bukhari_430', 'bukhari_5032.2', 'bukhari_5984', 'bukhari_1073', 'bukhari_3999', 'muslim_483', 'bukhari_1162', 'bukhari_4805', 'bukhari_1923']"
C0399,"নবী মুহাম্মদ (সা.)-এর সময়ে কুরআন সংগ্রহের কাজ চারজন আনসার করেছিলেন। তাদের মধ্যে ছিলেন আবু, মাআয বিন জাবাল, আবু জৈদ এবং জায়েদ বিন সাবিত।","['muslim_6340', 'muslim_6341', 'bukhari_3810', 'bukhari_5003', 'bukhari_5004']",muslim_2140,"['muslim_2140', 'bukhari_3994', 'bukhari_2290', 'bukhari_7386', 'bukhari_7258', 'bukhari_7259', 'bukhari_5993', 'bukhari_3752', 'bukhari_5084', 'muslim_1832']"
C0403,"নবী সাল্লাল্লাহু আলাইহি ওয়াসাল্লাম বলেছেন, আমাদের পিতাদের নামে শপথ করা উচিত নয়। যে কেউ শপথ করতে চায়, তাকে আল্লাহর নামে শপথ করতে হবে।","['bukhari_7401', 'muslim_4257', 'muslim_4259', 'bukhari_6108', 'bukhari_6646']",muslim_7155,"['muslim_7155', 'muslim_3208', 'muslim_789', 'muslim_2175', 'muslim_7257', 'muslim_7115', 'muslim_4183', 'muslim_913', 'muslim_2853', 'muslim_3639']"
C0405,"রাসূলুল্লাহ (সা.) বলেছেন, আমি মানুষের সাথে যুদ্ধ করতে নির্দেশিত হয়েছি যতক্ষণ না তারা সাক্ষ্য দেয় যে আল্লাহ ছাড়া কোনো মাবুদ নেই। এরপর তাদের রক্ত ও সম্পদ হারাম হয়ে যায়, তবে সঠিক কারণে।","['muslim_127', 'muslim_6222', 'bukhari_392', 'bukhari_25', 'muslim_124']",muslim_789,"['muslim_789', 'muslim_6433', 'muslim_933', 'muslim_7071', 'muslim_6669', 'muslim_997', 'muslim_2506', 'muslim_6794', 'muslim_4850', 'muslim_3208']"
C0410,"রাসূলুল্লাহ (সাল্লাল্লাহু আলাইহি ওয়া সাল্লাম) বলেছেন, কাব বিন আশরাফ আল্লাহ ও তাঁর রাসূলকে আঘাত করেছে। তাই মুহাম্মদ বিন মুসলিমা বললেন, ""আমি তাকে হত্যা করতে চাই,"" এবং রাসূলুল্লাহ (সাল্লাল্লাহু আলাইহি ওয়া সাল্লাম) তাকে অনুমতি দিলেন।","['muslim_4664', 'bukhari_4037', 'bukhari_3031', 'bukhari_2510', 'muslim_7386']",muslim_3731,"['muslim_3731', 'muslim_2762', 'bukhari_3307', 'bukhari_1740', 'bukhari_3994', 'bukhari_241', 'bukhari_1199.2', 'bukhari_4473', 'muslim_764', 'bukhari_4805']"
C0414,"রাসুলুল্লাহ (সা.) বলেছেন, যে ব্যক্তি কুকুর পোষে, তবে তা গবাদি পশুর জন্য বা শিকারি কুকুর না হলে, তার প্রতিদিনের আমল থেকে দুই কিরাত কমে যাবে।","['muslim_4027', 'muslim_4023', 'bukhari_5482', 'muslim_4025', 'muslim_4026']",muslim_495,"['muslim_495', 'bukhari_518', 'bukhari_4545', 'bukhari_5681', 'muslim_450', 'bukhari_6459', 'bukhari_5257', 'bukhari_5589', 'muslim_6746', 'muslim_3834']"
C0415,"হযরত হুরায়রা (রা) বলেছেন, রাসূলুল্লাহ (সা) বলেছেন, রমজান মাসে জান্নাতের দরজা খুলে দেওয়া হয়, জাহান্নামের দরজা বন্ধ হয়ে যায় এবং শয়তানদের শৃঙ্খলিত করা হয়।","['bukhari_3277', 'bukhari_1899', 'muslim_2496', 'muslim_2495', 'bukhari_1898']",muslim_2140,"['muslim_2140', 'muslim_3208', 'muslim_1889', 'muslim_789', 'muslim_6292', 'muslim_2752', 'muslim_4850', 'muslim_6342', 'bukhari_5084', 'muslim_7441']"
C0418,"আলী (রহ.) বলেছেন, ""হে রাসূলুল্লাহ! যদি আপনার পরে আমার একটি সন্তান হয়, আমি তার নাম আপনার নামের সাথে রাখব এবং আপনার উপনাম দিয়ে ডাকব।"" রাসূল (সা.) বলেছেন, ""হ্যাঁ, কিন্তু আবু বকর বললেন না।""","['muslim_7110', 'muslim_3641', 'muslim_3500', 'muslim_4182', 'muslim_4880']",bukhari_7395,"['bukhari_7395', 'bukhari_429', 'bukhari_1923', 'bukhari_2626', 'bukhari_3719', 'bukhari_1596', 'bukhari_255', 'bukhari_5764', 'bukhari_3266', 'bukhari_4923']"
C0419,"হযরত হুযায়ফা (রা) বলেছেন, আল্লাহ তাআলা নবি (সা) কে কুরআন গাওয়ার অনুমতি দিয়েছেন।","['muslim_1845', 'muslim_1849', 'muslim_1847', 'bukhari_7482', 'bukhari_5024']",muslim_5917,"['muslim_5917', 'muslim_5159', 'muslim_1832', 'muslim_6431', 'muslim_3776', 'muslim_3208', 'muslim_5921', 'muslim_6555', 'muslim_3784', 'muslim_2559']"
C0421,"আমি শুনেছি যে, নবী মুহাম্মদ (সা.) বলেছেন যে, খাইবারের যুদ্ধে কিছু লোক মানুষের গাধার মাংস খেয়েছিল, কিন্তু তিনি নির্দেশ দিয়েছেন যে, যারা তাঁর রাসূল হওয়ার সাক্ষ্য দেয়, তাদের জন্য এই মাংস খাওয়া হারাম।","['muslim_5010', 'muslim_1256', 'muslim_936', 'muslim_2919', 'muslim_5021']",muslim_4034,"['muslim_4034', 'muslim_6746', 'muslim_1985', 'muslim_3876', 'muslim_5964', 'muslim_3671', 'bukhari_4311', 'bukhari_3322', 'muslim_1280', 'bukhari_5704']"
C0422,"নবী (সা.) জোহর ও রাতের নামাজে কিছু আয়াত পড়তেন, আর আসরের নামাজেও এরকম করতেন। ফজরের নামাজে তিনি আরও দীর্ঘ আয়াত পড়তেন।","['muslim_1029', 'muslim_1030', 'muslim_1916', 'muslim_1014', 'muslim_1918']",bukhari_6791,"['bukhari_6791', 'muslim_471', 'muslim_4866', 'muslim_6970', 'bukhari_158', 'muslim_2434', 'muslim_6531', 'muslim_7166', 'muslim_6794', 'muslim_6136']"
C0426,"আমি শুনেছি, রাসূলুল্লাহ (সা.) দুই রাকাত নামাজ পড়েছিলেন এবং তখন একজন ব্যক্তি তাঁকে কিছু বলেছিলেন। এই ঘটনা আবু হুরাইরা (রা.) থেকে বর্ণিত হয়েছে।","['muslim_203', 'muslim_2205', 'muslim_954', 'muslim_3877', 'muslim_4420']",muslim_6970,"['muslim_6970', 'bukhari_5084', 'muslim_6794', 'muslim_4866', 'bukhari_6145', 'muslim_5795', 'bukhari_6791', 'bukhari_5475', 'muslim_471', 'muslim_933']"
C0429,"আয়েশা বলেছেন, রাসূলুল্লাহ (সা.) তাকে সাত বছর বয়সে বিয়ে করেছিলেন এবং নয় বছর বয়সে তার কাছে প্রবেশ করেছিলেন।","['muslim_3480', 'muslim_3479', 'muslim_5616', 'muslim_756', 'muslim_3483']",muslim_6970,"['muslim_6970', 'muslim_471', 'muslim_495', 'muslim_6531', 'bukhari_6791', 'muslim_5962', 'muslim_575', 'muslim_5848', 'bukhari_3088', 'muslim_7440']"
C0431,"যে ব্যক্তি মুক্তি পায়নি, তার অংশের জন্য চেষ্টা করতে হবে।","['muslim_3774', 'muslim_4334', 'muslim_3773', 'muslim_4333', 'muslim_3499']",muslim_3539,"['muslim_3539', 'muslim_5428', 'muslim_3612', 'muslim_2963', 'muslim_1336', 'muslim_495', 'muslim_3610', 'muslim_208', 'muslim_6374', 'muslim_6652']"
C0433,"নবী মুহাম্মদ (সা.) বলেছেন, ধনীদের জন্য সদকা গ্রহণ করা বৈধ নয়, তবে এটি কিছু বিশেষ ক্ষেত্রে অনুমোদিত। উদাহরণস্বরূপ, যারা সদকার কাজে নিযুক্ত, আল্লাহর পথে যুদ্ধরত, অথবা যারা নিজেদের অর্থে সদকা কিনেছেন, তাদের জন্য এটি বৈধ।","['muslim_2880', 'muslim_4247', 'bukhari_6701', 'muslim_4160', 'muslim_3305']",muslim_575,"['muslim_575', 'bukhari_5257', 'muslim_3509', 'muslim_5866', 'bukhari_1162', 'muslim_4845', 'bukhari_1073', 'bukhari_6056', 'bukhari_3307', 'muslim_857']"
C0434,"রাসূলুল্লাহ (সা.) এক রাতে তাঁর প্রয়োজন মেটাতে উঠলেন এবং পানি নিয়ে এসে ওযু করলেন। এরপর তিনি কিছু সময় ঘুমালেন এবং আবার উঠে এসে ওযু করে নামাজ পড়তে গেলেন, সেজদায় তিনি আল্লাহর কাছে তাঁর হৃদয়ে, কান, চোখ এবং চারপাশে نورের জন্য দোয়া করছিলেন।","['muslim_1794', 'muslim_1797', 'muslim_1796', 'muslim_1799', 'bukhari_6316']",bukhari_6791,"['bukhari_6791', 'bukhari_6505', 'muslim_471', 'muslim_6970', 'bukhari_158', 'bukhari_6056', 'bukhari_5984', 'muslim_2410', 'muslim_281', 'muslim_495']"
C0436,নবী মুহাম্মদ (সা.) মুজদালিফায় দুইটি নামাজ একসাথে আদায় করেছিলেন এবং এর আগে বা পরে কোনো নফল নামাজ পড়েননি।,"['bukhari_1673', 'muslim_3114', 'muslim_6694', 'muslim_5154', 'muslim_3855']",bukhari_1073,"['bukhari_1073', 'muslim_6970', 'bukhari_6505', 'muslim_575', 'bukhari_241', 'muslim_471', 'bukhari_158', 'bukhari_6791', 'bukhari_1162', 'muslim_6531']"
C0439,"নবী মুহাম্মদ (সা.) বলেছেন, যে ব্যক্তি জানাজার নামাজ পড়বে, তার জন্য এক কিরাত এবং যে জানাজায় উপস্থিত থেকে দাফন পর্যন্ত থাকবে, তার জন্য দুই কিরাত রয়েছে। তিনি আরও বলেছেন, কিরাত উঁচু মূল্যবান।","['muslim_2196', 'muslim_2189', 'muslim_2193', 'muslim_2192', 'bukhari_1325']",bukhari_3994,"['bukhari_3994', 'muslim_2762', 'muslim_3731', 'muslim_1849', 'muslim_789', 'muslim_933', 'muslim_7071', 'bukhari_6145', 'muslim_913', 'muslim_7307']"
C0440,"নবী (সা.) বলেছেন, আল্লাহর সঙ্গে শরীক করা, পিতামাতার অবাধ্যতা এবং মিথ্যা শপথ করা বড় পাপ।","['bukhari_6870', 'bukhari_6675', 'muslim_261', 'bukhari_6871', 'muslim_259']",muslim_997,"['muslim_997', 'muslim_7071', 'muslim_789', 'muslim_2506', 'muslim_1849', 'muslim_6669', 'bukhari_6145', 'muslim_3208', 'bukhari_3994', 'muslim_7365']"
C0443,"আয়েশা বলেছিলেন যে, নারীদের উচিত নয় নবীর প্রতি নিজেদের উৎসর্গ করা। আল্লাহ এই বিষয়ে একটি আয়াত নাজিল করেছেন, যেখানে বলা হয়েছে, ""তুমি যাকে চাও তাকে বেছে নিতে পারো।"" তিনি বলেছিলেন, ""তোমার প্রভু তোমার ইচ্ছার প্রতি দ্রুত সাড়া দেন।""","['muslim_3632', 'muslim_3631', 'muslim_3682', 'bukhari_5113', 'bukhari_4788']",muslim_6970,"['muslim_6970', 'muslim_471', 'muslim_495', 'muslim_6429', 'muslim_3514', 'muslim_2410', 'muslim_3373', 'muslim_848', 'muslim_5848', 'muslim_7440']"
C0444,নবী মুহাম্মদ (সা.) রাতে দীর্ঘ সময় দাঁড়িয়ে এবং বসে নামাজ পড়তেন। তিনি দাঁড়িয়ে নামাজ পড়লে দাঁড়িয়ে রুকু করতেন এবং বসে নামাজ পড়লে বসে রুকু করতেন।,"['muslim_1700', 'muslim_1702', 'muslim_1699', 'muslim_1703', 'muslim_1701']",bukhari_1740,"['bukhari_1740', 'bukhari_1073', 'muslim_3731', 'bukhari_241', 'bukhari_5406', 'bukhari_6505', 'bukhari_4473', 'bukhari_1199.2', 'bukhari_6798', 'bukhari_6242']"
C0445,"নবী মুহাম্মদ (সা.) মক্কায় তের বছর এবং মদিনায় দশ বছর কাটিয়েছিলেন, এবং তিনি ৬৩ বছর বয়সে ইন্তেকাল করেছেন।","['muslim_6097', 'bukhari_3902', 'muslim_6098', 'muslim_6104', 'muslim_6096']",muslim_495,"['muslim_495', 'bukhari_284', 'muslim_3834', 'muslim_6746', 'muslim_4406', 'muslim_2207', 'muslim_3265', 'bukhari_297', 'muslim_3862', 'bukhari_3595.2']"
C0448,"আমি শুনেছি, খন্দকের দিন, রাসূলুল্লাহ (সা.) কুরাইশের কাফিরদের বিরুদ্ধে কথা বলছিলেন। তিনি বলেছিলেন, আমি সূর্যাস্তের আগে আসরের নামাজ পড়তে পারিনি, কিন্তু পরে তিনি নামাজ পড়লেন।","['muslim_1430', 'bukhari_4112', 'bukhari_596', 'bukhari_641', 'bukhari_945']",muslim_495,"['muslim_495', 'muslim_6970', 'muslim_471', 'muslim_6531', 'muslim_2410', 'muslim_5848', 'muslim_208', 'muslim_5979', 'muslim_3514', 'muslim_3265']"
C0449,"আমি শুনেছি যে, আবু হুরাইরা (রাঃ) বলেছেন, রাসূলুল্লাহ (সাঃ) বলেছেন, মানুষের প্রথম হিসাব হবে তার নামাজের উপর। যদি নামাজ ঠিক থাকে, তাহলে সে সফল হবে, আর যদি নামাজ খারাপ হয়, তাহলে সে ক্ষতিগ্রস্ত হবে।","['muslim_3696', 'muslim_3691', 'muslim_2957', 'muslim_1562', 'muslim_7350']",bukhari_6145,"['bukhari_6145', 'muslim_618', 'bukhari_1162', 'bukhari_7405', 'bukhari_4805', 'bukhari_1885', 'bukhari_6505', 'muslim_373', 'muslim_6653', 'muslim_1849']"
C0450,"আমি শুনেছি যে, আবু উমামা রাদিয়াল্লাহু আনহু নবী সাল্লাল্লাহু আলাইহি ওয়াসাল্লামকে জিজ্ঞেস করেছিলেন, কোন কাজটি সবচেয়ে ভালো? নবীজি বলেছেন, রোজা রাখো, কারণ এর সমকক্ষ কিছু নেই।","['muslim_4754', 'muslim_1928', 'muslim_6880', 'muslim_7403', 'muslim_6442']",muslim_434,"['muslim_434', 'bukhari_4545', 'bukhari_3322', 'bukhari_297', 'muslim_495', 'bukhari_444', 'muslim_1279', 'bukhari_342', 'bukhari_1923', 'muslim_483']"
C0455,"নবী সাল্লাল্লাহু আলাইহি ওয়া সাল্লাম বলেছেন, তিনি একটি গাধার দিকে তাকিয়ে দেখলেন, যার মুখে চিহ্ন ছিল। তিনি বললেন, ""তোমরা কি জানো না যে, আমি মুখে চিহ্ন দেওয়া বা মুখে আঘাত করার জন্য অভিশাপ দিয়েছি?"" তাই তিনি এ কাজ থেকে বিরত থাকার নির্দেশ দিয়েছেন।","['muslim_5552', 'muslim_7040', 'muslim_3508', 'muslim_7350', 'bukhari_5739']",muslim_495,"['muslim_495', 'muslim_3265', 'bukhari_6997', 'bukhari_6996', 'muslim_1279', 'muslim_3509', 'muslim_5979', 'muslim_3811', 'bukhari_236', 'muslim_3834']"
C0456,"রাসূলুল্লাহ (সাল্লাল্লাহু আলাইহি ওয়াসাল্লাম) বলেছেন যে, তাঁর কন্যার গোসল দেওয়ার সময় ডান দিক থেকে শুরু করতে হবে এবং যেখানে ওযু করা হয় সেখানেও তা করতে হবে।","['muslim_2176', 'muslim_2175', 'bukhari_1255', 'bukhari_167', 'bukhari_1256']",muslim_6746,"['muslim_6746', 'bukhari_3322', 'muslim_1985', 'muslim_3876', 'muslim_5964', 'muslim_3671', 'muslim_4034', 'muslim_3822', 'bukhari_4545', 'bukhari_5704']"
C0457,"আয়েশা বলেছেন, রাসূলুল্লাহ (সা.) যখন কোনো কাজ করতেন, তখন সেটি নিশ্চিত করতেন। তিনি রাতে ঘুমালে বা অসুস্থ হলে দিনের বেলায় ১২ রাকাত নামাজ পড়তেন। আয়েশা আরও বলেছেন, আমি রাসূলুল্লাহ (সা.)-কে কখনো রাতভর নামাজ পড়তে দেখিনি এবং তিনি রমজান ছাড়া কখনো连续 মাসব্যাপী রোজা রাখতেন না।","['muslim_1744', 'muslim_1739', 'muslim_4834', 'muslim_2721', 'muslim_2719']",muslim_1985,"['muslim_1985', 'bukhari_3322', 'muslim_6746', 'muslim_483', 'bukhari_4545', 'muslim_434', 'muslim_514', 'muslim_3671', 'bukhari_6989', 'bukhari_355']"
C0458,"নবী সাল্লাল্লাহু আলাইহি ওয়াসাল্লাম মৃত্যুবরণ করেছেন, এবং তিনি মৃত্যুর সময় খুবই কষ্টে ছিলেন। তাই আমি নবীর পর আর কারো জন্য মৃত্যুর কঠোরতা কামনা করি না।","['bukhari_4446', 'muslim_6819', 'muslim_6310', 'bukhari_4438', 'muslim_1256']",muslim_5274,"['muslim_5274', 'muslim_3731', 'bukhari_2944', 'muslim_6970', 'muslim_2762', 'muslim_3440', 'muslim_3357', 'bukhari_3994', 'muslim_7071', 'muslim_933']"
C0459,"আমি শুনেছি যে, রাসূলুল্লাহ (সা.) বলেছেন, যে কেউ আল্লাহর জন্য একটি মসজিদ নির্মাণ করে, সে যেন একটি পাখির বাসা বা তার থেকেও ছোট, আল্লাহ তার জন্য জান্নাতে একটি ঘর তৈরি করবেন।","['muslim_1189', 'muslim_7470', 'muslim_7471', 'muslim_1190', 'muslim_1696']",muslim_6746,"['muslim_6746', 'bukhari_3322', 'muslim_1985', 'muslim_3671', 'bukhari_297', 'muslim_3876', 'muslim_483', 'muslim_434', 'bukhari_4545', 'muslim_5964']"
C0462,"আমি শুনেছি যে, রাসূলুল্লাহ (সা.) বলেছেন, যে ব্যক্তি কোরআন পড়ে এবং এতে দক্ষ, সে সম্মানিত ফেরেশতাদের সঙ্গে থাকবে। আর যে ব্যক্তি কোরআন পড়তে কষ্ট পায়, তার জন্যও দ্বিগুণ পুরস্কার রয়েছে।","['bukhari_4937', 'muslim_1862', 'muslim_7356', 'muslim_6098', 'muslim_944']",muslim_471,"['muslim_471', 'muslim_6970', 'muslim_6162', 'muslim_6136', 'bukhari_6791', 'bukhari_6145', 'muslim_6429', 'muslim_5848', 'muslim_5796', 'muslim_6595']"
C0465,"নবী মুহাম্মদ (সা.) এর যুগে কী ঘটেছিল, তা আমি জানি না। তবে, তিনি বলেছিলেন যে, আমরা নামাজে অনেক কিছুই হারিয়ে ফেলেছি।","['bukhari_529', 'muslim_4315', 'muslim_2817', 'muslim_4582', 'muslim_1380']",muslim_1832,"['muslim_1832', 'bukhari_3994', 'bukhari_2944', 'muslim_3208', 'muslim_6292', 'muslim_5159', 'muslim_3639', 'muslim_1875', 'muslim_3731', 'muslim_6342']"
C0467,"আমি শুনেছি, রাসূলুল্লাহ (সা.) বলেছেন যে, যদি তুমি তোমার কুকুরকে ছেড়ে দাও এবং তার নাম নাও, তাহলে তুমি তার দ্বারা শিকার করা খাবার খেতে পারো। তবে যদি অন্য কিছু খাবার পেলে, তাহলে সেটা খাওয়া যাবে না, কারণ তুমি কেবল তোমার কুকুরের জন্য নাম দিয়েছিলে।","['muslim_4974', 'muslim_4981', 'bukhari_175', 'muslim_4979', 'bukhari_5476']",bukhari_5257,"['bukhari_5257', 'muslim_483', 'bukhari_297', 'muslim_495', 'bukhari_717', 'muslim_3834', 'muslim_434', 'bukhari_4029', 'bukhari_1162', 'bukhari_284']"
C0469,"নবী সাল্লাল্লাহু আলাইহি ওয়াসাল্লাম যখন নামাজ শেষ করতেন, তখন তিনি আমাদের দিকে মুখ করে তাকাতেন।","['bukhari_845', 'muslim_5937', 'bukhari_847', 'muslim_1449', 'bukhari_661']",muslim_495,"['muslim_495', 'muslim_6746', 'bukhari_284', 'muslim_3834', 'muslim_4406', 'muslim_3811', 'muslim_3862', 'muslim_3265', 'bukhari_3322', 'muslim_2207']"
C0470,"আমি শুনেছি যে, এক ব্যক্তি নবীজীকে বলেছিলেন যে, বৃষ্টির কারণে তার সম্প্রদায়ের মসজিদে যেতে সমস্যা হচ্ছে, তাই তিনি চান নবীজী তার বাড়িতে এসে নামাজ পড়ুন। নবীজী সেই ব্যক্তির বাড়িতে গিয়ে দুই রাকাত নামাজ পড়েন।","['muslim_1496', 'muslim_4234', 'muslim_3503', 'muslim_6207', 'muslim_7027']",bukhari_5840,"['bukhari_5840', 'bukhari_4029', 'bukhari_7395', 'muslim_2086', 'bukhari_4692', 'bukhari_3569', 'bukhari_4545', 'bukhari_6459', 'bukhari_1534', 'bukhari_1636']"
C0471,"আমি শুনেছি, রাসূলুল্লাহ (সা.) বলেছেন যে, তিনি বনী তামিমের সম্পর্কে তিনটি বিশেষ কথা বলেছেন।","['muslim_6452', 'muslim_6451', 'muslim_6453', 'bukhari_4366', 'bukhari_2543']",muslim_6970,"['muslim_6970', 'bukhari_6145', 'muslim_6162', 'muslim_1371', 'muslim_471', 'muslim_6136', 'muslim_495', 'muslim_4866', 'muslim_5428', 'muslim_5848']"
C0472,"আমি শুনেছি যে, কুফায় একটি লাল বাতাস উঠেছিল এবং একজন ব্যক্তি বলেছিলেন যে, কিয়ামত আসার আগে মুসলমানদের মধ্যে যুদ্ধ হবে এবং তারা মৃত্যুর জন্য প্রস্তুতি নেবে। তিনি আরও বলেছেন যে, সেই সময়ে মুসলমানরা এমন এক কঠিন পরিস্থিতির সম্মুখীন হবে যে, তারা নিজেদের মধ্যে ভাগ্য নিয়ে ভাবতে পারবে না।","['muslim_7281', 'muslim_7278', 'muslim_7381', 'muslim_4678', 'muslim_4957']",muslim_495,"['muslim_495', 'bukhari_6289', 'muslim_4249', 'muslim_3576', 'muslim_5428', 'muslim_6101', 'muslim_2269', 'muslim_5488', 'muslim_4593', 'muslim_7442']"
C0473,"রাসূলুল্লাহ (সা.) বলেছেন, ""যদি কেউ দীর্ঘ সময় ধরে রোজা রাখতে চায়, তাহলে সফরের সময় রোজা রাখতে পারবে অথবা চাইলে বিরতি নিতে পারবে।""","['muslim_2626', 'muslim_2625', 'muslim_5309', 'bukhari_1943', 'bukhari_1942']",muslim_3265,"['muslim_3265', 'muslim_495', 'muslim_6652', 'muslim_7188', 'muslim_3834', 'muslim_5979', 'muslim_3811', 'muslim_2410', 'muslim_7442', 'muslim_1279']"
C0474,"আয়েশা বলেছেন, আমরা কেবল হজের উদ্দেশ্যে বের হয়েছিলাম, কিন্তু যখন আমরা সরফে পৌঁছালাম, তখন আমার মাসিক শুরু হলো। তখন রাসূলুল্লাহ (সা.) আমার কাছে এসে বললেন, এটি আল্লাহর পক্ষ থেকে নারীদের জন্য নির্ধারিত একটি বিষয়, তাই তুমি নিষেধিত কাজগুলো করতে পারো, তবে কাবা ঘরের চারপাশে ঘুরতে পারবে না।","['muslim_2918', 'bukhari_294', 'muslim_2919', 'bukhari_5559', 'bukhari_305']",bukhari_4545,"['bukhari_4545', 'muslim_4034', 'bukhari_3322', 'bukhari_4311', 'bukhari_5704', 'muslim_2822', 'muslim_1985', 'muslim_3671', 'bukhari_5589', 'muslim_3876']"
C0477,"আমি শুনেছি যে, রাসূলুল্লাহ (সা.) জুমার নামাজে ""সুবহানাসমে রব্বিকা আলা"" এবং ""হাল আতা কাহাদিস গাশিয়া"" পাঠ করতেন।","['muslim_2028', 'muslim_1030', 'muslim_2030', 'muslim_2031', 'muslim_2059']",muslim_6970,"['muslim_6970', 'bukhari_6145', 'muslim_3731', 'muslim_6136', 'bukhari_1073', 'muslim_5848', 'muslim_471', 'muslim_1371', 'muslim_2762', 'muslim_5796']"
C0483,"রাসূলুল্লাহ (সা.) বলেছেন, ""আকিল কি আমাদের জন্য মক্কায় কোনো বাড়ি বা সম্পত্তি রেখে গেছে?"" কারণ আকিল ও তালিব ছিলেন কাফির এবং তারা আবু তালিবের সম্পত্তি উত্তরাধিকারী হয়েছিলেন, কিন্তু জাফর ও আলী কিছুই পাননি কারণ তারা মুসলিম ছিলেন। عمر বলতেন, ""বিশ্বাসী কাফিরের থেকে কিছু পায় না।""","['muslim_3294', 'bukhari_1588', 'bukhari_4282', 'bukhari_4283', 'muslim_3296']",bukhari_4545,"['bukhari_4545', 'bukhari_3322', 'bukhari_4311', 'muslim_1279', 'muslim_1985', 'muslim_3834', 'muslim_3811', 'bukhari_3751', 'muslim_514', 'muslim_483']"
C0484,"রাসূলুল্লাহ (সা.) বলেছেন, আল্লাহ আমাদের জন্য শুক্রবারকে নির্ধারণ করেছেন, যখন আগে যারা ছিল তাদের জন্য শনিবার ছিল ইহুদিদের এবং রবিবার ছিল খ্রিস্টানদের। আল্লাহ আমাদেরকে শুক্রবারের হেদায়েত দিয়েছেন এবং কিয়ামতের দিন আমরা শেষ জাতি হবে।","['muslim_1982', 'muslim_1980', 'muslim_7054', 'muslim_1978', 'muslim_7015']",muslim_2410,"['muslim_2410', 'muslim_495', 'muslim_6531', 'muslim_3834', 'bukhari_5257', 'muslim_2207', 'muslim_3514', 'muslim_483', 'muslim_5866', 'muslim_4845']"
C0485,"আমি শুনেছি, আয়েশা বলেছেন যে, তিনি নবী মুহাম্মদ (সা.)-কে ফজরের দুই রাকাত নামাজে এত দ্রুত পড়তে দেখেছেন যে, তিনি মনে করেছিলেন নবী (সা.) সেখানে সূরা ফাতিহা পড়ছেন।","['muslim_1684', 'muslim_1685', 'muslim_1681', 'bukhari_1165', 'muslim_2098']",muslim_495,"['muslim_495', 'bukhari_1073', 'bukhari_5984', 'bukhari_5257', 'muslim_3265', 'muslim_575', 'muslim_5979', 'muslim_5848', 'muslim_6970', 'bukhari_6056']"
C0486,"আমি শুনেছি যে, একজন ব্যক্তি আল্লাহর রাসূল মুহাম্মদ (সা.)-কে অস্বীকার করতে বলেছিল, কিন্তু তিনি অস্বীকার করতে অস্বীকৃতি জানান। তিনি বলেছিলেন, ""আমি মুহাম্মদ (সা.)-কে অস্বীকার করব না যতক্ষণ না আল্লাহ আমাকে মৃত্যুর পর পুনরুত্থিত করেন।""","['bukhari_2425', 'muslim_7062', 'bukhari_2091', 'bukhari_4734', 'bukhari_2275']",bukhari_1073,"['bukhari_1073', 'muslim_3265', 'muslim_5979', 'bukhari_5984', 'bukhari_5032.2', 'muslim_575', 'bukhari_5257', 'muslim_3834', 'muslim_5848', 'bukhari_6996']"
C0488,"রাসূলুল্লাহ (সা.) বলেছেন, তিনি সফরের সময় যখন প্রয়োজন মেটাতে বের হয়েছিলেন, তখন ফিরে এসে নামাজের জন্য প্রস্তুতি নেন এবং তাঁর অনুসারীদের সামনে নামাজ পড়েন। তিনি ইমামের পিছনে নামাজ পড়ার গুরুত্বও উল্লেখ করেছেন।","['muslim_633', 'muslim_952', 'muslim_949', 'muslim_1560', 'muslim_7007']",muslim_495,"['muslim_495', 'muslim_6970', 'muslim_471', 'muslim_6531', 'muslim_575', 'muslim_4845', 'bukhari_6791', 'muslim_3514', 'muslim_2410', 'bukhari_6505']"
C0489,"আমি শুনেছি যে, নবী সাল্লাল্লাহু আলাইহি ওয়াসাল্লাম বলেছেন, তাঁর হাউজের পানি দুধের চেয়েও সাদা এবং মধুর চেয়েও মিষ্টি। প্রথমে সেখানে প্রবেশ করবেন গরিব মেহেরজিরা, যারা সাধারণ পোশাক পরিধান করেন এবং বিলাসবহুল জীবনযাপন করেন না।","['muslim_5989', 'muslim_581', 'muslim_716', 'muslim_5972', 'muslim_6799']",muslim_6746,"['muslim_6746', 'muslim_3876', 'muslim_3822', 'muslim_3862', 'muslim_1985', 'muslim_3811', 'muslim_4406', 'bukhari_3322', 'muslim_3671', 'muslim_5964']"
C0490,"একজন ব্যক্তি নবী (সা.)-এর কাছে এসে বললেন, ""আমি অসুস্থ, আমাকে সাহায্য করুন।"" তখন নবী (সা.) বললেন, ""আমার কাছে কিছু নেই।"" এরপর একজন বললেন, ""হে রাসূলুল্লাহ, আমি তাকে সাহায্য করার জন্য কাউকে দেখাতে পারি।"" নবী (সা.) তখন বললেন, ""যে কাউকে ভালো কাজের দিকে নির্দেশ করে, তার জন্য সেই কাজ করার মতোই পুরস্কার থাকবে।""","['muslim_4899', 'muslim_5359', 'muslim_7007', 'muslim_4431', 'muslim_4265']",bukhari_5984,"['bukhari_5984', 'bukhari_5032.2', 'bukhari_6996', 'muslim_483', 'bukhari_429', 'bukhari_717', 'bukhari_6056', 'bukhari_7435', 'muslim_3265', 'bukhari_5757']"
C0491,"নবী সাল্লাল্লাহু আলাইহি ওয়া সাল্লাম বলেছেন, ""এটি এবং এটি সমান।""","['bukhari_6895', 'muslim_5312', 'muslim_4739', 'muslim_3877', 'muslim_4063']",muslim_5917,"['muslim_5917', 'muslim_3208', 'muslim_3776', 'muslim_4180', 'muslim_5450', 'muslim_7187', 'muslim_3362', 'muslim_1875', 'muslim_3981', 'muslim_340']"
C0494,"নবী (সাল্লাল্লাহু আলাইহি ওয়া সাল্লাম) একদল সাহাবীকে পাঠিয়ে তাদের নেতা হিসেবে একজন আনসারীকে নিয়োগ করেছিলেন এবং তাদেরকে তার কথা শুনতে বলেছেন। যখন তারা তার নির্দেশ মানতে অস্বীকার করল, তখন তিনি তাদেরকে আগুনে প্রবেশ করতে বলেছিলেন, কিন্তু তারা বলেছিল যে, তারা তো আগুন থেকে বাঁচার জন্য নবীর অনুসরণ করছে। নবী (সাল্লাল্লাহু আলাইহি ওয়া সাল্লাম) পরে বলেছিলেন, যদি তারা আগুনে প্রবেশ করত, তবে তারা কখনো বের হতে পারত না; কারণ, সঠিক নির্দেশে আনুগত্যই গুরুত্বপূর্ণ।","['bukhari_7145', 'muslim_4766', 'bukhari_4340', 'muslim_4765', 'bukhari_7257']",bukhari_415,"['bukhari_415', 'bukhari_297', 'muslim_483', 'bukhari_1658', 'muslim_1985', 'bukhari_355', 'bukhari_5510', 'bukhari_5037', 'bukhari_1069', 'bukhari_1923']"
C0497,"আমি শুনেছি, রাসূলুল্লাহ সাল্লাল্লাহু আলাইহি ওয়া সাল্লাম রমজানের শেষ দশ দিন ইতিকাফ করতেন। আবদুল্লাহ রাদিয়াল্লাহু আনহু আমাকে সেই জায়গা দেখিয়েছেন যেখানে রাসূলুল্লাহ ইতিকাফ করতেন।","['muslim_2781', 'bukhari_2025', 'muslim_2780', 'muslim_2784', 'muslim_2769']",muslim_6970,"['muslim_6970', 'bukhari_6056', 'muslim_575', 'bukhari_1162', 'muslim_4845', 'muslim_5848', 'bukhari_3595.2', 'muslim_3509', 'muslim_3393', 'muslim_495']"
C0498,"দুইজন সাহাবী, যারা নবী মুহাম্মদ (সা.) এর সাথে ছিলেন, এক রাতে অন্ধকারে বের হন। তাদের সাথে ছিল দুটি আলো, যা তাদের পথ আলোকিত করছিল, এবং যখন তারা আলাদা হলেন, তখন প্রতিটি সাহাবীর সাথে একটি করে আলো রইল।","['bukhari_3639', 'bukhari_465', 'bukhari_3805', 'muslim_3420', 'muslim_6257']",muslim_471,"['muslim_471', 'bukhari_6145', 'muslim_6970', 'bukhari_6791', 'muslim_4866', 'muslim_3540', 'muslim_6429', 'muslim_7130', 'muslim_5795', 'muslim_6595']"
C0502,"নবী মুহাম্মদ (সা.) যখন নতুন পোশাক পরতেন, তখন তিনি সেটির নাম বলতেন এবং আল্লাহর কাছে তার জন্য শুকরিয়া জানাতেন। তিনি দোয়া করতেন যেন সেই পোশাকের ভালো দিকগুলো তার জন্য বরকত হয় এবং খারাপ দিক থেকে রক্ষা পান।","['muslim_6909', 'muslim_6908', 'muslim_6907', 'muslim_2085', 'muslim_1325']",bukhari_5406,"['bukhari_5406', 'bukhari_1073', 'bukhari_6505', 'bukhari_1740', 'bukhari_3536', 'bukhari_255', 'bukhari_241', 'bukhari_5984', 'bukhari_6798', 'bukhari_1199.2']"
C0504,"একজন বেদুঈন মসজিদে এসে প্রস্রাব করতে শুরু করেছিল। তখন রাসূলুল্লাহ (সা.) বললেন, তাকে ছেড়ে দাও, এবং পরে একটি পাত্রে পানি ঢেলে তার ওপর ঢালা হলো।","['muslim_660', 'muslim_661', 'bukhari_6025', 'muslim_5316', 'muslim_5926']",muslim_1832,"['muslim_1832', 'muslim_6012', 'muslim_5159', 'muslim_5921', 'muslim_3208', 'bukhari_2944', 'muslim_6292', 'muslim_5274', 'muslim_5917', 'muslim_789']"
C0505,"আমি শুনেছি যে, সাহল বিন সাদ বলেছেন, নবী মুহাম্মদ (সা.) জীবদ্দশায় কখনো নকী (ছাঁকা) খাবার খাননি। তিনি বলেন, আমাদের কাছে তখন নকী করার যন্ত্রও ছিল না, তাই আমরা যবকে পিষে বাতাসে উড়িয়ে খেতাম।","['bukhari_5413', 'muslim_1562', 'muslim_4669', 'muslim_6966', 'muslim_3743']",bukhari_4923,"['bukhari_4923', 'bukhari_297', 'muslim_434', 'muslim_483', 'bukhari_1923', 'bukhari_255', 'bukhari_5764', 'muslim_1985', 'bukhari_5032.2', 'bukhari_1011']"
C0508,"রাসূলুল্লাহ (সাল্লাল্লাহু আলাইহি ওয়া সাল্লাম) বলেছেন, পাঁচটি প্রাণী আছে যেগুলো মক্কা-মদিনার পবিত্র এলাকায় হত্যা করা যায়। এগুলো হলো: কাক, ঈগল, ক্ষিপ্র কুকুর, বিষধর পোকা এবং ইঁদুর।","['muslim_2862', 'muslim_2865', 'bukhari_1829', 'bukhari_1828', 'bukhari_3314']",bukhari_7424,"['bukhari_7424', 'bukhari_3071', 'bukhari_4611', 'bukhari_6227', 'bukhari_5084', 'bukhari_3299', 'bukhari_337', 'bukhari_7386', 'bukhari_114', 'bukhari_6632']"
C0509,"আমি শুনেছি, রাসূলুল্লাহ (সা.)-এর সাথে আমরা সিজদা করেছি যখন {আসমান ফাটে} এবং {তোমার রবের নামে পাঠ কর} আয়াতগুলো পড়া হচ্ছিল।","['muslim_1301', 'muslim_1302', 'bukhari_4924', 'muslim_1040', 'muslim_1299']",bukhari_6145,"['bukhari_6145', 'muslim_6970', 'bukhari_6791', 'muslim_618', 'bukhari_1073', 'muslim_471', 'bukhari_6505', 'muslim_6162', 'muslim_7071', 'muslim_4866']"
C0514,"রাসূলুল্লাহ (সা.) বলেছেন যে, তিনি আশুরার দিন রোজা রাখার নির্দেশ দিয়েছিলেন, কিন্তু যখন রমজান মাস ফরজ করা হলো, তখন যিনি চাইবেন রোজা রাখবেন এবং যিনি চাইবেন রোজা ভঙ্গ করবেন।","['bukhari_2001', 'muslim_2640', 'muslim_2637', 'muslim_2642', 'muslim_2608']",muslim_495,"['muslim_495', 'muslim_6746', 'muslim_3834', 'muslim_3265', 'muslim_450', 'muslim_3862', 'muslim_3811', 'bukhari_4545', 'muslim_3671', 'muslim_5964']"
C0516,"আমি শুনেছি যে আবু তালিব বলেছেন, যখন নবী সাল্লাল্লাহু আলাইহি ওয়াসাল্লাম আকাশ থেকে বৃষ্টি প্রার্থনা করছিলেন, তখন তাঁর মুখের দিকে তাকালে মনে হচ্ছিল যেন সমস্ত জলধারা প্রবাহিত হচ্ছে। তাঁর মুখের সৌন্দর্য এতটাই ছিল যে তা এতিমদের জন্য আশ্রয় এবং বিধবাদের জন্য নিরাপত্তা প্রদান করে।","['bukhari_1008', 'bukhari_1009', 'muslim_1449', 'muslim_6095', 'muslim_4653']",bukhari_643,"['bukhari_643', 'muslim_4406', 'muslim_495', 'muslim_3509', 'muslim_3862', 'bukhari_5257', 'bukhari_284', 'bukhari_6996', 'muslim_434', 'muslim_1621']"
C0521,"নবীজি বলেছেন, যে ব্যক্তি তার অধিকারী দাসকে মুক্তি দেয়, তাকে অবশ্যই তার অংশীদারদের ন্যায্য অংশ দিতে হবে। অন্যথায়, মুক্তি দেওয়া অংশটি তার জন্য কার্যকর হবে না।","['muslim_4325', 'muslim_3770', 'bukhari_2522', 'muslim_4327', 'muslim_4326']",muslim_3208,"['muslim_3208', 'muslim_6177', 'muslim_2752', 'muslim_6292', 'bukhari_457', 'muslim_2751', 'muslim_5917', 'muslim_7167', 'muslim_3981', 'muslim_3362']"
C0529,"হাসান বিন সাবিত রাসূলুল্লাহ (সা.)-এর কাছে মুশরিকদের বিরুদ্ধে কবিতা লেখার অনুমতি চেয়েছিলেন। রাসূল (সা.) বলেছেন, ""তুমি তাদের সম্পর্কে কী বলবে?"" হাসান উত্তর দেন, ""আমি তাদের বিরুদ্ধে এমনভাবে কথা বলব, যেমন আটা থেকে একটি চুল বের করা হয়।"" এছাড়া, আইশা (রা.) বলেছেন, ""তাকে গালি দিও না, কারণ তিনি রাসূল (সা.)-এর পক্ষ থেকে প্রতিরক্ষা করেছেন।""","['bukhari_6150', 'bukhari_3531', 'bukhari_4145', 'muslim_6395', 'muslim_6389']",bukhari_4545,"['bukhari_4545', 'muslim_1279', 'muslim_1985', 'muslim_5964', 'muslim_1280', 'muslim_3671', 'bukhari_3322', 'muslim_3834', 'muslim_4034', 'muslim_3811']"
C0530,"আমি শুনেছি, রাসূলুল্লাহ (সা.) বলেছেন, একটি নারীকে একটি বিড়ালের কারণে শাস্তি দেওয়া হয়েছে, কারণ সে বিড়ালটিকে খাবার বা পানি দেয়নি এবং তাকে মাটির পোকামাকড় খেতে মুক্তও রাখেনি।","['muslim_5855', 'muslim_6677', 'muslim_5852', 'muslim_6675', 'bukhari_3318']",muslim_6746,"['muslim_6746', 'bukhari_3322', 'muslim_1985', 'muslim_5964', 'muslim_3834', 'muslim_483', 'muslim_3876', 'bukhari_4545', 'muslim_1279', 'muslim_3671']"
C0531,"নবী মুহাম্মদ (সা.) বলেছেন, পুরুষদের জন্য জাফরান ব্যবহার করা নিষেধ।","['muslim_5507', 'bukhari_5846', 'muslim_3957', 'muslim_1218', 'muslim_3465']",muslim_3731,"['muslim_3731', 'muslim_6669', 'bukhari_3994', 'muslim_2762', 'muslim_789', 'muslim_3208', 'muslim_4910', 'muslim_6970', 'muslim_933', 'muslim_1832']"
C0533,"আমি শুনেছি যে, রাসূলুল্লাহ (সা.) খায়বারে গিয়েছিলেন এবং সেখানে যুদ্ধ করে বিজয়ী হয়েছিলেন। এরপর তিনি বন্দীদের একত্রিত করেছিলেন।","['muslim_3497', 'muslim_4665', 'bukhari_371', 'muslim_6978', 'muslim_4582']",muslim_1832,"['muslim_1832', 'muslim_6012', 'muslim_3208', 'muslim_5274', 'muslim_6433', 'bukhari_5084', 'muslim_6292', 'muslim_1889', 'muslim_6342', 'muslim_6970']"
C0534,"নবী মুহাম্মদ (সা.) বলেছেন, আমাদের একবার খায়বারের যুদ্ধে মাংস খাওয়ার সময় তিনি ঘোষণা করেছিলেন যে, ঘোড়ার মাংস খাওয়া নিষেধ। তিনি বলেছিলেন, কারণ তারা মল খায়।","['muslim_5010', 'muslim_5011', 'bukhari_3155', 'bukhari_4220', 'muslim_5017']",muslim_6970,"['muslim_6970', 'muslim_3731', 'muslim_1832', 'muslim_2762', 'muslim_4910', 'muslim_3440', 'muslim_6996', 'muslim_5552', 'muslim_3357', 'muslim_471']"
C0535,নবী (সাল্লাল্লাহু আলাইহি ওয়াসাল্লাম) একজন মৃতের জন্য দাফনের পর নামাজ পড়েছিলেন।,"['muslim_2211', 'muslim_7418', 'bukhari_1340', 'muslim_3728', 'muslim_7502']",muslim_3731,"['muslim_3731', 'bukhari_3994', 'bukhari_2944', 'muslim_2762', 'muslim_1832', 'bukhari_1345', 'muslim_5274', 'muslim_3208', 'muslim_789', 'muslim_6041']"
C0540,"তিনি বলেছেন, তিনি জিলকদ মাসে চারটি উমরা করেছেন, তবে হুদায়বিয়ার সাথে যে উমরা করেছেন সেটি বাদে। এছাড়াও তিনি জানিয়েছেন, তিনি জারআনা থেকে এবং হুনাইন যুদ্ধে গনিমতের বণ্টনের সময়ও উমরা করেছেন।","['bukhari_1780', 'muslim_3032', 'bukhari_4148', 'bukhari_1778', 'bukhari_1779']",muslim_6970,"['muslim_6970', 'bukhari_5084', 'bukhari_6145', 'muslim_471', 'muslim_4910', 'muslim_6635', 'muslim_3440', 'muslim_1113', 'muslim_3540', 'bukhari_489']"
C0541,"নবীজি বলেছেন, আল্লাহ এবং তাঁর ফেরেশতাগণ প্রথম সারির মুসল্লিদের ওপর দোয়া করেন।","['muslim_1946', 'muslim_949', 'muslim_944', 'muslim_7346', 'muslim_5765']",bukhari_3994,"['bukhari_3994', 'muslim_1832', 'muslim_2140', 'muslim_3208', 'muslim_6794', 'muslim_6433', 'bukhari_6145', 'muslim_7071', 'bukhari_5084', 'muslim_3440']"
C0544,"নবী (সা.) বলেছেন যে, আমাদের সাতটি অঙ্গের উপর সিজদা করতে হবে এবং তিনি আমাদেরকে নির্দেশ দিয়েছেন যে, আমাদের চুল ও কাপড়ের সাথে সিজদা করা উচিত নয়।","['muslim_1095', 'bukhari_815', 'bukhari_809', 'muslim_1097', 'muslim_1099']",muslim_495,"['muslim_495', 'muslim_3834', 'bukhari_284', 'muslim_6746', 'bukhari_5257', 'muslim_3265', 'muslim_483', 'bukhari_297', 'muslim_1985', 'muslim_2207']"
C0545,"আমি শুনেছি যে, রাসূলুল্লাহ (সা.) বলেছেন, যে ব্যক্তি সূর্য ওঠার আগে ফজরের এক রাকাত পায়, সে ফজর পেয়েছে এবং যে ব্যক্তি সূর্য ডুবার আগে আসরের এক রাকাত পায়, সে আসর পেয়েছে।","['muslim_1374', 'muslim_1377', 'bukhari_579', 'muslim_1376', 'bukhari_556']",bukhari_4545,"['bukhari_4545', 'muslim_4034', 'muslim_6746', 'bukhari_5589', 'muslim_495', 'muslim_3671', 'muslim_6987', 'muslim_450', 'bukhari_5704', 'bukhari_4692']"
C0546,"আমি শুনেছি, নবীজি (সাল্লাল্লাহু আলাইহি ওয়া সাল্লাম) বলেছেন যে, সফরের সময় কিছু মানুষ রোজা রেখেছিল এবং কিছু মানুষ রোজা ভেঙেছিল। সেই গরম দিনে যারা রোজা ভেঙেছিল, তারা কাজ করে বেশি পুরস্কার অর্জন করেছে।","['muslim_2622', 'muslim_2623', 'bukhari_2890', 'muslim_2624', 'muslim_2618']",bukhari_823,"['bukhari_823', 'bukhari_297', 'bukhari_5406', 'bukhari_4029', 'bukhari_643', 'bukhari_6056', 'bukhari_1162', 'bukhari_3595.2', 'bukhari_517', 'bukhari_5860']"
C0549,"নবী (সাল্লাল্লাহু আলাইহি ওয়া সাল্লাম) আবু বকরকে বলেছিলেন যে, তিনি বের হওয়ার অনুমতি পেয়েছেন। আবু বকর তখন বললেন, ""হে রাসূল, আমি আপনার সঙ্গী হতে চাই।"" এরপর নবী (সা.) তাকে একটি উট দিলেন এবং তারা একসাথে গুহায় চলে গেলেন।","['bukhari_4093', 'muslim_6406', 'muslim_6322', 'muslim_6214', 'muslim_4580']",bukhari_3994,"['bukhari_3994', 'muslim_3731', 'bukhari_6145', 'bukhari_6505', 'muslim_2762', 'bukhari_1073', 'bukhari_4805', 'bukhari_5984', 'bukhari_241', 'muslim_764']"
C0551,"আমি শুনেছি, রাসূলুল্লাহ (সা.) বলেছেন যে, সফরের সময় রোজা রাখার ব্যাপারে, তুমি চাইলে রোজা রাখতে পারো এবং চাইলে রোজা ভঙ্গ করতেও পারো।","['muslim_2625', 'bukhari_1943', 'muslim_2626', 'muslim_5309', 'muslim_3622']",bukhari_4545,"['bukhari_4545', 'muslim_4034', 'muslim_6746', 'muslim_3671', 'muslim_1985', 'bukhari_3322', 'muslim_495', 'muslim_5964', 'muslim_1280', 'muslim_450']"
C0554,"আমি শুনেছি, রাসূলুল্লাহ (সা.) বলেছেন যে, যদি কেউ শিকার করে কিন্তু তার কাছে ছুরি না থাকে, তাহলে সে মাটির টুকরা বা লাঠির সাহায্যে পশুর রক্ত বের করতে পারে এবং আল্লাহর নাম স্মরণ করতে হবে।","['muslim_4972', 'muslim_4653', 'muslim_7065', 'muslim_4977', 'muslim_144']",muslim_6746,"['muslim_6746', 'bukhari_3322', 'muslim_1985', 'muslim_3671', 'muslim_3876', 'muslim_5964', 'muslim_483', 'muslim_3822', 'bukhari_4545', 'muslim_3834']"
C0556,"রাসূলুল্লাহ (সা.) বলেছিলেন যে, যারা ইসলামের পথে এসেছে তাদেরকে কুফফারদের কাছে ফিরে যাওয়া উচিত নয় এবং মুসলমানদের উচিত তাদের স্ত্রীদের জন্য যে খরচ হয়েছে তা ফেরত দেওয়া। উমর (রা.) দুইটি স্ত্রীকে তালাক দিয়েছিলেন এবং পরে তাদেরকে অন্যদের সাথে বিয়ে করেছিলেন।","['bukhari_2733', 'bukhari_4182', 'muslim_4440', 'muslim_4612', 'muslim_4588']",bukhari_4545,"['bukhari_4545', 'muslim_483', 'bukhari_4923', 'muslim_3834', 'muslim_1985', 'bukhari_4029', 'bukhari_3322', 'muslim_6746', 'bukhari_5510', 'bukhari_517']"
C0557,"আমি শুনেছি, রাসূলুল্লাহ (সা.) বলেছেন যে, শয়তান আমাদের মাথার পেছনে তিনটি গিঁট বেঁধে দেয় যখন আমরা ঘুমাই। যদি আমরা ঘুম থেকে উঠে আল্লাহকে স্মরণ করি, তাহলে প্রথম গিঁট খুলে যায়; যদি আমরা ওযু করি, তাহলে দ্বিতীয় গিঁট খুলে যায়; এবং যদি আমরা নামাজ পড়ি, তাহলে তৃতীয় গিঁটও খুলে যায়। এর ফলে আমরা সকালের সময় সতেজ ও ভালো মনের সাথে উঠি, নাহলে আমরা অলস ও খারাপ মনের সাথে উঠি।","['bukhari_1142', 'bukhari_3269', 'muslim_1819', 'muslim_564', 'muslim_847']",bukhari_7039,"['bukhari_7039', 'bukhari_7038', 'muslim_1985', 'bukhari_7040', 'bukhari_4311', 'bukhari_3322', 'muslim_4034', 'bukhari_5501', 'bukhari_2950', 'muslim_6746']"
C0560,"নবী সাল্লাল্লাহু আলাইহি ওয়াসাল্লাম বলেছেন, আল্লাহ তাদের জন্য বিশেষ পুরস্কার নির্ধারণ করেছেন যারা তাঁর পথে বের হয়। তিনি আরও বলেছেন, যদি আমার উম্মতের জন্য কষ্টকর না হতো, তবে আমি কখনোই যুদ্ধের পিছনে বসে থাকতাম।","['bukhari_36', 'muslim_4859', 'bukhari_2797', 'muslim_4861', 'muslim_4864']",muslim_575,"['muslim_575', 'muslim_4845', 'muslim_2762', 'muslim_6970', 'muslim_3393', 'muslim_5796', 'muslim_6429', 'muslim_6653', 'bukhari_1162', 'muslim_3509']"
C0561,"নবী মুহাম্মদ (সা.) মারা যাওয়ার পর আবু বকর (রা.) ঘোষণা করেছিলেন যে, যাদের নবীর কাছে কিছু পাওনা ছিল, তারা যেন তার কাছে আসেন। জাবির (রা.) বলেছিলেন যে, নবী (সা.) তাকে তিনবার কিছু দেওয়ার প্রতিশ্রুতি দিয়েছিলেন এবং তিনি তিনবার পাঁচশত করে টাকা পেয়েছিলেন।","['bukhari_2683', 'muslim_6023', 'muslim_6024', 'bukhari_2296', 'muslim_2304']",bukhari_4923,"['bukhari_4923', 'muslim_483', 'bukhari_4545', 'bukhari_255', 'bukhari_4029', 'bukhari_7395', 'muslim_1985', 'muslim_434', 'bukhari_5681', 'bukhari_254']"
C0562,"রাসুলুল্লাহ (সা.) বলেছেন, হাতিব বিন আবি বালতআ একবার মক্কার কিছু মুশরিকদের কাছে রাসুলের কিছু খবর পাঠাচ্ছিলেন। তিনি বললেন, তিনি এটা কুফরির জন্য করেননি, বরং তার পরিবারের নিরাপত্তার জন্য এটি করেছিলেন। রাসুল (সা.) তাকে মাফ করে দিলেন এবং বললেন, ""তোমরা যা খুশি করো, আমি তোমাদের মাফ করে দিয়েছি।""","['muslim_6401', 'bukhari_3007', 'bukhari_4274', 'bukhari_4890', 'bukhari_3983']",muslim_1985,"['muslim_1985', 'bukhari_4545', 'bukhari_3322', 'muslim_483', 'muslim_3834', 'muslim_1279', 'muslim_6746', 'muslim_3876', 'muslim_3671', 'muslim_514']"
C0565,"রাসূলুল্লাহ (সা.) বলেছেন, ""কোনো রোগের সংক্রমণ নেই।"" এক বেদুইন প্রশ্ন করেছিল, ""হে রাসূল, তাহলে কেন আমার উটগুলো বালির মধ্যে থাকে এবং যখন একটি রোগাক্রান্ত উট তাদের কাছে আসে, তখন কি তারা আক্রান্ত হয়?"" রাসূল (সা.) উত্তর দিয়েছেন, ""তাহলে প্রথম রোগটি কার?""","['muslim_5788', 'bukhari_5717', 'bukhari_5770', 'bukhari_5773', 'muslim_5789']",bukhari_4545,"['bukhari_4545', 'bukhari_1196', 'bukhari_5704', 'bukhari_5589', 'muslim_2086', 'bukhari_4311', 'bukhari_3322', 'bukhari_1534', 'bukhari_4692', 'bukhari_5345']"
C0567,"একজন ব্যক্তি মিনায় নবীকে জিজ্ঞেস করলেন, ""হে রাসূল, আমরা জাহেলিয়াতে রজব মাসে একটি পশু উৎসর্গ করতাম, এখন আমাদের কী করা উচিত?"" নবী উত্তর দিলেন যে, যে কোনো মাসে পশু জবাই করতে পারেন এবং আল্লাহর প্রতি ভালো কাজ করতে পারেন।","['muslim_5043', 'muslim_7066', 'muslim_4624', 'muslim_3035', 'muslim_3640']",bukhari_4545,"['bukhari_4545', 'bukhari_7395', 'bukhari_4029', 'bukhari_3569', 'bukhari_5681', 'bukhari_1534', 'muslim_514', 'bukhari_429', 'muslim_483', 'muslim_2086']"
C0569,"আবদুল্লাহ বিন রাওয়াহা যখন মারা গেলেন, তখন তার জন্য কেউ কাঁদল না।","['bukhari_4268', 'muslim_4659', 'bukhari_4267', 'muslim_4147', 'muslim_307']",bukhari_2944,"['bukhari_2944', 'muslim_5921', 'muslim_5159', 'muslim_5274', 'bukhari_3994', 'muslim_1832', 'muslim_3731', 'muslim_3208', 'muslim_6292', 'muslim_5917']"
C0571,"ফাতিমা বিন্ত আবি হাবিশ নবী মুহাম্মদ (সা.)-এর কাছে গিয়েছিলেন এবং তিনি তাকে বলেছিলেন যে, সে গোসল করে প্রতিটি নামাজের জন্য ওজু করুক এবং নামাজ পড়ুক।","['bukhari_228', 'bukhari_325', 'muslim_753', 'muslim_759', 'muslim_760']",muslim_3834,"['muslim_3834', 'muslim_5979', 'muslim_495', 'bukhari_1073', 'muslim_575', 'muslim_3509', 'bukhari_643', 'muslim_3265', 'muslim_483', 'bukhari_297']"
C0572,"নবী মুহাম্মদ (সা.) বলেছেন, তোমরা ইহুদিদের সঙ্গে যুদ্ধ করবে, এমনকি পাথরও বলবে, ""হে মুসলিম, এই ইহুদি আমার পেছনে আছে, আসো এবং তাকে হত্যা করো।""","['bukhari_3593', 'bukhari_2926', 'bukhari_2925', 'muslim_4592', 'muslim_3242']",muslim_3265,"['muslim_3265', 'muslim_575', 'muslim_495', 'bukhari_5257', 'muslim_5979', 'muslim_857', 'muslim_3514', 'bukhari_5032.2', 'bukhari_5984', 'bukhari_7435']"
C0573,"রাসূলুল্লাহ (সা.) মহিলাদের পরীক্ষা করার জন্য একটি আয়াত ব্যবহার করতেন। তিনি বলতেন, যারা এই শর্তে সম্মত হতো, তাদের তিনি বলতেন, ""আমি তোমাদের সাথে বাইয়াত করেছি,"" এবং তিনি কখনোই মহিলাদের হাত স্পর্শ করতেন না।","['bukhari_2713', 'bukhari_4891', 'muslim_4834', 'bukhari_5288', 'muslim_3508']",muslim_6996,"['muslim_6996', 'muslim_6710', 'muslim_789', 'muslim_1148', 'muslim_3208', 'muslim_933', 'muslim_997', 'muslim_3639', 'muslim_4109', 'muslim_1889']"
C0576,"নবী সাল্লাল্লাহু আলাইহি ওয়াসাল্লাম বলেছেন, যখন তোমরা বিছানায় যাও, তখন তোমাদের কাপড় তিনবার ঝাঁকিয়ে নাও এবং বলো, ""হে আমার প্রভু, আমি তোমার নামে আমার পাশে শুয়ে পড়লাম এবং তোমার নামে উঠবো। যদি তুমি আমার আত্মাকে ধরে রাখো, তবে তাকে ক্ষমা করো, আর যদি তুমি মুক্ত করো, তবে তোমার সৎ বান্দাদের মতো রক্ষা করো।""","['bukhari_7393', 'bukhari_6320', 'muslim_6892', 'muslim_397', 'bukhari_2559']",bukhari_3322,"['bukhari_3322', 'bukhari_5396', 'muslim_2822', 'bukhari_5704', 'muslim_1985', 'bukhari_4393', 'bukhari_288', 'bukhari_4545', 'muslim_6746', 'bukhari_1534']"
C0577,"কাব বিন মালিকের একটি গৃহকর্মী তার গরুদের জন্য একটি ভেড়া জবাই করে। যখন এটি নবী মুহাম্মদ (সা) এর কাছে পৌঁছানো হয়, তিনি তাদের এটি খেতে বলেন।","['bukhari_5502', 'bukhari_5505', 'bukhari_5501', 'bukhari_2304', 'bukhari_5504']",muslim_3731,"['muslim_3731', 'muslim_1832', 'bukhari_3994', 'muslim_6970', 'bukhari_2200', 'bukhari_241', 'bukhari_2944', 'muslim_2140', 'muslim_337', 'bukhari_5084']"
C0580,"আমি শুনেছি যে রাসূলুল্লাহ (সাল্লাল্লাহু আলাইহি ওয়া সাল্লাম) মিম্বারে বলেছিলেন, ""তোমরা তাদের জন্য যতটা সম্ভব শক্তি প্রস্তুত করো। নিশ্চয় শক্তি হলো তীর ছোড়া।""","['muslim_4946', 'muslim_3157', 'muslim_4949', 'muslim_6307', 'muslim_6121']",bukhari_4473,"['bukhari_4473', 'muslim_764', 'bukhari_6505', 'bukhari_1162', 'bukhari_3307', 'bukhari_5984', 'muslim_6970', 'muslim_281', 'muslim_575', 'muslim_6162']"
C0582,"নবী মুহাম্মদ (সা.) কৃষি জমি ভাড়া দেওয়া থেকে নিষেধ করেছেন। আমি সালেমকে জিজ্ঞেস করলাম, তুমি কি ভাড়া দাও? তিনি বললেন, হ্যাঁ, কারণ এতে তার জন্য বেশি লাভ হয়।","['bukhari_4012', 'bukhari_4013', 'muslim_3940', 'muslim_3938', 'muslim_3944']",bukhari_3994,"['bukhari_3994', 'muslim_3208', 'muslim_1832', 'muslim_6292', 'muslim_933', 'muslim_3639', 'muslim_2752', 'muslim_913', 'muslim_2140', 'muslim_5917']"
C0585,"নবী (সা.) বলেছেন, যখন লোকেরা তাদের খাবার কমিয়ে ফেলেছিল, তখন তিনি তাদেরকে বলেছিলেন যে, তারা যেন তাদের অতিরিক্ত খাবার নিয়ে আসে। এরপর তিনি সেই খাবারগুলো একত্রিত করে সবাইকে খাওয়ানোর ব্যবস্থা করেছিলেন।","['bukhari_2484', 'bukhari_2982', 'muslim_139', 'muslim_5316', 'muslim_7356']",bukhari_1073,"['bukhari_1073', 'muslim_495', 'bukhari_5257', 'bukhari_5984', 'bukhari_6505', 'muslim_575', 'muslim_3265', 'muslim_3834', 'bukhari_1162', 'bukhari_6056']"
C0589,"রাসূলুল্লাহ (সা.) বলেছেন, ""নবীজ গর-এর পানীয় হারাম।"" আমি ইবন আব্বাসের কাছে গিয়েছিলাম এবং ইবন উমরের সম্পর্কে জিজ্ঞেস করেছিলাম, তিনিও একই কথা বলেছেন।","['muslim_5187', 'muslim_5190', 'muslim_5194', 'muslim_5191', 'muslim_5197']",muslim_3208,"['muslim_3208', 'muslim_789', 'muslim_3639', 'muslim_4850', 'muslim_6292', 'muslim_933', 'muslim_1889', 'muslim_2752', 'muslim_3981', 'muslim_997']"
C0592,"নবী সাল্লাল্লাহু আলাইহি ওয়াসাল্লাম বলেছেন, জ্বর জাহান্নামের উত্তাপ থেকে আসে, তাই এর তাপ কমানোর জন্য পানি ব্যবহার করতে হবে।","['muslim_5755', 'muslim_5751', 'muslim_5752', 'bukhari_3264', 'bukhari_5725']",muslim_6746,"['muslim_6746', 'muslim_4034', 'muslim_5964', 'muslim_3876', 'bukhari_3322', 'muslim_1985', 'muslim_3671', 'muslim_1280', 'muslim_450', 'muslim_3822']"
C0594,"নবী সাল্লাল্লাহু আলাইহি ওয়াসাল্লাম বলেছেন, সকল নখযুক্ত জন্তু খাওয়া নিষেধ।","['muslim_4988', 'bukhari_5780', 'bukhari_5781', 'muslim_4989', 'bukhari_5530']",muslim_4866,"['muslim_4866', 'muslim_6429', 'muslim_5428', 'muslim_7130', 'muslim_3540', 'muslim_6970', 'muslim_208', 'muslim_471', 'bukhari_6791', 'muslim_2129']"
C0595,"নবী সাল্লাল্লাহু আলাইহি ওয়া সাল্লাম সফর থেকে ফিরে এসে দেখলেন, সেখানে কিছু মূর্তি ঝুলানো আছে। তিনি আমাকে নির্দেশ দিলেন সেগুলো নামাতে, আমি সেগুলো নামিয়ে ফেললাম।","['bukhari_5955', 'muslim_5523', 'muslim_5520', 'muslim_7041', 'muslim_1659']",muslim_6970,"['muslim_6970', 'bukhari_6145', 'muslim_471', 'bukhari_5084', 'muslim_3348', 'muslim_3576', 'muslim_3440', 'muslim_7071', 'bukhari_1073', 'bukhari_6505']"
C0596,"নবী মুহাম্মদ (সা.) বলেছেন, যখন তাঁর ওপর কোনো কষ্ট নেমে আসতো, তখন তাঁর মুখমণ্ডল পরিবর্তিত হয়ে যেত। একদিন তিনি বললেন, ""তোমরা আমার থেকে শিখো, আল্লাহ কিছু বিধান নির্ধারণ করেছেন। বিবাহিতদের জন্য শাস্তি হলো একশ' কোড়া মারা এবং তারপর পাথর নিক্ষেপ করা, আর অবিবাহিতদের জন্য একশ' কোড়া মারা এবং তারপর নির্বাসিত করা।""","['muslim_4416', 'muslim_4414', 'muslim_6060', 'muslim_3477', 'muslim_4454']",bukhari_430,"['bukhari_430', 'bukhari_6996', 'bukhari_1069', 'bukhari_255', 'bukhari_4866', 'bukhari_297', 'bukhari_1923', 'bukhari_4410', 'bukhari_415', 'bukhari_3122']"
C0598,"রাসূলুল্লাহ (সা.) বলেছেন, যে ব্যক্তি তার রাতের কিছু অংশের নামাজ বা দোয়া পড়তে পারেনি, যদি সে ফজর ও জোহরের মধ্যে তা পড়ে, তাহলে তার জন্য তা রাতের মতোই লেখা হবে।","['muslim_1745', 'muslim_1388', 'muslim_1389', 'muslim_1748', 'muslim_1794']",muslim_6987,"['muslim_6987', 'muslim_4034', 'muslim_6746', 'muslim_450', 'muslim_5964', 'muslim_3876', 'bukhari_4311', 'bukhari_3322', 'bukhari_5704', 'muslim_1985']"
C0600,"নবীজি (সাল্লাল্লাহু আলাইহি ওয়া সাল্লাম) বলেছিলেন, যদি কারও মাথায় কিছু সমস্যা হয়, তাহলে তাকে মাথা কামাতে হবে। তিনি আমাকে বললেন, তিন দিন রোজা রাখো, অথবা ছয়টি গরিবকে কিছু দান করো, অথবা তোমার সাধ্য অনুযায়ী কুরবানী করো।","['muslim_2880', 'bukhari_1815', 'muslim_2879', 'muslim_2883', 'muslim_2881']",bukhari_6505,"['bukhari_6505', 'bukhari_1162', 'bukhari_5984', 'muslim_495', 'bukhari_6056', 'bukhari_6791', 'muslim_6970', 'muslim_281', 'bukhari_5257', 'bukhari_6145']"
C0601,"আয়েশা বলেছেন, রাসূলুল্লাহ (সা.) সবকিছুতে ডান দিককে পছন্দ করতেন, যেমন পরিষ্কার হওয়া, চুল বাঁধা এবং জুতা পরা।","['muslim_617', 'bukhari_426', 'bukhari_5380', 'bukhari_168', 'bukhari_5854']",muslim_495,"['muslim_495', 'muslim_7440', 'bukhari_6791', 'muslim_208', 'muslim_2410', 'muslim_3514', 'muslim_471', 'muslim_6970', 'muslim_5796', 'muslim_6531']"
C0604,"নবী (সাল্লাল্লাহু আলাইহি ওয়াসাল্লাম) বলেছেন, কিয়ামত আসবে না যতক্ষণ না তোমরা এমন একটি জাতির বিরুদ্ধে যুদ্ধ করবে, যাদের জুতা হবে পশমের এবং চোখ হবে ছোট। তাদের নাক হবে চ্যাপ্টা, যেন তাদের মুখের অবস্থা পেরেকের মতো।","['muslim_7312', 'muslim_7310', 'bukhari_2929', 'bukhari_2928', 'muslim_7314']",muslim_913,"['muslim_913', 'muslim_3208', 'muslim_789', 'muslim_3981', 'muslim_5875', 'muslim_4940', 'bukhari_3994', 'muslim_3639', 'muslim_7167', 'muslim_4183']"
C0608,"নবীজি সাল্লাল্লাহু আলাইহি ওয়া সাল্লাম বলেছেন, আপনার বন্ধু যা বলবে, আপনার কসম সেই কথার সত্যতা নিশ্চিত করবে। আমরও বলেছেন, আপনার বন্ধু আপনাকে সেই কথায় সত্যি প্রতিপন্ন করবে।","['muslim_4283', 'muslim_4387', 'muslim_7502', 'muslim_7501', 'muslim_4631']",bukhari_5199,"['bukhari_5199', 'bukhari_4386', 'bukhari_7530', 'bukhari_1885', 'muslim_2129', 'bukhari_5673', 'bukhari_7110', 'muslim_948', 'bukhari_7405', 'bukhari_3541']"
C0610,"আমি অনেকবার শুনেছি যে মকহুলা প্রশ্ন করেছেন এবং বলেছেন, ""আমি জানি না।""","['muslim_469', 'muslim_454', 'muslim_3157', 'muslim_7439', 'muslim_7375']",muslim_1336,"['muslim_1336', 'muslim_3445', 'bukhari_3704', 'muslim_3301', 'muslim_3612', 'bukhari_402.2', 'bukhari_5802', 'muslim_5428', 'bukhari_5056', 'bukhari_1337']"
C0611,"নবী সাল্লাল্লাহু আলাইহি ওয়াসাল্লাম বলেছেন, আল্লাহ একজন ব্যক্তির মুখকে গাধার মুখে পরিণত করবেন।","['muslim_965', 'muslim_2853', 'muslim_5552', 'bukhari_691', 'muslim_5031']",muslim_495,"['muslim_495', 'muslim_450', 'muslim_3496', 'muslim_4152', 'muslim_3610', 'bukhari_4545', 'muslim_2410', 'muslim_5488', 'bukhari_518', 'muslim_3862']"
C0612,"আমি শুনেছি যে রাসূলুল্লাহ (সা.) বলেছেন, ""হে আল্লাহ, আমি তোমার কাছে একটি অঙ্গীকার করেছি যা তুমি ভঙ্গ করবে না। তাই যদি আমি কোনো মুমিনকে গালি দিই বা শাস্তি দিই, তাহলে তা যেন তার জন্য কিয়ামতের দিন মাফ হয়ে যায়।""","['muslim_6624', 'muslim_6622', 'muslim_6623', 'muslim_6619', 'bukhari_6361']",bukhari_5984,"['bukhari_5984', 'bukhari_6997', 'bukhari_1073', 'bukhari_6056', 'muslim_575', 'bukhari_6996', 'muslim_281', 'bukhari_6505', 'muslim_857', 'bukhari_7435']"
C0613,"আমি নবী সাল্লাল্লাহু আলাইহি ওয়াসাল্লামকে জিজ্ঞেস করেছিলাম, যদি আমি আমার শিকারের কুকুরগুলোকে পাঠাই, তাহলে কি করব? তিনি বললেন, যদি তুমি কুকুরগুলোকে পাঠাও এবং আল্লাহর নাম উল্লেখ করো, তাহলে তুমি শিকার করতে পারো।","['bukhari_7397', 'muslim_4972', 'muslim_4973', 'muslim_4974', 'bukhari_5487']",bukhari_4545,"['bukhari_4545', 'bukhari_3322', 'bukhari_1534', 'muslim_2086', 'bukhari_5840', 'muslim_434', 'muslim_1985', 'muslim_514', 'muslim_6746', 'bukhari_7124']"
C0619,"আমরা যখন উমরের কাছে বসেছিলাম, তিনি বললেন, ""নবী (সা.) বলেছেন যে, মানুষের জন্য ফিতনা তার পরিবার, সম্পদ, সন্তান এবং প্রতিবেশীর মধ্যে থাকে, যা নামাজ, দান, ভালো কাজের আদেশ এবং মন্দ থেকে নিষেধ করার মাধ্যমে দূর করা যায়।"" উমর আরও জানতে চাইলেন যে, সেই ফিতনা কি সমুদ্রের ঢেউয়ের মতো হবে। তখন বলা হলো, ""না, আপনার জন্য এতে কোনো ভয় নেই, কারণ আপনার এবং এর মধ্যে একটি বন্ধ দরজা আছে।"" উমর জানতে চাইলেন, ""দরজাটি কি ভাঙা হবে, না খোলা হবে?"" উত্তরে বলা হলো, ""এটি ভাঙা হবে।"" উমর বললেন, ""তাহলে এটি কখনো বন্ধ হবে না।""","['muslim_7268', 'bukhari_7096', 'bukhari_525', 'bukhari_3586', 'bukhari_1435']",bukhari_4545,"['bukhari_4545', 'bukhari_5704', 'muslim_2086', 'bukhari_5345', 'bukhari_1534', 'bukhari_4692', 'bukhari_5665', 'bukhari_1196', 'bukhari_3707', 'bukhari_3262']"
C0620,"আম্মা সুলেম বললেন, তিনি নবীকে জিজ্ঞেস করেছিলেন যে, যদি একজন মহিলা স্বপ্নে পুরুষের মতো কিছু দেখে তাহলে কি তার গোসল করা উচিত? নবী বললেন, যদি সে পানি দেখে তবে তাকে গোসল করতে হবে।","['muslim_709', 'muslim_710', 'bukhari_130', 'muslim_712', 'muslim_711']",bukhari_3322,"['bukhari_3322', 'bukhari_4545', 'bukhari_7395', 'bukhari_7124', 'muslim_2086', 'muslim_514', 'bukhari_1534', 'bukhari_5681', 'bukhari_205', 'muslim_495']"
C0621,"আল্লাহর রাসূল (সাল্লাল্লাহু আলাইহি ওয়া সাল্লাম) বলেছেন, যদি তুমি তোমার ভাইয়ের কাছ থেকে ফল বিক্রি করো এবং তা ক্ষতিগ্রস্ত হয়, তাহলে তোমার জন্য তার থেকে কিছু নেওয়া বৈধ নয়। তোমার ভাইয়ের সম্পদ অন্যায়ভাবে নেওয়া উচিত নয়।","['muslim_3975', 'muslim_6023', 'muslim_3977', 'muslim_5063', 'muslim_7502']",muslim_6429,"['muslim_6429', 'muslim_5655', 'muslim_6996', 'muslim_848', 'muslim_1957', 'muslim_5701', 'muslim_7130', 'muslim_2762', 'muslim_5211', 'muslim_7477']"
C0622,"আজ আশুরার দিন। এটি ছিল জাহেলিয়াতের সময়ে আমাদের রোজা রাখার দিন। যখন রমজান এসেছে, তখন রাসূলুল্লাহ (সা.) বলেছেন, এটি আল্লাহর দিনগুলোর একটি। যে চায় রোজা রাখতে পারে, আর যে চায় রাখতে পারে না।","['muslim_2642', 'muslim_2637', 'muslim_2647', 'bukhari_2002', 'muslim_2638']",muslim_3208,"['muslim_3208', 'muslim_6342', 'muslim_3921', 'muslim_6292', 'muslim_1889', 'muslim_4850', 'muslim_7167', 'muslim_4183', 'muslim_789', 'muslim_6433']"
C0623,"রাসূলুল্লাহ (সা.) বলেছেন যে, যারা আমাদের প্রশংসা করে, তাদের মুখে মাটি ছিটিয়ে দিতে হবে।","['muslim_7505', 'muslim_7506', 'muslim_6229', 'muslim_694', 'muslim_2318']",muslim_5919,"['muslim_5919', 'muslim_1849', 'muslim_6945', 'muslim_4866', 'muslim_4009', 'muslim_6669', 'muslim_5118', 'muslim_6502', 'muslim_997', 'muslim_6387']"
C0626,"নবী (সা) বলেছেন, ""অতি কঠোরতা অবলম্বনকারীরা নিশ্চয়ই ধ্বংস হবে।""","['muslim_6784', 'muslim_539', 'muslim_7012', 'muslim_538', 'muslim_5770']",muslim_3776,"['muslim_3776', 'muslim_3362', 'muslim_3208', 'muslim_5917', 'muslim_2751', 'muslim_4180', 'muslim_6292', 'muslim_2559', 'muslim_4084', 'muslim_3161']"
C0627,"একজন ব্যক্তি নবী মুহাম্মদ (সা.)-এর কাছে রাতের নামাজ সম্পর্কে জানতে চেয়েছিলেন। নবী (সা.) বললেন, রাতের নামাজ দুই রাকাত করে পড়া উচিত, এবং যদি সকালে উঠে যাওয়ার ভয় হয়, তাহলে এক রাকাত পড়ে শেষ করতে হবে।","['muslim_1748', 'bukhari_990', 'muslim_1751', 'muslim_1750', 'muslim_1749']",bukhari_6505,"['bukhari_6505', 'bukhari_1073', 'bukhari_6145', 'muslim_6970', 'bukhari_1162', 'bukhari_158', 'bukhari_241', 'bukhari_6791', 'muslim_2762', 'bukhari_4805']"
C0628,"আমার চাচা বলেছিলেন, তিনি বদর যুদ্ধে উপস্থিত ছিলেন না এবং আল্লাহর কাছে প্রার্থনা করেছিলেন যে, যদি তিনি নবী (সা.) এর সাথে যুদ্ধ করতে পারেন, তবে আল্লাহ তাকে দেখাবেন কীভাবে তিনি লড়াই করেন। পরে উহুদ যুদ্ধে তিনি সাহসিকতার সাথে অংশ নেন এবং বলেন, ""হে আল্লাহ, আমি মুসলমানদের কাজের জন্য তোমার কাছে দুঃখ প্রকাশ করছি এবং মুশরিকদের থেকে নিজেকে মুক্ত করছি।"" তিনি যুদ্ধ করতে গিয়ে শহীদ হন এবং তার বোন তাকে চিনতে পারেন তার শরীরে থাকা আঘাতের কারণে।","['bukhari_4048', 'bukhari_2805', 'bukhari_2806', 'muslim_4918', 'muslim_5948']",bukhari_5406,"['bukhari_5406', 'muslim_495', 'bukhari_6996', 'muslim_483', 'bukhari_6056', 'bukhari_4867', 'bukhari_4029', 'bukhari_5257', 'bukhari_4866', 'bukhari_643']"
C0630,"মাওয়া (মাওয়িয়া) ইবন আবি সাফিয়ান বলেছেন, তিনি হজের সময় মিম্বারে দাঁড়িয়ে একটি চুলের পিন ধরেছিলেন এবং শহরের লোকদের জিজ্ঞাসা করেছেন, ""তোমাদের আলেমরা কোথায়? আমি নবী (সা.)-কে বলতে শুনেছি যে এরকম জিনিসের ব্যবহার নিষেধ। ইসরাইলের সন্তানরা যখন এরকম জিনিস গ্রহণ করেছিল, তখন তারা ধ্বংস হয়ে গিয়েছিল।""","['muslim_5578', 'bukhari_3468', 'bukhari_5932', 'bukhari_2003', 'muslim_2653']",bukhari_7395,"['bukhari_7395', 'bukhari_4029', 'muslim_3834', 'muslim_495', 'bukhari_4545', 'bukhari_429', 'muslim_483', 'bukhari_205', 'bukhari_4751', 'bukhari_4923']"
C0632,"রাসূলুল্লাহ (সা.) বলেছেন, যখন তোমরা নামাজের জন্য আসো, তখন দৌড়ে আসা উচিত নয়; বরং ধীরে ধীরে আসা উচিত এবং শান্তভাবে নামাজে অংশগ্রহণ করতে হবে। যে অংশ পেয়েছো, তা পড়ো এবং যে অংশ মিস হয়েছে, তা পরে পূরণ করো।","['muslim_1360', 'muslim_1359', 'bukhari_908', 'muslim_1361', 'muslim_1363']",muslim_495,"['muslim_495', 'bukhari_5257', 'muslim_3265', 'muslim_3834', 'muslim_2410', 'muslim_3811', 'muslim_483', 'bukhari_284', 'muslim_434', 'bukhari_3595.2']"
C0633,"আমার খালাতো বোন বললেন, তিনি নবী মুহাম্মদ (সা.)-এর কাছে গিয়ে বললেন যে তার ভাইয়ের শরীর খারাপ। নবী (সা.) তার মাথায় হাত রেখে বরকতের জন্য দোয়া করলেন, তারপর তিনি ওযু করলেন এবং আমি তার ওযুর পানি পান করলাম। আমি তার পেছনে দাঁড়িয়ে দেখলাম, তার কাঁধের মাঝে নবুওতের চিহ্ন ছিল।","['muslim_6087', 'bukhari_5670', 'bukhari_3541', 'bukhari_190', 'bukhari_6352']",bukhari_255,"['bukhari_255', 'bukhari_204', 'bukhari_4923', 'bukhari_6505', 'bukhari_5984', 'bukhari_297', 'bukhari_3719', 'bukhari_205', 'bukhari_4029', 'bukhari_5406']"
C0635,আমি দেখেছি যে নবী (সাল্লাল্লাহু আলাইহি ওয়া সাল্লাম) তাঁর পাগড়ি এবং মোজা উপর হাত বুলাচ্ছেন।,"['bukhari_205', 'muslim_634', 'muslim_3061', 'muslim_4646', 'muslim_5926']",muslim_3731,"['muslim_3731', 'bukhari_3994', 'muslim_7071', 'muslim_6970', 'muslim_6669', 'muslim_7155', 'muslim_6433', 'bukhari_6145', 'muslim_3208', 'muslim_1849']"
C0636,"নবী সাল্লাল্লাহু আলাইহি ওয়াসাল্লাম নামাজে দাঁড়িয়ে ছিলেন এবং শেষের দিকে দুইটি সিজদা করেছেন, তারপর সালাম দিয়েছেন।","['muslim_1271', 'muslim_1270', 'bukhari_6670', 'muslim_1269', 'bukhari_1225']",muslim_495,"['muslim_495', 'muslim_2207', 'muslim_4406', 'bukhari_643', 'bukhari_284', 'muslim_3834', 'muslim_3862', 'muslim_3265', 'muslim_3509', 'muslim_6746']"
C0639,নবী মুহাম্মদ (সা.) ইহরাম অবস্থায় এবং রোজা অবস্থায় হজম করেছেন।,"['bukhari_1938', 'muslim_2885', 'muslim_2886', 'bukhari_5700', 'bukhari_5701']",muslim_5159,"['muslim_5159', 'muslim_1832', 'muslim_5917', 'bukhari_3994', 'muslim_3208', 'muslim_3731', 'muslim_6431', 'bukhari_2944', 'muslim_3639', 'muslim_5921']"
C0640,"একজন বলেছেন, একজন পুরুষ তখনই ইমাম হতে পারে যখন সে কিছু কথা বলা থেকে বিরত থাকে।","['muslim_390', 'muslim_3199', 'muslim_3206', 'muslim_7263', 'muslim_2398']",muslim_6635,"['muslim_6635', 'muslim_1566', 'bukhari_3994', 'muslim_1849', 'bukhari_5091', 'muslim_6669', 'muslim_5428', 'bukhari_6242', 'muslim_5919', 'bukhari_5084']"
C0642,"নবী মুহাম্মদ (সা.) বলেছেন, যদি কিছু করতে হয়, তবে একবারই করতে হবে।","['muslim_1219', 'muslim_5791', 'muslim_5513', 'muslim_3557', 'muslim_6396']",muslim_3208,"['muslim_3208', 'muslim_3639', 'muslim_913', 'muslim_6342', 'muslim_7155', 'muslim_4183', 'bukhari_3994', 'muslim_7115', 'muslim_5917', 'muslim_789']"
C0644,"মাওয়া বলেছেন, তিনি মসজিদে একটি দলে এসে জানতে চাইলেন, তোমরা এখানে কেন বসে আছো? তারা বলল, আমরা আল্লাহর স্মরণে বসে আছি। তিনি বললেন, আল্লাহর কসম, তোমরা এখানে বসে আছো শুধু এই কারণে। এরপর তিনি বললেন, আমি তোমাদের শপথ করাতে চাইনি সন্দেহের জন্য, বরং জিবরাইল এসে আমাকে জানিয়েছে যে, আল্লাহ তায়ালা তোমাদের নিয়ে ফেরেশতাদের কাছে গর্ব করেন।","['muslim_6857', 'muslim_5705', 'muslim_4622', 'muslim_4387', 'muslim_7021']",muslim_514,"['muslim_514', 'bukhari_4029', 'muslim_434', 'muslim_2086', 'bukhari_5959', 'bukhari_7395', 'bukhari_3569', 'bukhari_764', 'bukhari_823', 'muslim_495']"
C0646,"রাসূলুল্লাহ (সা.) বলেছেন, কিছু পশু কোরবানি দেওয়া যাবে না, যেমন: যেগুলোর চোখের দৃষ্টি স্পষ্ট নয়, যেগুলো অসুস্থ, যেগুলো পঙ্গু এবং যেগুলো খুব দুর্বল। তিনি আরও বলেছেন, যদি কেউ এসব পশু কোরবানি দিতে না চায়, তাহলে তা তার জন্য নিষেধ নয়।","['muslim_4036', 'muslim_6479', 'muslim_7350', 'muslim_5053', 'muslim_6396']",muslim_4866,"['muslim_4866', 'muslim_6429', 'bukhari_6791', 'muslim_848', 'muslim_7130', 'muslim_208', 'muslim_4203', 'muslim_471', 'muslim_7192', 'muslim_5428']"
C0650,"নবী (সা.) বলেছেন, তিন ধরনের মানুষ আছেন যাদের সাথে আল্লাহ কিয়ামতের দিন কথা বলবেন না এবং তাদের দিকে তাকাবেনও না। তারা হলেন: একজন যে মিথ্যা শপথ করে পণ্য বিক্রি করে, একজন যে মিথ্যা শপথ করে অন্য মুসলিমের সম্পদ নিতে চায়, এবং একজন যে পানি দেওয়া থেকে বিরত থাকে। আল্লাহ তখন বলেন, 'আজ আমি তোমাকে আমার অনুগ্রহ থেকে বঞ্চিত করবো, যেমন তুমি অন্যের জন্য তোমার হাতের কাজ থেকে বঞ্চিত করেছ।'","['bukhari_2369', 'bukhari_7446', 'muslim_297', 'muslim_299', 'muslim_303']",muslim_483,"['muslim_483', 'muslim_1985', 'muslim_434', 'bukhari_4545', 'muslim_1279', 'bukhari_6989', 'bukhari_342', 'muslim_3811', 'muslim_3834', 'muslim_6746']"
C0651,"আল্লাহ বলেছেন, রাসূলুল্লাহ (সা.) মুজদালিফায় পৌঁছে মাগরিব ও ইশার নামাজ আদায় করেছেন একসাথে, এবং এর মধ্যে কিছুই পড়েননি।","['muslim_3099', 'muslim_2951', 'muslim_3101', 'muslim_5947', 'muslim_3111']",bukhari_6791,"['bukhari_6791', 'muslim_2410', 'muslim_471', 'muslim_7440', 'muslim_6531', 'muslim_3514', 'muslim_6970', 'bukhari_158', 'muslim_495', 'muslim_5962']"
C0652,"কুরাইশ আমাকে রাসূলুল্লাহ (সাল্লাল্লাহু আলাইহি ওয়া সাল্লাম) এর কাছে পাঠিয়েছিল। আমি যখন তাঁকে দেখলাম, তখন আমার মনে ইসলাম প্রবাহিত হলো এবং আমি বললাম, ""হে রাসূল, আমি আর তাদের কাছে ফিরে যাব না।"" রাসূল (সাল্লাল্লাহু আলাইহি ওয়া সাল্লাম) বললেন, ""আমি প্রতিশ্রুতি ভঙ্গ করি না, তবে তুমি ফিরে যাও। যদি তোমার মনে সত্যিই ইসলাম গ্রহণের ইচ্ছা থাকে, তবে ফিরে আসো।"" এরপর আমি ফিরে এসে ইসলাম গ্রহণ করলাম।","['muslim_4264', 'muslim_147', 'muslim_4678', 'muslim_6396', 'muslim_4622']",bukhari_5396,"['bukhari_5396', 'bukhari_4545', 'bukhari_3322', 'bukhari_2432', 'muslim_1985', 'muslim_514', 'bukhari_415', 'bukhari_1923', 'bukhari_5704', 'bukhari_4393']"
C0653,"নবী মুহাম্মদ (সা.) যখন তার পরিবারের বিছানায় নামাজ পড়ছিলেন, তখন তার সামনে একটি জানাজা চলে যায়।","['bukhari_383', 'bukhari_515', 'muslim_1140', 'muslim_1141', 'bukhari_384']",bukhari_1073,"['bukhari_1073', 'muslim_6970', 'muslim_575', 'muslim_5979', 'muslim_495', 'bukhari_5984', 'bukhari_241', 'muslim_5848', 'bukhari_6505', 'muslim_3265']"
C0654,"নবী সাল্লাল্লাহু আলাইহি ওয়া সাল্লাম বলেছেন যে, আমাদের সাতটি অঙ্গের উপর সিজদা করতে হবে এবং কাপড় বা চুলের কোন অংশ তুলে ধরতে হবে না।","['bukhari_810', 'muslim_1096', 'bukhari_816', 'bukhari_809', 'muslim_1098']",muslim_6746,"['muslim_6746', 'muslim_4034', 'muslim_3876', 'muslim_5964', 'bukhari_3322', 'muslim_1985', 'muslim_2822', 'muslim_3671', 'muslim_1280', 'bukhari_7040']"
C0655,"একজন ব্যক্তি নবী মুহাম্মদ (সা.)-এর ঘরের একটি গর্ত থেকে উঁকি দিয়েছিলেন, তখন নবী (সা.) তাঁর মাথা চুলকাচ্ছিলেন। নবী (সা.) বললেন, ""যদি জানতাম তুমি দেখছো, তাহলে আমি তোমার চোখে আঘাত করতাম, কারণ কান চোখের দিকে নির্দেশিত।""","['bukhari_5924', 'muslim_5638', 'muslim_5639', 'bukhari_6241', 'bukhari_6901']",bukhari_6505,"['bukhari_6505', 'bukhari_5984', 'bukhari_1073', 'bukhari_5032.2', 'bukhari_255', 'muslim_575', 'muslim_281', 'bukhari_6798', 'bukhari_1162', 'bukhari_2526']"
C0658,"আমি শুনেছি যে রাসূলুল্লাহ (সা.) বলেছেন, একবার তিনি কিছু সময়ের জন্য ওহী থেকে বিরত ছিলেন এবং যখন তিনি হাঁটছিলেন, তখন তিনি ভয় পেয়ে মাটিতে পড়ে গিয়েছিলেন। এরপর আবার ওহী আসতে শুরু করে।","['muslim_407', 'muslim_406', 'bukhari_4926', 'bukhari_3238', 'bukhari_6214']",bukhari_6145,"['bukhari_6145', 'muslim_6970', 'bukhari_1073', 'muslim_471', 'bukhari_6791', 'muslim_4866', 'bukhari_6505', 'bukhari_241', 'bukhari_5084', 'muslim_1849']"
C0659,"আমি শুনেছি যে, উমর (রা) নবী (সা) কে জিজ্ঞেস করেছিলেন, যদি কেউ জান্নাতের অবস্থায় থাকে তাহলে কি সে নামাজ পড়তে পারবে? নবী (সা) বলেছিলেন, হ্যাঁ, যদি সে ওজু করে।","['bukhari_289', 'muslim_703', 'bukhari_287', 'muslim_699', 'muslim_824']",bukhari_6145,"['bukhari_6145', 'bukhari_3994', 'bukhari_1073', 'bukhari_6505', 'bukhari_5984', 'bukhari_4805', 'bukhari_6997', 'muslim_618', 'bukhari_6791', 'bukhari_1162']"
C0660,"রাসূলুল্লাহ (সা.) বলেছেন যে, যাকাতের জন্য উট ও ভেড়ার নির্দিষ্ট পরিমাণ নির্ধারণ করা হয়েছে। উটের ক্ষেত্রে, ৫টি উটের জন্য ১টি ভেড়া, ১০টির জন্য ২টি, এবং ২০টির জন্য ৪টি ভেড়া দিতে হবে।","['bukhari_1454', 'muslim_411', 'muslim_4837', 'bukhari_6959', 'bukhari_1453']",bukhari_5475,"['bukhari_5475', 'muslim_4866', 'muslim_6970', 'muslim_6794', 'muslim_7130', 'bukhari_6791', 'muslim_6521', 'muslim_3478', 'bukhari_3198', 'muslim_5795']"
C0664,"রাসূলুল্লাহ (সা.) বলেছেন, যখন তিনি জোহরের নামাজে কোরআন পাঠ করছিলেন, তখন তিনি জানতে চাইলেন, ""আপনারা কি কেউ আমার সাথে পাঠ করেছেন?"" একজন ব্যক্তি উত্তর দিল, ""হ্যাঁ, হে রাসূলullah!"" তখন রাসূল (সা.) বললেন, ""আমি কোরআনের সাথে প্রতিযোগিতা করতে চাই না।"" এরপর থেকে মানুষ রাসূল (সা.) এর সাথে উচ্চস্বরে নামাজে পাঠ করা থেকে বিরত থাকল।","['muslim_6121', 'muslim_4669', 'muslim_7356', 'muslim_1562', 'muslim_3231']",bukhari_4545,"['bukhari_4545', 'bukhari_4957', 'bukhari_3322', 'muslim_483', 'muslim_1985', 'bukhari_4923', 'bukhari_3266', 'bukhari_5726', 'muslim_1279', 'bukhari_2626']"
C0666,"আমি শুনেছি যে, আয়েশা (রা.) বলেছেন, নবী (সা.) আব্দুল্লাহ ইবন মাসউদকে দ্রুত ইফতার ও নামাজ আদায় করতে পছন্দ করতেন, আর আবু মুসা ছিলেন তার বিপরীত।","['muslim_2556', 'muslim_2557', 'muslim_5703', 'muslim_936', 'muslim_6771']",muslim_495,"['muslim_495', 'muslim_2410', 'bukhari_5257', 'muslim_3834', 'muslim_3265', 'muslim_3514', 'bukhari_3595.2', 'bukhari_6791', 'muslim_7440', 'muslim_5979']"
C0667,"নবী সাল্লাল্লাহু আলাইহি ওয়াসাল্লাম বলেছেন, যখন আল্লাহর কাছে কিছু চাইতে যাবো, তখন বলবো, ""হে আল্লাহ, আমাকে ক্ষমা করো, আমাকে রহমত দাও, আমাকে সুস্থ রাখো এবং আমাকে রিজিক দাও।"" তিনি চারটি আঙ্গুল একত্রিত করতে বলেছেন, শুধু আঙুলের ডগা নয়, কারণ এগুলো আমাদের ধর্ম ও দুনিয়ার জন্য গুরুত্বপূর্ণ।","['muslim_6851', 'muslim_6850', 'muslim_6849', 'muslim_6848', 'muslim_6406']",muslim_857,"['muslim_857', 'muslim_3265', 'muslim_575', 'bukhari_6996', 'muslim_3811', 'muslim_3509', 'muslim_5623', 'bukhari_5257', 'muslim_3468', 'bukhari_7435']"
C0670,"রাসূলুল্লাহ (সাল্লাল্লাহু আলাইহি ওয়া সাল্লাম) বলেছেন, আমি তোমাদের জন্য মিসওয়াক ব্যবহারের গুরুত্ব সম্পর্কে অনেক কথা বলেছি।","['bukhari_888', 'muslim_6405', 'muslim_5656', 'muslim_1783', 'muslim_7425']",muslim_6746,"['muslim_6746', 'muslim_434', 'bukhari_297', 'muslim_495', 'bukhari_3322', 'muslim_3671', 'bukhari_284', 'muslim_1985', 'muslim_483', 'bukhari_4545']"
C0674,"নবী (সাল্লাল্লাহু আলাইহি ওয়াসাল্লাম) বলেছেন, কিয়ামতের দিন আল্লাহ সবচেয়ে কম শাস্তি পাওয়া মানুষের কাছে বলবেন, ""যদি তোমার কাছে পৃথিবীর সমস্ত কিছু থাকতো, তুমি কি তা দিয়ে মুক্তি পেতে চাইতে?"" সে বলবে, ""হ্যাঁ।"" আল্লাহ তখন বলবেন, ""আমি তোমার কাছে এর চেয়েও সহজ কিছু চেয়েছিলাম, যখন তুমি আদমের পাঁজরে ছিলে, তা হলো আমার সঙ্গে কিছু না শেয়ার করা, কিন্তু তুমি তাও মানলে না।""","['bukhari_6557', 'muslim_7083', 'bukhari_3334', 'muslim_7085', 'muslim_451']",bukhari_6996,"['bukhari_6996', 'muslim_483', 'bukhari_1923', 'muslim_434', 'bukhari_6489', 'bukhari_6056', 'bukhari_717', 'bukhari_5726', 'bukhari_5984', 'bukhari_5757']"
C0676,"রাসূলুল্লাহ (সাল্লাল্লাহু আলাইহি ওয়া সাল্লাম) বলেছেন, ""মুহাম্মদ এবং তাঁর পরিবারের উপর এমনভাবে সালাত পাঠাও, যেমন তুমি ইবরাহিমের উপর সালাত পাঠাও।""","['muslim_911', 'muslim_907', 'muslim_908', 'bukhari_4798', 'bukhari_4797']",bukhari_6145,"['bukhari_6145', 'muslim_1371', 'muslim_2762', 'muslim_6996', 'muslim_1849', 'muslim_1148', 'muslim_990', 'muslim_764', 'muslim_6653', 'muslim_5118']"
C0677,"আমি শুনেছি যে, রাসূলুল্লাহ (সা.) বলেছেন, মদিনার লোকেরা যুহালিফা থেকে, শামের লোকেরা জুহফা থেকে এবং নাজদের লোকেরা কুরন থেকে ইহরাম বাঁধবে। এছাড়া, ইয়েমেনের লোকেরা ইয়ালমলম থেকে ইহরাম বাঁধবে।","['muslim_2805', 'bukhari_1525', 'muslim_2806', 'bukhari_133', 'bukhari_1528']",bukhari_4545,"['bukhari_4545', 'muslim_495', 'bukhari_4923', 'bukhari_7395', 'bukhari_5681', 'muslim_434', 'muslim_483', 'bukhari_6459', 'bukhari_5257', 'bukhari_518']"
C0678,"নবীজি (সাল্লাল্লাহু আলাইহি ওয়াসাল্লাম) বলেছেন, একজন ব্যক্তি তাঁর কাছে নামাজের সময় সম্পর্কে জানতে চেয়েছিলেন। তিনি তাঁকে দুই দিন ধরে নামাজের সময় দেখিয়ে দিয়েছিলেন এবং বলেছিলেন যে, তোমাদের নামাজের সময় এই সময়ের মধ্যে।","['muslim_1391', 'muslim_1393', 'muslim_1392', 'muslim_1388', 'muslim_1446']",muslim_1740,"['muslim_1740', 'bukhari_6145', 'bukhari_6505', 'muslim_6970', 'muslim_2043', 'bukhari_1073', 'muslim_471', 'bukhari_241', 'bukhari_3994', 'bukhari_5424']"
C0679,"আমি শুনেছি যে, তিনি বলেছেন যে, তিনি কখনোই পাথরটি স্পর্শ করা থেকে বিরত হননি, সুখ-দুঃখের যেকোনো অবস্থাতেই, যেহেতু তিনি রাসূলুল্লাহ (সা.)-কে এটি স্পর্শ করতে দেখেছিলেন।","['muslim_3064', 'bukhari_1606', 'bukhari_1611', 'muslim_3065', 'muslim_3242']",bukhari_1073,"['bukhari_1073', 'muslim_6970', 'muslim_495', 'muslim_5796', 'muslim_5979', 'bukhari_6997', 'muslim_1371', 'muslim_5428', 'muslim_6162', 'muslim_3265']"
C0682,নবী মুহাম্মদ (সা.) এর সাথে কিছুদিন যুদ্ধের সময় শুধু তালহা এবং সাদ ছিলেন।,"['muslim_6242', 'bukhari_3722', 'bukhari_3723', 'bukhari_4060', 'bukhari_4061']",muslim_495,"['muslim_495', 'muslim_6970', 'muslim_575', 'muslim_6531', 'bukhari_1073', 'bukhari_6505', 'muslim_3834', 'muslim_5979', 'bukhari_284', 'bukhari_5406']"
C0684,"আমরা শুনেছি যে উমর (রা) সালাতের ব্যাপারে সন্দেহ প্রকাশ করেছিলেন। তিনি বলেছিলেন, আমি প্রথম দুই রাকআতে দীর্ঘ করবো এবং শেষের দুই রাকআতে সংক্ষিপ্ত করবো, তবে আমি রাসূলুল্লাহ (সা) এর সালাতের অনুসরণে কোনো কমতি রাখবো না।","['muslim_1018', 'bukhari_770', 'muslim_1016', 'bukhari_758', 'muslim_1562']",muslim_495,"['muslim_495', 'bukhari_6056', 'muslim_6970', 'muslim_3514', 'muslim_2410', 'bukhari_5257', 'muslim_3265', 'muslim_5848', 'muslim_6162', 'bukhari_6791']"
C0688,"আমি শুনেছি, রাসূলুল্লাহ (সা.) বলেছেন যে, পৃথিবীতে প্রথম যে মসজিদ নির্মিত হয় তা হলো মসজিদুল হারাম, এবং তার পরেরটি হলো মসজিদুল আকসা। তিনি আরও বলেছেন যে, এই দুই মসজিদের মধ্যে সময়ের ব্যবধান ছিল চল্লিশ বছর।","['muslim_1161', 'bukhari_3366', 'muslim_1162', 'bukhari_3425', 'muslim_3387']",bukhari_297,"['bukhari_297', 'muslim_434', 'muslim_483', 'muslim_3834', 'bukhari_823', 'bukhari_5257', 'bukhari_284', 'muslim_6746', 'bukhari_342', 'bukhari_3322']"
C0690,"আমার এক বন্ধু বললেন, নবী মুহাম্মদ (সা.) বলেছেন যে, একজন মুসলিম নারীর জন্য তার স্বামী মারা গেলে তিন দিনের বেশি শোক পালন করা ঠিক নয়, তবে স্বামী মারা গেলে চার মাস এবং দশ দিন শোক পালন করা যায়।","['muslim_3728', 'muslim_3725', 'muslim_3726', 'muslim_3727', 'bukhari_1281']",bukhari_4805,"['bukhari_4805', 'bukhari_5984', 'bukhari_1740', 'bukhari_6505', 'bukhari_1162', 'bukhari_1073', 'bukhari_6798', 'bukhari_5406', 'bukhari_6900', 'bukhari_5032.2']"
C0691,আমি শুনেছি যে রাসূলুল্লাহ (সা.) তাঁর মাথায় পানি ঢেলে তিনবার মুছে নিতেন।,"['muslim_5379', 'muslim_5137', 'muslim_5103', 'muslim_944', 'muslim_378']",muslim_6970,"['muslim_6970', 'muslim_6162', 'muslim_471', 'muslim_6429', 'muslim_6136', 'muslim_495', 'muslim_208', 'muslim_7130', 'bukhari_6791', 'muslim_4866']"
C0693,মুহাম্মদ (সা.)-কে তাঁর পরিবারের প্রতি বিশেষ যত্ন নিতে বলা হয়েছে।,"['bukhari_3751', 'bukhari_3713', 'muslim_6225', 'muslim_314', 'muslim_6228']",bukhari_5738,"['bukhari_5738', 'bukhari_7155', 'bukhari_7168', 'bukhari_4436', 'muslim_304', 'muslim_698', 'bukhari_6364', 'bukhari_3724', 'bukhari_4029', 'bukhari_4467']"
C0694,"আমি শুনেছি যে রমজানের রোজা যদি কেউ রাখতে না পারে, তবে সে শাবান মাসে তা পূরণ করতে পারবে। এটি রাসূলুল্লাহ (সা.) এর একটি নির্দেশ।","['muslim_2687', 'bukhari_1950', 'muslim_2721', 'muslim_6009', 'muslim_716']",muslim_6970,"['muslim_6970', 'muslim_471', 'muslim_6162', 'muslim_6429', 'muslim_6136', 'muslim_7440', 'muslim_5848', 'muslim_5796', 'muslim_575', 'muslim_208']"
C0697,নবী মুহাম্মদ (সা.)-এর চুল কান পর্যন্ত লম্বা ছিল।,"['muslim_6064', 'muslim_6069', 'muslim_6067', 'bukhari_5905', 'bukhari_3551']",muslim_3731,"['muslim_3731', 'muslim_1832', 'bukhari_3994', 'bukhari_2944', 'bukhari_241', 'bukhari_1073', 'muslim_2762', 'muslim_5274', 'muslim_5159', 'bukhari_6145']"
C0699,"আয়েশা বলেছেন, তার দুধের চাচা আফলাহ তার কাছে আসতে অনুমতি চেয়েছিলেন, কিন্তু তিনি তাকে বাধা দিয়েছিলেন। এরপর রাসূলুল্লাহ (সা.) বলেছেন, ""তুমি তার থেকে পর্দা করো না, কারণ দুধের সম্পর্কও বংশগত সম্পর্কের মতোই নিষিদ্ধ।""","['muslim_3579', 'muslim_3573', 'muslim_3571', 'bukhari_2645', 'muslim_3205']",muslim_495,"['muslim_495', 'muslim_3265', 'muslim_3834', 'muslim_6652', 'muslim_6531', 'muslim_5979', 'muslim_7442', 'muslim_5694', 'muslim_7188', 'muslim_3811']"
C0700,নবী মুহাম্মদ (সা.) একটি বাগানে প্রবেশ করেছিলেন এবং তাঁর সঙ্গে একজন ছোট ছেলে ছিল। তিনি সেখানে পানি দিয়ে নিজেকে পরিষ্কার করে বের হলেন।,"['muslim_619', 'muslim_6214', 'muslim_6210', 'muslim_306', 'muslim_7356']",muslim_3731,"['muslim_3731', 'muslim_1832', 'muslim_855', 'muslim_3895', 'muslim_5159', 'muslim_4860', 'muslim_6970', 'muslim_5274', 'muslim_6012', 'bukhari_3994']"
C0701,"আম্মা সেলমা বলেছেন, রাসূলুল্লাহ (সাল্লাল্লাহু আলাইহি ওয়া সাল্লাম) যখন সালাম দেন, তখন নারীরা তাঁর সালাম শেষ হওয়ার পর উঠে যায় এবং তিনি কিছুক্ষণ সেখানে দাঁড়িয়ে থাকেন।","['bukhari_875', 'bukhari_837', 'bukhari_870', 'bukhari_849', 'bukhari_850']",bukhari_6505,"['bukhari_6505', 'bukhari_1162', 'bukhari_1073', 'muslim_764', 'bukhari_6056', 'muslim_575', 'bukhari_5984', 'bukhari_7259', 'bukhari_7258', 'bukhari_6145']"
C0703,"আমি শুনেছি যে, রাসূলুল্লাহ (সা.) বলেছেন, যারা অহংকারের কারণে তাদের কাপড়ের প্রান্ত টেনে ধরে রাখে, আল্লাহ তাদের দিকে কিয়ামতের দিন তাকাবেন না।","['bukhari_5788', 'muslim_5463', 'muslim_5459', 'bukhari_3665', 'muslim_5457']",muslim_6746,"['muslim_6746', 'muslim_1985', 'muslim_3834', 'muslim_3671', 'muslim_3811', 'muslim_495', 'muslim_3862', 'muslim_1279', 'muslim_5964', 'muslim_3265']"
C0705,"নবীজি বলেছেন, যে গৃহকর্মী আমাদের কাছে কাজ করে, তার খাবার ও পোশাকের ব্যবস্থা করতে হবে এবং তাকে শুধু সেই কাজ করতে হবে যা সে করতে পারে।","['muslim_4316', 'muslim_4324', 'muslim_5301', 'muslim_5262', 'bukhari_1987']",muslim_6746,"['muslim_6746', 'bukhari_3322', 'muslim_2822', 'muslim_3876', 'muslim_1985', 'muslim_4034', 'bukhari_288', 'bukhari_7040', 'muslim_5964', 'bukhari_2950']"
C0710,"নবীজি বলেছেন, যারা বিবাহের সামর্থ্য রাখে তাদের বিয়ে করা উচিত, আর যারা বিয়ে করতে পারছে না, তাদের রোজা রাখা উচিত। এটি তাদের জন্য একটি নিরাপত্তা।","['muslim_3400', 'muslim_3398', 'bukhari_5066', 'bukhari_1905', 'bukhari_5065']",bukhari_2290,"['bukhari_2290', 'muslim_933', 'muslim_2950', 'muslim_2140', 'bukhari_3155', 'bukhari_3221', 'muslim_4290', 'bukhari_6022', 'muslim_1545', 'muslim_1304']"
C0711,"আমি শুনেছি, রাসূলুল্লাহ (সা.) বলেছেন যে, যদি কোনো নারী স্বপ্নে পুরুষের মতো কিছু দেখে, তাহলে তার গোসল করা আবশ্যক। তিনি আরও বলেছেন, পুরুষের জল ঘন ও সাদা এবং নারীর জল পাতলা ও হলুদ। যে জল আগে বের হবে, শিশুর রঙ তেমনই হবে।","['muslim_710', 'muslim_711', 'muslim_709', 'muslim_715', 'muslim_716']",muslim_495,"['muslim_495', 'muslim_3514', 'muslim_2410', 'muslim_6970', 'muslim_4845', 'muslim_5848', 'muslim_471', 'bukhari_5257', 'muslim_575', 'muslim_7440']"
C0713,"রাসূলুল্লাহ (সা.) বলেছেন, প্রতিটি আরবি ঘোড়ার জন্য সকালে দুইবার ডাক দেওয়া হয়, যাতে আল্লাহ তাকে তার পরিবারের এবং সম্পদের প্রতি ভালোবাসা দান করেন।","['muslim_6129', 'muslim_5353', 'muslim_5703', 'muslim_6826', 'bukhari_6442']",muslim_495,"['muslim_495', 'muslim_6970', 'muslim_6531', 'muslim_471', 'muslim_2410', 'bukhari_6791', 'muslim_7440', 'muslim_208', 'bukhari_284', 'muslim_3514']"
C0714,"আল্লাহর রাসূল (সা.) বলেছেন, গরুর দুধের জন্য সাতটি এবং উটের জন্যও সাতটি অংশ নির্ধারণ করা হয়েছে।","['muslim_3190', 'muslim_3187', 'muslim_3185', 'muslim_3186', 'muslim_6358']",muslim_495,"['muslim_495', 'muslim_208', 'bukhari_6791', 'muslim_6531', 'muslim_2410', 'muslim_471', 'muslim_6970', 'muslim_7440', 'bukhari_5864', 'muslim_4203']"
C0715,"আমি শুনেছি, রাসূলুল্লাহ (সা.) বলেছেন যে, তিনি স্বপ্নে দেখেছেন যে তিনি জান্নাতে আছেন এবং সেখানে একটি মহিলাকে দেখছেন যে একটি প্রাসাদের পাশে ওযু করছে। যখন তিনি জানতে পারলেন যে প্রাসাদটি عمر بن الخطاب-এর, তখন তিনি عمر-এর গোপনীয়তার কথা মনে করে সেখান থেকে চলে যান। عمر তখন কাঁদতে কাঁদতে বললেন, ""হে রাসূলুল্লাহ, আমি কি আপনার উপর গোপনীয়তা রাখব?""","['bukhari_3242', 'bukhari_3680', 'bukhari_7023', 'bukhari_7025', 'bukhari_5227']",bukhari_4545,"['bukhari_4545', 'bukhari_3322', 'bukhari_5396', 'bukhari_3230', 'bukhari_1534', 'bukhari_3751', 'bukhari_7040', 'bukhari_5726', 'bukhari_4311', 'bukhari_2950']"
C0717,"আমি শুনেছি, সাহাবীরা রাসূলুল্লাহ (সা.) এবং আবু বকর ও উমরের সময়ে গম, বার্লি এবং খেজুরের জন্য ঋণ দিতেন, এমন কিছু লোকের কাছে যাদের সম্পর্কে তাদের জানা ছিল না। ابن أبزى ও একই কথা বলেছেন।","['bukhari_2242', 'bukhari_2243', 'muslim_7559', 'bukhari_2244', 'muslim_3415']",bukhari_5257,"['bukhari_5257', 'muslim_3834', 'bukhari_3595.2', 'muslim_495', 'bukhari_643', 'muslim_6531', 'bukhari_1073', 'bukhari_823', 'muslim_575', 'bukhari_297']"
C0719,"খাব্বাব বলেছেন, রাসূলুল্লাহ (সা.) জোহর ও আসরের নামাজে কুরআন পড়তেন। তিনি বললেন, আমরা এটা তাঁর দাড়ির কম্পনের মাধ্যমে জানতাম।","['bukhari_746', 'bukhari_760', 'bukhari_777', 'bukhari_761', 'muslim_6074']",muslim_1832,"['muslim_1832', 'muslim_3208', 'bukhari_3994', 'muslim_5917', 'muslim_3639', 'muslim_5159', 'muslim_6292', 'muslim_3776', 'muslim_2752', 'muslim_913']"
C0725,নবী সাল্লাল্লাহু আলাইহি ওয়াসাল্লাম মিমুনাকে বিয়ে করেছিলেন যখন তিনি ইহরাম অবস্থায় ছিলেন।,"['muslim_3452', 'muslim_3451', 'bukhari_1837', 'bukhari_4258', 'bukhari_5114']",muslim_495,"['muslim_495', 'muslim_2062', 'muslim_3834', 'muslim_4406', 'muslim_6746', 'bukhari_284', 'muslim_2207', 'muslim_6987', 'muslim_1666', 'muslim_3862']"
C0726,"রাসুলুল্লাহ (সা.) বলেছেন, যখন আমরা তাঁর সঙ্গে ছিলাম, তখন কিছু উট ও ভেড়া শিকার করা হয়। তিনি নির্দেশ দেন যে, শিকার করা পশুগুলোর জন্য আমাদের বিশেষভাবে আচরণ করতে হবে, কারণ তাদের মধ্যে কিছু বন্য প্রাণীর মতো আচরণ করে।","['bukhari_5498', 'muslim_5092', 'bukhari_2488', 'bukhari_2507', 'bukhari_3075']",muslim_6012,"['muslim_6012', 'muslim_1832', 'muslim_6342', 'muslim_5274', 'muslim_6433', 'muslim_3478', 'muslim_6635', 'muslim_1889', 'muslim_6669', 'muslim_6970']"
C0730,"রাসূলুল্লাহ (সা.) বলেছেন, আল্লাহ আমাকে তাঁর বন্ধু হিসেবে গ্রহণ করেছেন যেমনটি ইব্রাহীম (আ.)-কে গ্রহণ করেছিলেন। কিয়ামতের দিন আমার এবং ইব্রাহীমের ঘর একসাথে থাকবে, আর আব্বাস (রা.) আমাদের মধ্যে একজন বিশ্বাসী বন্ধু হিসেবে থাকবেন।","['muslim_1188', 'muslim_6172', 'muslim_6170', 'muslim_6176', 'muslim_6175']",muslim_2762,"['muslim_2762', 'muslim_4866', 'muslim_6996', 'muslim_471', 'muslim_6970', 'bukhari_6145', 'muslim_5118', 'muslim_5211', 'muslim_6429', 'muslim_2144']"
C0731,"আল্লাহ আমাদের একটি গুরুত্বপূর্ণ নির্দেশনা দিয়েছেন। তিনি বলেছেন, আমাদের উচিত আমাদের জমি অন্যের কাছে দান করা, যদি আমরা সেটির প্রয়োজন না অনুভব করি। রাসূলুল্লাহ (সা.) এর এই নির্দেশনা আমাদের জন্য অনেক উপকারী।","['muslim_3945', 'muslim_3957', 'muslim_3949', 'muslim_4234', 'muslim_3944']",muslim_2410,"['muslim_2410', 'muslim_7440', 'muslim_471', 'muslim_6970', 'muslim_6838', 'muslim_3514', 'muslim_6136', 'muslim_6162', 'muslim_495', 'muslim_6429']"
C0733,"রাসূলুল্লাহ (সা.) বলেছেন, ""হে মানুষ, তোমাদের শান্ত থাকতে হবে। কারণ, ভালো কাজের জন্য ঘোড়া বা উটের তাড়াহুড়ো করা প্রয়োজন নয়।""","['muslim_3089', 'bukhari_1671', 'muslim_3105', 'muslim_2951', 'muslim_185']",muslim_5917,"['muslim_5917', 'muslim_3208', 'muslim_3362', 'muslim_3981', 'muslim_913', 'muslim_2751', 'muslim_7167', 'muslim_4940', 'muslim_4180', 'muslim_4850']"
C0734,"আমি শুনেছি, একদিন উহুদ যুদ্ধে রাসূলুল্লাহ (সা.) এর সাথে দুইজন সাদা পোশাক পরিহিত সাহাবী ছিলেন, যারা অত্যন্ত সাহসের সাথে তাঁর জন্য যুদ্ধ করছিলেন। তাদেরকে আগে বা পরে কখনো দেখিনি।","['muslim_6005', 'bukhari_4054', 'muslim_6004', 'bukhari_5826', 'muslim_4918']",muslim_495,"['muslim_495', 'bukhari_4923', 'muslim_483', 'bukhari_5257', 'muslim_3834', 'bukhari_643', 'bukhari_297', 'bukhari_4545', 'muslim_434', 'muslim_514']"
C0735,"নবী মুহাম্মদ (সা.) বলেছিলেন, ""হে আল্লাহ, আমি তোমার ডাকে সাড়া দিচ্ছি। তোমার কোনো অংশীদার নেই। সব প্রশংসা, নেয়ামত এবং রাজত্ব তোমারই।"" ابن عمر (রা.) এতে আরও যোগ করেছেন, ""আমি তোমার ডাকে সাড়া দিচ্ছি, হে আল্লাহ, সব ভালো তোমার হাতে এবং তোমার কাছে আমাদের আশা।""","['muslim_2811', 'muslim_2812', 'muslim_2814', 'bukhari_1549', 'bukhari_5915']",bukhari_255,"['bukhari_255', 'bukhari_5984', 'bukhari_6996', 'bukhari_1740', 'bukhari_6505', 'bukhari_430', 'bukhari_5032.2', 'bukhari_5033', 'bukhari_4410', 'bukhari_5731']"
C0738,"জুয়ারিয়া বলেছেন, রাসূলুল্লাহ (সা.) সকালে নামাজ পড়ার পর আল্লাহর প্রশংসা করতে বলেছেন, এবং তিনি আল্লাহর সৃষ্টির সংখ্যা, তাঁর সন্তুষ্টি, তাঁর সিংহাসনের ওজন এবং তাঁর কথার কালি গুণে গুণে তা উচ্চারণ করেছেন।","['muslim_6914', 'muslim_6913', 'muslim_1088', 'muslim_6846', 'muslim_6843']",muslim_495,"['muslim_495', 'muslim_6746', 'muslim_1985', 'bukhari_4545', 'muslim_3671', 'bukhari_5681', 'bukhari_518', 'bukhari_3322', 'muslim_5964', 'muslim_3834']"
C0739,"নবী মুহাম্মদ (সা.) তাঁর পিতাকে বলেছেন, আমাকে অন্যায় কাজের সাক্ষী হিসেবে দাঁড়াতে বলো না।","['muslim_4184', 'muslim_4182', 'muslim_4183', 'bukhari_2650', 'muslim_3743']",muslim_6970,"['muslim_6970', 'bukhari_1073', 'muslim_575', 'muslim_5848', 'muslim_1371', 'muslim_3265', 'muslim_5979', 'muslim_5962', 'muslim_495', 'muslim_5796']"
C0742,"আমি শুনেছি যে, ঈসা এবং সাফিয়ান বলেছিলেন যে, আবদুল্লাহর অনুসারীরা এই কথাটি পছন্দ করতেন কারণ জারির ইসলাম গ্রহণ মায়েদের অবতরণের পর ঘটেছিল।","['muslim_623', 'muslim_622', 'bukhari_387', 'muslim_7287', 'muslim_7382']",muslim_6746,"['muslim_6746', 'bukhari_3322', 'muslim_1985', 'muslim_3876', 'muslim_4034', 'muslim_3671', 'muslim_5964', 'bukhari_7040', 'muslim_1280', 'muslim_3822']"
C0745,"নবীজি বলেছেন, হিজরত করা উচিত, কারণ এর মতো কিছু নেই।","['muslim_3679', 'muslim_1093', 'muslim_6313', 'muslim_6290', 'muslim_3691']",muslim_5917,"['muslim_5917', 'muslim_3776', 'muslim_3208', 'muslim_2133', 'muslim_3639', 'muslim_1875', 'muslim_4180', 'muslim_7115', 'muslim_2751', 'muslim_6292']"
C0747,"রাসূলুল্লাহ (সাল্লাল্লাহু আলাইহি ওয়া সাল্লাম) বলেছেন, যদি তোমাদের মধ্যে কেউ ইশা’র নামাজে উপস্থিত হয়, তাহলে সে যেন সুগন্ধি ব্যবহার না করে।","['muslim_997', 'muslim_3740', 'muslim_996', 'muslim_3728', 'muslim_4666']",muslim_495,"['muslim_495', 'muslim_434', 'muslim_3834', 'muslim_3811', 'bukhari_284', 'muslim_3671', 'bukhari_4545', 'muslim_6746', 'bukhari_5257', 'muslim_1985']"
C0749,"নবী সাল্লাল্লাহু আলাইহি ওয়া সাল্লাম বলেছেন, আমাদের মধ্যে কেউ যদি জরায়ু অবস্থায় ঘুমাতে চায়, তাহলে তাকে প্রথমে ওজু করতে হবে এবং পরে যখন ইচ্ছে, তখন গোসল করতে হবে।","['muslim_703', 'bukhari_289', 'bukhari_287', 'muslim_6358', 'muslim_5947']",muslim_6746,"['muslim_6746', 'muslim_4034', 'muslim_2822', 'muslim_3876', 'muslim_5964', 'bukhari_3322', 'muslim_1985', 'muslim_3671', 'muslim_3822', 'bukhari_5501']"
C0750,"আমি শুনেছি যে, নবী (সাল্লাল্লাহু আলাইহি ওয়া সাল্লাম) একবার একটি গাধার জন্য দোয়া করেছিলেন এবং তারপর গাধাটি এমন দ্রুত চলতে শুরু করেছিল যে তার মতো আর কেউ চলতে পারেনি। এরপর, আমি গাধাটি বিক্রি করে দিলাম এবং নবী আমাকে বললেন যে, আমি যেন গাধা এবং টাকা দুটোই রেখে নিই।","['muslim_4098', 'bukhari_2718', 'muslim_4103', 'muslim_4101', 'muslim_3641']",bukhari_6996,"['bukhari_6996', 'bukhari_297', 'bukhari_5984', 'bukhari_430', 'muslim_483', 'bukhari_1923', 'bukhari_5406', 'bukhari_6056', 'muslim_434', 'bukhari_1160']"
C0755,"আমি শুনেছি যে আলী কিছু লোককে দেখেছিলেন যারা মূর্তির পূজা করছিল। তিনি তাদের পুড়িয়ে দিয়েছিলেন এবং বলেছেন যে, যারা তাদের ধর্ম পরিবর্তন করে, তাদের হত্যা করতে হবে।","['bukhari_6922', 'bukhari_3017', 'muslim_4388', 'muslim_2025', 'muslim_4091']",bukhari_2944,"['bukhari_2944', 'muslim_1740', 'bukhari_2290', 'muslim_2140', 'bukhari_3994', 'muslim_5274', 'muslim_933', 'bukhari_7386', 'muslim_1832', 'bukhari_5084']"
C0756,"আমি শুনেছি যে, الرحمان এর কথা সুলাইমান বিন বেলাল এর একটি বর্ণনার মতো।","['muslim_2013', 'muslim_6090', 'muslim_3759', 'muslim_2099', 'muslim_6232']",muslim_5428,"['muslim_5428', 'muslim_3612', 'bukhari_1162', 'muslim_6970', 'bukhari_6505', 'muslim_1740', 'muslim_3539', 'bukhari_6145', 'bukhari_6242', 'muslim_3576']"
C0757,"মঘিরা বিন শোবা বলেছেন যে, তিনি মাওয়া থেকে শুনেছেন, রাসূলুল্লাহ (সা.) সালাম দেওয়ার সময় বলেছেন যে, আল্লাহ সব কিছুর উপর ক্ষমতাশীল।","['muslim_1340', 'muslim_1338', 'bukhari_6330', 'bukhari_6615', 'bukhari_6473']",bukhari_4545,"['bukhari_4545', 'muslim_3671', 'bukhari_518', 'muslim_495', 'bukhari_5589', 'muslim_1985', 'bukhari_6459', 'bukhari_4692', 'muslim_6987', 'bukhari_5681']"
C0758,"আমি শুনেছি, রাসূলুল্লাহ (সা.) বলেছেন যে, আল্লাহ রহমতকে একশ' ভাগে ভাগ করেছেন, যার মধ্যে তিনি নানান কারণে ৯৯ ভাগ নিজের কাছে রেখেছেন এবং পৃথিবীতে এক ভাগ পাঠিয়েছেন। সেই এক ভাগ থেকেই সৃষ্টিরা একে অপরের প্রতি দয়া করে, এমনকি একটি জন্তু তার বাচ্চার উপর থেকে পা তুলে নেয় যেন তা আহত না হয়।","['muslim_6972', 'bukhari_6000', 'muslim_7008', 'muslim_6810', 'bukhari_2736']",bukhari_5257,"['bukhari_5257', 'muslim_3834', 'muslim_495', 'muslim_3265', 'muslim_3509', 'bukhari_3595.2', 'muslim_4845', 'muslim_3811', 'muslim_483', 'muslim_5694']"
C0759,"নবী মুহাম্মদ (সা.) বলেছেন, যখন তিনি যুদ্ধের সময় ছিলেন, তখন এক মুহাজির একজন আনসারের ওপর আক্রমণ করেন। নবী (সা.) এ ঘটনার পর বলেন, ""জাহেলিয়াতের ডাক কেন?"" এবং এই ধরনের বিভেদমূলক আচরণ থেকে বিরত থাকতে নির্দেশ দেন।","['muslim_6583', 'bukhari_4905', 'bukhari_4907', 'bukhari_3518', 'muslim_6582']",muslim_575,"['muslim_575', 'muslim_5979', 'bukhari_1073', 'bukhari_6505', 'muslim_3265', 'bukhari_5032.2', 'muslim_4845', 'bukhari_5257', 'muslim_6970', 'muslim_495']"
C0760,আমি শুনেছি যে রাসূলুল্লাহ (সা.) নামাজ শুরু করার সময় তাঁর হাত উঁচু করেন এবং যখন রুকু করতে যান তখনও হাত উঁচু করেন। তিনি দুই রাকাতের মধ্যে বাম হাতকে বাম থাইয়ের ওপর রাখতেন এবং ডান হাতকে ডান থাইয়ের ওপর রেখে আঙুল দিয়ে দোয়া করতেন।,"['muslim_1307', 'muslim_1311', 'muslim_1310', 'muslim_1308', 'muslim_896']",muslim_483,"['muslim_483', 'muslim_3834', 'bukhari_4029', 'bukhari_297', 'muslim_495', 'bukhari_4866', 'bukhari_284', 'bukhari_823', 'bukhari_517', 'bukhari_255']"
C0761,"যারা ধর্মীয় বিষয়ে আলোচনা করেন, তারা বলেছেন যে, মানুষকে তার পছন্দ অনুযায়ী প্রশ্নের মধ্যে থেকে যে কোন বিষয় বেছে নিতে বলা হয়েছে।","['muslim_899', 'muslim_898', 'muslim_4225', 'muslim_7503', 'muslim_333']",bukhari_1506,"['bukhari_1506', 'bukhari_1196', 'bukhari_584', 'bukhari_1888', 'bukhari_277', 'bukhari_1712', 'muslim_2086', 'muslim_7141', 'bukhari_5345', 'bukhari_7335']"
C0762,"হজ্জাজ বিন ইউসুফ একবার আব্দুল্লাহকে জিজ্ঞেস করেছিলেন, আরাফার দিন কীভাবে নামাজ পড়তে হয়। আব্দুল্লাহ বলেছিলেন, তারা সাধারণত যোহর ও আসরের নামাজ একত্রে পড়তেন। সালেম বললেন, এটা তো রাসূলুল্লাহ (সা.)-এর سنت।","['bukhari_1662', 'bukhari_3665', 'muslim_2747', 'bukhari_1660', 'muslim_2636']",muslim_3834,"['muslim_3834', 'muslim_495', 'muslim_514', 'muslim_2207', 'muslim_1985', 'bukhari_643', 'bukhari_3322', 'muslim_6746', 'bukhari_297', 'bukhari_5257']"
C0763,"নবীজি বলেছেন, আল্লাহ যখন আকাশ ও পৃথিবী সৃষ্টি করেছেন, তখন তিনি একশ' রহমত সৃষ্টি করেছেন। এর মধ্যে একটিকে পৃথিবীতে রেখেছেন, যার কারণে মাতা তার সন্তানকে ভালোবাসে এবং পশু-পাখিরা একে অপরের প্রতি দয়া দেখায়। কিয়ামতের দিন আল্লাহ এই রহমতকে পূর্ণ করবেন।","['muslim_6977', 'muslim_6974', 'muslim_6973', 'bukhari_6469', 'muslim_6975']",muslim_6292,"['muslim_6292', 'muslim_3208', 'muslim_6301', 'muslim_4850', 'muslim_7167', 'muslim_1085', 'muslim_1889', 'muslim_6342', 'muslim_789', 'muslim_7441']"
C0765,"নবী (সাল্লাল্লাহু আলাইহি ওয়াসাল্লাম) বলেছেন, সেরা মুসলিম সেই, যার হাত ও জিব থেকে অন্য মুসলিমরা নিরাপদ থাকে।","['muslim_161', 'bukhari_11', 'bukhari_6484', 'muslim_164', 'bukhari_10']",muslim_789,"['muslim_789', 'muslim_933', 'bukhari_3994', 'muslim_3208', 'muslim_7257', 'muslim_3981', 'muslim_4579', 'muslim_1889', 'muslim_3857', 'muslim_2018']"
C0767,"নবী মুহাম্মদ (সা.) বলেছেন, যে কেউ যদি হজের জন্য প্রস্তুত না থাকে, তাহলে তাকে পুরোপুরি মুক্ত হতে হবে। তিনি আরও বলেছেন, উমরাহ এখন থেকে হজের সঙ্গে যুক্ত হয়ে গেছে।","['muslim_3014', 'muslim_3009', 'muslim_2922', 'muslim_2937', 'muslim_2940']",bukhari_3994,"['bukhari_3994', 'muslim_1832', 'muslim_3639', 'muslim_3208', 'muslim_3731', 'muslim_913', 'muslim_789', 'muslim_6292', 'muslim_1889', 'muslim_882']"
C0768,"একজন সাহাবি, যিনি রাসূলুল্লাহ (সা.)-এর সঙ্গী ছিলেন, বলেছেন যে, তিনি মনে করেন যে, ""যদি তোমরা তোমাদের অন্তরের কথা প্রকাশ করো বা গোপন রাখো"" এই আয়াতটি পরবর্তী আয়াত দ্বারা বাতিল করা হয়েছে।","['bukhari_4546', 'bukhari_4545', 'muslim_330', 'muslim_329', 'muslim_4669']",muslim_5848,"['muslim_5848', 'bukhari_1073', 'muslim_5979', 'muslim_471', 'muslim_6970', 'muslim_3514', 'muslim_4107', 'bukhari_6791', 'muslim_5796', 'muslim_575']"
C0772,"নবী (সা.) বলেছেন, যখন কেউ মানুষের সঙ্গে নামাজ পড়ে, তখন তাকে সহজ করতে হবে, কারণ সেখানে অসুস্থ, দুর্বল এবং বৃদ্ধ মানুষ থাকতে পারে। কিন্তু যখন কেউ একা নামাজ পড়ে, তখন সে ইচ্ছামতো দীর্ঘ করতে পারে।","['muslim_1046', 'bukhari_703', 'muslim_1047', 'muslim_1048', 'bukhari_13']",muslim_4866,"['muslim_4866', 'muslim_1849', 'muslim_933', 'muslim_5919', 'muslim_6342', 'bukhari_6145', 'muslim_6794', 'muslim_5118', 'muslim_4368', 'muslim_6945']"
C0773,"আমি শুনেছি যে ইবন আব্বাস বলেছিলেন, এক মহিলা তার কাছে এসে জিজ্ঞেস করেছিলেন গ্রীন জারের মধ্যে তৈরি নেবিজ সম্পর্কে। তিনি বলেন, ""এটা পান করো না, যদিও এটা মধুরের চেয়েও মিষ্টি।""","['muslim_5187', 'muslim_5191', 'muslim_116', 'muslim_5190', 'muslim_4607']",muslim_495,"['muslim_495', 'muslim_3265', 'muslim_6970', 'bukhari_6997', 'bukhari_236', 'muslim_1336', 'muslim_5428', 'muslim_7442', 'muslim_3539', 'muslim_208']"
C0774,"আমি শুনেছি যে, যখন আল্লাহর এই আয়াত নাজিল হয়েছিল, তখন একজন ব্যক্তি দুটি রশি, একটি সাদা এবং একটি কালো, নিয়ে রাতে তাদের মধ্যে পার্থক্য করতে চেষ্টা করেছিলেন। পরে তিনি রাসূলুল্লাহ (সা.)-এর কাছে গিয়ে বললেন, তখন তিনি বুঝিয়ে দিলেন যে, এটি রাতের অন্ধকার এবং দিনের আলো।","['bukhari_1916', 'muslim_2533', 'muslim_2535', 'muslim_2534', 'bukhari_4511']",bukhari_6056,"['bukhari_6056', 'muslim_495', 'bukhari_1162', 'bukhari_5257', 'muslim_5866', 'bukhari_3595.2', 'muslim_5848', 'bukhari_643', 'muslim_4845', 'muslim_281']"
C0776,"আমি শুনেছি যে ইবন আব্বাস নারীদের সাথে উপভোগের বিষয়ে কোনো সমস্যা মনে করেন না। তবে, রাসূলুল্লাহ (সা.) খাইবারের দিন এটি নিষেধ করেছেন এবং কিছু লোক বলছেন যে যদি কেউ কৌশল করে উপভোগ করে, তাহলে বিবাহটি অবৈধ হবে।","['bukhari_6961', 'bukhari_6960', 'muslim_3431', 'muslim_5005', 'muslim_3434']",muslim_6987,"['muslim_6987', 'bukhari_5589', 'muslim_450', 'bukhari_4545', 'muslim_4034', 'bukhari_518', 'bukhari_4311', 'muslim_6746', 'bukhari_342', 'muslim_3496']"
C0780,"নবী মুহাম্মদ (সা.) বলেছেন যে, আল্লাহর কাছে সবচেয়ে প্রিয় কাজ হলো মানুষের মধ্যে শান্তি প্রতিষ্ঠা করা।","['muslim_397', 'muslim_4003', 'muslim_5915', 'muslim_5858', 'muslim_6954']",bukhari_3994,"['bukhari_3994', 'muslim_5917', 'muslim_3208', 'muslim_7155', 'muslim_1832', 'muslim_913', 'muslim_5875', 'muslim_3639', 'muslim_2568', 'muslim_3731']"
C0781,"নবী (সা.) বলেছেন, ""হে আবদ মানাফের সন্তানরা, তোমরা কাউকে এই ঘরের চারপাশে তাওয়াফ করতে এবং রাত বা দিনের যে কোনো সময়ে নামাজ পড়তে বাধা দিও না।""","['muslim_6324', 'muslim_4622', 'muslim_6151', 'bukhari_1149', 'muslim_501']",bukhari_5984,"['bukhari_5984', 'bukhari_6505', 'muslim_3265', 'bukhari_255', 'muslim_3834', 'muslim_575', 'muslim_5979', 'bukhari_6056', 'muslim_483', 'muslim_2410']"
C0783,"নবী (সাল্লাল্লাহু আলাইহি ওয়া সাল্লাম) আলীকে বলেছিলেন যে, তিনি মূসার জন্য হারুনের মতো তাঁর কাছে বিশেষ স্থান পাবেন।","['muslim_6221', 'bukhari_3706', 'muslim_6218', 'muslim_6220', 'bukhari_4416']",muslim_495,"['muslim_495', 'bukhari_5984', 'bukhari_7435', 'bukhari_6056', 'bukhari_284', 'muslim_575', 'bukhari_1162', 'bukhari_6996', 'bukhari_5257', 'bukhari_6505']"
C0785,"একজন ছোটখাটো ব্যক্তি নবী মুহাম্মদ (সা.)-এর কাছে এসে চারবার স্বীকার করেছিল যে সে ব্যভিচার করেছে। এরপর নবী (সা.) তাকে পাথর নিক্ষেপের মাধ্যমে শাস্তি দেন এবং বলেন যে, যারা আল্লাহর পথে যুদ্ধ করতে বের হয়, তাদের পেছনে কেউ যেন না থাকে।","['muslim_4424', 'muslim_4425', 'muslim_4428', 'muslim_4429', 'muslim_5681']",bukhari_3994,"['bukhari_3994', 'muslim_2762', 'muslim_3731', 'bukhari_6145', 'bukhari_1073', 'muslim_2140', 'bukhari_241', 'muslim_6041', 'muslim_789', 'bukhari_158']"
C0789,"আমি শুনেছি যে, রাসূলুল্লাহ (সা.) বলেছেন যে, আড়াইয়ের ফল বিক্রি করা যেতে পারে তাদের পরিমাণ অনুযায়ী।","['muslim_3884', 'bukhari_2192', 'muslim_3876', 'muslim_3886', 'bukhari_2380']",muslim_495,"['muslim_495', 'muslim_3834', 'muslim_3265', 'muslim_6746', 'muslim_1279', 'muslim_3811', 'muslim_3671', 'muslim_2207', 'muslim_3539', 'bukhari_518']"
C0790,"রাসূলুল্লাহ (সা.) বলেছেন, আশুরার দিনে যদি কেউ খেয়ে থাকে, তাহলে তাদের বাকি দিনটি পূর্ণ করতে হবে। তিনি বলেছেন, যারা রোজা রেখেছে তাদের জন্যও এ নির্দেশ।","['bukhari_2007', 'bukhari_7265', 'muslim_306', 'muslim_2668', 'muslim_3514']",muslim_3208,"['muslim_3208', 'muslim_5917', 'muslim_7167', 'muslim_6177', 'muslim_2752', 'muslim_3981', 'muslim_4850', 'muslim_5450', 'muslim_6292', 'muslim_3485']"
C0793,নবী (সা.) রাতে এগারো রাকাত নামাজ পড়তেন এবং শেষের রাকাতটি ওয়িত্র হিসেবে পড়তেন। নামাজ শেষ হলে তিনি ডান পাশে শুয়ে পড়তেন।,"['muslim_1717', 'bukhari_6310', 'muslim_1792', 'muslim_1720', 'muslim_1723']",bukhari_6791,"['bukhari_6791', 'muslim_471', 'muslim_4866', 'muslim_6794', 'muslim_6970', 'bukhari_799', 'muslim_3540', 'bukhari_3198', 'muslim_6945', 'muslim_5795']"
C0794,"আমার এক ভাই বলেছেন, عمر রাসূলুল্লাহ (সা.)-কে বলেছিলেন যে, রাতে তার উপর জেনাবা আসে। রাসূলুল্লাহ (সা.) তাকে বলেছিলেন, ""তুমি ওজু করো এবং তোমার অঙ্গ ধোও, তারপর ঘুমাও।""","['muslim_704', 'bukhari_290', 'muslim_7356', 'muslim_6214', 'muslim_5312']",muslim_3265,"['muslim_3265', 'bukhari_5984', 'muslim_5979', 'muslim_495', 'bukhari_5032.2', 'bukhari_1073', 'bukhari_429', 'bukhari_6505', 'bukhari_6996', 'muslim_3834']"
C0796,নবী সাল্লাল্লাহু আলাইহি ওয়া সাল্লামের আংটি ছিল রূপার এবং তার পাথরও রূপার তৈরি ছিল।,"['muslim_5481', 'bukhari_5870', 'muslim_5487', 'muslim_5486', 'muslim_5480']",muslim_6987,"['muslim_6987', 'muslim_6746', 'muslim_4034', 'muslim_450', 'bukhari_3322', 'muslim_495', 'muslim_3876', 'muslim_5964', 'bukhari_5832', 'muslim_649']"
C0799,"আমি শুনেছি যে নবী সাল্লাল্লাহু আলাইহি ওয়াসাল্লাম বলেছেন, যে ব্যক্তি আল্লাহ তাকে যে দায়িত্ব দিয়েছে, সেটি সঠিকভাবে পালন না করলে, সে জান্নাতের সুগন্ধও পাবে না।","['bukhari_7150', 'muslim_363', 'muslim_4729', 'muslim_5633', 'muslim_818']",muslim_6746,"['muslim_6746', 'bukhari_3322', 'muslim_1985', 'muslim_3671', 'muslim_3822', 'muslim_434', 'bukhari_297', 'muslim_3876', 'muslim_3811', 'bukhari_284']"
C0800,"আমি শুনেছি আনস ইবন মালিক বলেছেন, তিনি আসর নামাজ পড়ছিলেন এবং বললেন, এটি সেই নামাজ যা রাসূলুল্লাহ (সা.) আমাদের সাথে পড়তেন।","['muslim_1413', 'bukhari_549', 'muslim_1412', 'muslim_1938', 'muslim_1582']",bukhari_4545,"['bukhari_4545', 'muslim_6987', 'muslim_4034', 'bukhari_1196', 'muslim_1985', 'bukhari_4692', 'bukhari_5589', 'muslim_3671', 'bukhari_4311', 'muslim_5964']"
C0802,"আমি শুনেছি যে, রাসূলুল্লাহ (সা.) মক্কায় ছিলেন যখন তিনি গ洗ল করছিলেন। তখন ফাতিমা (রা.) তাকে ঢেকে দেন এবং পরে তিনি আট রাকাত নফল নামাজ পড়েন।","['muslim_765', 'muslim_1668', 'muslim_1669', 'muslim_4411', 'muslim_4612']",muslim_6970,"['muslim_6970', 'bukhari_6145', 'muslim_471', 'bukhari_6791', 'bukhari_5084', 'muslim_4866', 'muslim_5795', 'bukhari_1073', 'bukhari_158', 'muslim_4910']"
C0803,"রাসূলুল্লাহ (সা.) বলেছেন, যে ব্যক্তি আল্লাহর জন্য একনিষ্ঠতা ও তাঁর এবাদত করে এই দুনিয়া ত্যাগ করে, সে আল্লাহর সন্তুষ্টিতে মৃত্যুবরণ করবে। তিনি আরও বলেছেন যে, নামাজ প্রতিষ্ঠা করা এবং যাকাত দেওয়া ঈমানের অংশ।","['muslim_113', 'muslim_199', 'muslim_124', 'bukhari_2715', 'muslim_106']",muslim_789,"['muslim_789', 'muslim_4866', 'muslim_997', 'muslim_4009', 'muslim_7071', 'muslim_6945', 'muslim_6551', 'muslim_3344', 'muslim_1849', 'muslim_704']"
C0804,"নবী মুহাম্মদ (সা.) বলেছেন যে, ঈদুল ফিতর এবং ঈদুল আযহার দিনে রোজা রাখা নিষেধ।","['muslim_2672', 'muslim_2673', 'muslim_2676', 'muslim_2747', 'muslim_2674']",muslim_3208,"['muslim_3208', 'muslim_3639', 'muslim_789', 'muslim_6292', 'muslim_1889', 'muslim_1832', 'muslim_913', 'muslim_6342', 'muslim_4850', 'muslim_6710']"
C0806,"নবী (সাল্লাল্লাহু আলাইহি ওয়া সাল্লাম) বলেছেন, যারা আল্লাহ ও পরকালের প্রতি বিশ্বাসী, তারা তাদের প্রতিবেশীকে কষ্ট দেবেন না এবং অতিথিকে সম্মান করবেন। এছাড়াও, তারা যদি ভালো কিছু বলতে না পারেন, তাহলে চুপ থাকবেন।","['muslim_174', 'muslim_176', 'bukhari_6136', 'bukhari_6475', 'bukhari_6018']",bukhari_6145,"['bukhari_6145', 'bukhari_4805', 'muslim_618', 'muslim_2762', 'muslim_848', 'bukhari_3752', 'muslim_4866', 'muslim_6996', 'bukhari_6791', 'muslim_1849']"
C0807,"নবী মুহাম্মদ (সা.) তাঁর কোরবানির মাংস কাটার পর বলেছিলেন, ""হে থৌবান, এই মাংসটি ঠিক করে দাও।"" এরপর তিনি মাংসের কিছু অংশ খেতে থাকেন যতক্ষণ না তিনি মদিনায় পৌঁছান।","['muslim_5110', 'muslim_5018', 'muslim_5069', 'muslim_4265', 'muslim_5079']",bukhari_1073,"['bukhari_1073', 'muslim_6970', 'muslim_2762', 'muslim_575', 'bukhari_6145', 'muslim_1371', 'muslim_471', 'muslim_5796', 'bukhari_241', 'muslim_3731']"
C0809,"একটি ঘটনা ঘটেছে যেখানে দুইজন মহিলা মারামারি করছিলেন। একজন অন্যজনকে পাথর মেরে হত্যা করেছে, এবং তাদের মধ্যে এই বিষয়ে বিচার করতে নবী মুহাম্মদ (সা.)-এর কাছে গিয়েছিল। নবী (সা.) বলেছেন, গর্ভের শিশুর জন্য ক্ষতিপূরণ হবে একজন দাস বা দাসীর মূল্য, এবং নিহত মহিলার ক্ষতিপূরণ তার পরিবারের উপর থাকবে।","['muslim_4391', 'bukhari_5758', 'bukhari_6910', 'muslim_4393', 'bukhari_5759']",bukhari_3307,"['bukhari_3307', 'bukhari_4473', 'bukhari_5522', 'muslim_6970', 'muslim_2762', 'bukhari_7258', 'bukhari_7259', 'muslim_2095', 'muslim_6531', 'muslim_4545']"
C0813,"নবী সাল্লাল্লাহু আলাইহি ওয়াসাল্লাম বলেছেন যে, আবদুল্লাহর মাধ্যমে একটি গুরুত্বপূর্ণ বিষয় আমাদের কাছে এসেছে।","['muslim_3820', 'muslim_4846', 'muslim_6789', 'muslim_6031', 'muslim_4319']",muslim_495,"['muslim_495', 'muslim_3265', 'muslim_1477', 'muslim_575', 'muslim_3539', 'muslim_4406', 'muslim_5694', 'muslim_4845', 'muslim_3509', 'bukhari_5257']"
C0814,"নবী (সাল্লাল্লাহু আলাইহি ওয়াসাল্লাম) বলেছেন, যে ব্যক্তি আল্লাহর সাথে অন্য কাউকে ডাকবে, সে জাহান্নামে যাবে। আমি বলেছি, যে ব্যক্তি আল্লাহর সাথে কাউকে ডাকবে না, সে জান্নাতে প্রবেশ করবে।","['bukhari_4497', 'bukhari_6683', 'muslim_268', 'bukhari_1238', 'muslim_136']",muslim_3981,"['muslim_3981', 'muslim_3208', 'muslim_913', 'muslim_789', 'muslim_4940', 'bukhari_3994', 'bukhari_5413', 'muslim_3485', 'muslim_4579', 'muslim_4036']"
C0815,"আমি শুনেছি রাসূলুল্লাহ (সা.) বলেছেন, তিনি কাউকে সাদ ছাড়া মুক্তি দেননি। তিনি বলেছেন, ""তুমি নিক্ষেপ কর, তোমার জন্য আমার বাবা ও মা উৎসর্গিত।"" মনে হচ্ছে এটি উহুদ দিবসে বলা হয়েছিল।","['bukhari_6184', 'muslim_6233', 'bukhari_2905', 'muslim_6237', 'bukhari_4059']",bukhari_6145,"['bukhari_6145', 'muslim_933', 'muslim_6970', 'muslim_5118', 'muslim_7071', 'muslim_6996', 'muslim_1849', 'muslim_1113', 'muslim_6433', 'muslim_3440']"
C0818,"আয়েশা বললেন, তিনি নবী মুহাম্মদ (সা.)-কে নামাজের সময় দৃষ্টি ঘুরানোর বিষয়ে জিজ্ঞেস করেছিলেন। নবী (সা.) বললেন, এটি শয়তানের একটি চক্রান্ত, যা মানুষের নামাজ থেকে কিছুটা ছিনিয়ে নেয়।","['bukhari_751', 'bukhari_3291', 'muslim_2065', 'muslim_1715', 'muslim_3377']",muslim_3731,"['muslim_3731', 'bukhari_3994', 'muslim_2762', 'muslim_1832', 'bukhari_1073', 'muslim_3440', 'bukhari_6145', 'muslim_5118', 'muslim_6041', 'muslim_4910']"
C0821,"রাসূলুল্লাহ (সা.) এর সময়ে মানুষ জমি ভাড়া দেওয়ার জন্য স্বর্ণ ও রৌপ্য ব্যবহার করতেন। তবে, কিছু নির্দিষ্ট শর্তে ভাড়া নেওয়া বৈধ ছিল, যেমন ফসলের জন্য।","['muslim_3952', 'muslim_3951', 'muslim_3944', 'muslim_4086', 'muslim_4824']",muslim_6012,"['muslim_6012', 'muslim_6521', 'muslim_6794', 'bukhari_3013', 'muslim_6141', 'muslim_7365', 'muslim_4850', 'muslim_7441', 'muslim_6433', 'bukhari_2200']"
C0825,"রাসূলুল্লাহ (সাল্লাল্লাহু আলাইহি ওয়াসাল্লাম) বলেছেন, ""তোমাদের একজন ভাই মারা গেছে, তাই তার জন্য নামাজ পড়ো।"" এরপর আমরা দুই সারিতে দাঁড়িয়ে নামাজ পড়লাম।","['muslim_2209', 'muslim_2210', 'muslim_4669', 'muslim_4234', 'muslim_6549']",muslim_5796,"['muslim_5796', 'muslim_1371', 'bukhari_4805', 'muslim_575', 'bukhari_6997', 'bukhari_6145', 'bukhari_1162', 'muslim_6429', 'muslim_848', 'bukhari_5984']"
C0826,"রাসূলুল্লাহ (সা.) বলেছেন, যদি কোনো নারী মাসিকের সময়ে রক্তপাতের সম্মুখীন হয় এবং তা মাসিক নয়, তাহলে তাকে নামাজ থেকে বিরত থাকতে হবে যখন মাসিক শুরু হয় এবং রক্তপাত বন্ধ হলে তাকে গোসল করে নামাজ পড়তে হবে।","['muslim_753', 'bukhari_306', 'bukhari_228', 'bukhari_320', 'bukhari_331']",muslim_495,"['muslim_495', 'muslim_6746', 'bukhari_284', 'muslim_3834', 'muslim_3862', 'bukhari_5257', 'muslim_3811', 'muslim_3265', 'muslim_483', 'muslim_2207']"
C0828,"নবী মুহাম্মদ (সা.) বলেছেন, আমরা কিয়ামতের দিন শেষ জাতি, যাদের আগে অন্যরা কিতাব পেয়েছিল। আল্লাহ আমাদেরকে সেই দিন সঠিক পথ দেখিয়েছেন, যা অন্যরা বিভ্রান্ত হয়েছিল।","['muslim_1980', 'muslim_1978', 'bukhari_896', 'bukhari_897', 'muslim_1981']",muslim_7071,"['muslim_7071', 'muslim_1113', 'muslim_6342', 'muslim_3440', 'muslim_6433', 'muslim_3921', 'muslim_1889', 'muslim_6041', 'muslim_2506', 'muslim_7155']"
C0830,"আমি শুনেছি যে, রাসূলুল্লাহ (সা.) তাঁর সাদা পোশাক পরিহিত অবস্থায় ছিলেন এবং জুহায়র তাঁর আঙুলগুলো রাসূলের গলায় রেখেছিলেন। তিনি তখন বলেছিলেন, ""আমি তীর তৈরি করব এবং তা সাজাব।""","['muslim_6080', 'muslim_3679', 'muslim_1311', 'muslim_4182', 'muslim_5942']",muslim_495,"['muslim_495', 'muslim_3834', 'muslim_3265', 'muslim_3811', 'muslim_5979', 'muslim_1279', 'bukhari_4545', 'muslim_2207', 'muslim_483', 'bukhari_5257']"
C0831,"আমি শুনেছি, রাসূলুল্লাহ (সা.) এর একটি চিঠি হারকুলের কাছে পাঠানো হয়েছিল, যেখানে তিনি ইসলাম গ্রহণের আহ্বান জানিয়েছেন। হারকুল এই চিঠির বক্তব্য শুনে বলেছিলেন, যদি এটি সত্যি হয়, তবে তিনি একজন নবী।","['muslim_4607', 'bukhari_4553', 'bukhari_2940', 'bukhari_2941', 'bukhari_7']",muslim_495,"['muslim_495', 'muslim_3834', 'bukhari_5257', 'muslim_483', 'muslim_434', 'bukhari_643', 'bukhari_823', 'bukhari_3595.2', 'bukhari_297', 'bukhari_4923']"
C0832,"রাসূলুল্লাহ (সাল্লাল্লাহু আলাইহি ওয়া সাল্লাম) অসুস্থ অবস্থায় যখন অচেতন হয়ে পড়লেন, তখন তিনি জ্ঞান ফিরে পেয়ে বললেন, ""নামাজের সময় হয়েছে?"" এবং বললেন, ""বিলালকে বলো আযান দিতে এবং আবু বকরকে বলো মানুষের নামাজ পড়াতে।"" এরপর তিনি আবার অচেতন হয়ে গেলেন।","['muslim_941', 'muslim_940', 'muslim_936', 'muslim_949', 'bukhari_678']",bukhari_6056,"['bukhari_6056', 'bukhari_6996', 'bukhari_5032.2', 'bukhari_717', 'bukhari_5984', 'bukhari_6997', 'muslim_483', 'bukhari_1162', 'muslim_575', 'bukhari_5257']"
C0834,"নবী মুহাম্মদ (সা.) ডুবা, নকির, জার ও মজফফাত ব্যবহার করতে নিষেধ করেছেন।","['muslim_5183', 'muslim_5176', 'muslim_5179', 'muslim_5186', 'muslim_5180']",bukhari_241,"['bukhari_241', 'muslim_2762', 'muslim_3731', 'bukhari_158', 'bukhari_3994', 'bukhari_6145', 'muslim_1832', 'muslim_6970', 'muslim_7307', 'bukhari_6791']"
C0837,"আমি শুনেছি, আমর বলছিলেন যে, তিনি যখন রাসূলুল্লাহ (সা.)-এর সাথে সফরে ছিলেন, তখন রাসূল (সা.) আমাদের বলেছিলেন যে, পূর্ববর্তী নবীদের মতো, তাঁরও উম্মতকে ভালোর পথ দেখানো এবং খারাপের থেকে সতর্ক করা কর্তব্য। তিনি আরও বলেছেন যে, আমাদের উম্মতের প্রথম অংশে শান্তি থাকবে, কিন্তু শেষের দিকে বিপদ ও অস্বস্তির ঘটনা ঘটবে। তাই, যে কেউ জান্নাতে প্রবেশ করতে চায়, তাকে ঈমানের সাথে মৃত্যুবরণ করতে হবে এবং অন্যদের প্রতি সদাচরণ করতে হবে।","['muslim_4776', 'muslim_3755', 'muslim_1199', 'muslim_7356', 'muslim_4591']",bukhari_4545,"['bukhari_4545', 'bukhari_3322', 'muslim_434', 'muslim_1985', 'bukhari_5726', 'bukhari_6989', 'bukhari_4923', 'muslim_514', 'bukhari_7395', 'bukhari_3262']"
C0839,আমি দেখেছি যে রাসূলুল্লাহ (সা.) তাঁর বাম পা দিয়ে কিছু মাটিতে ফেলে দিলেন।,"['muslim_579', 'muslim_1234', 'muslim_1311', 'muslim_538', 'muslim_5463']",muslim_6970,"['muslim_6970', 'muslim_495', 'muslim_6162', 'muslim_3612', 'muslim_208', 'muslim_471', 'muslim_3265', 'bukhari_1073', 'muslim_575', 'muslim_5428']"
C0840,"আল্লাহ বলেছেন, নবী (সা.)-কে জিজ্ঞাসা করা হয়েছিল কোন নামাজ সবচেয়ে ভালো, তিনি বলেছেন দীর্ঘ কুনুত।","['muslim_1769', 'muslim_1768', 'muslim_164', 'muslim_6925', 'muslim_2756']",bukhari_3994,"['bukhari_3994', 'muslim_933', 'muslim_3208', 'muslim_2506', 'muslim_1875', 'bukhari_6145', 'muslim_2752', 'muslim_6342', 'muslim_789', 'muslim_5919']"
C0841,"আল্লাহর রাসূল (সা.) উম্ম সাঈব বা উম্ম মুসাইব-এর কাছে গিয়ে জানতে চাইলেন, ""তুমি কেন এত উদ্বিগ্ন?"" তিনি বললেন, ""জ্বরের কারণে।"" রাসূল (সা.) তখন বললেন, ""জ্বরকে গালি দিও না, কারণ এটি আদমের পাপগুলো মুছে দেয় যেমন লোহা থেকে ময়লা দূর হয়।""","['muslim_6570', 'muslim_6627', 'muslim_4374', 'muslim_4934', 'muslim_3603']",muslim_495,"['muslim_495', 'bukhari_4545', 'muslim_3834', 'muslim_3265', 'muslim_1279', 'muslim_3811', 'muslim_7188', 'muslim_5979', 'muslim_6652', 'muslim_2410']"
C0842,"রাসূলুল্লাহ (সা.) বলেছেন যে, নারীদের মধ্যে যারা যুবতী, বিবাহিত এবং ঋতুস্রাবের সময় নয়, তাদেরকে মুসলমানদের কল্যাণ ও দোয়ার অনুষ্ঠানে উপস্থিত থাকতে হবে।","['bukhari_1652', 'muslim_2054', 'bukhari_324', 'bukhari_980', 'bukhari_351']",muslim_495,"['muslim_495', 'muslim_450', 'bukhari_518', 'muslim_6746', 'bukhari_4545', 'muslim_3862', 'muslim_3834', 'muslim_3671', 'muslim_1985', 'bukhari_3322']"
C0846,"আমি শুনেছি যে, রাসূলুল্লাহ (সা.) আল্লাহর কাছে এই দোয়া করতেন: ""হে আল্লাহ, আমি অলসতা, ভীরুতা, কৃপণতা, বার্ধক্য এবং কবরে শাস্তি থেকে আপনার কাছে আশ্রয় চাই।"" তিনি আরও বলতেন, ""হে আল্লাহ, আমার অন্তরকে সঠিক পথে পরিচালিত করুন এবং আমাকে অকার্যকর জ্ঞান, অশান্ত হৃদয়, অশান্ত আত্মা এবং অকার্যকর দোয়া থেকে রক্ষা করুন।""","['muslim_6906', 'muslim_6873', 'muslim_6871', 'bukhari_2823', 'bukhari_6367']",muslim_3811,"['muslim_3811', 'muslim_3265', 'muslim_857', 'muslim_495', 'muslim_483', 'bukhari_6996', 'muslim_3834', 'muslim_3514', 'bukhari_7435', 'muslim_575']"
C0847,"নবী (সাল্লাল্লাহু আলাইহি ওয়া সাল্লাম) বলেছেন, যদি কেউ তার সম্পদের এক তৃতীয়াংশ দান করতে চায়, তবে সেটি অনেক। তিনি বলেছেন, সন্তানদেরকে ধনী রেখে যাওয়া ভালো, যাতে তারা মানুষের কাছে হাত পাততে না হয়।","['muslim_4209', 'bukhari_3936', 'bukhari_4409', 'bukhari_6373', 'bukhari_1295']",muslim_913,"['muslim_913', 'muslim_789', 'muslim_5875', 'bukhari_3994', 'muslim_3208', 'muslim_3639', 'muslim_3981', 'muslim_933', 'muslim_4940', 'muslim_4130']"
C0848,"আমি শুনেছি যে, আবু ধর রাদিয়াল্লাহু আনহু মক্কায় নবী সাল্লাল্লাহু আলাইহি ওয়াসাল্লামের কাছে গিয়ে ইসলাম গ্রহণ করেন। তিনি প্রথমে নবীর কথা শুনে বুঝতে পারেন যে, তিনি সত্যিই আল্লাহর রাসূল এবং এরপর তিনি তাঁর সম্প্রদায়কে ইসলামের বার্তা পৌঁছাতে বেরিয়ে যান।","['muslim_6362', 'bukhari_3861', 'muslim_2951', 'muslim_4589', 'muslim_1562']",muslim_434,"['muslim_434', 'muslim_6746', 'muslim_483', 'muslim_1985', 'muslim_514', 'bukhari_297', 'bukhari_3322', 'bukhari_823', 'bukhari_6989', 'muslim_495']"
C0850,"নবী (সাল্লাল্লাহু আলাইহি ওয়াসাল্লাম) বলেছেন, যে ব্যক্তি তার সম্পত্তির জন্য লড়াই করে এবং মারা যায়, সে শহীদ।","['bukhari_2480', 'muslim_4941', 'muslim_361', 'muslim_7422', 'muslim_4387']",muslim_5118,"['muslim_5118', 'muslim_1849', 'muslim_933', 'muslim_1148', 'muslim_7071', 'muslim_4009', 'muslim_2762', 'muslim_6669', 'muslim_5919', 'muslim_6996']"
C0851,"আমি শুনেছি, আনাস বিন মালিক বলেছিলেন যে, রাসূলুল্লাহ (সা.) বলেছেন, মুনাফিকের নামাজ হলো এমন যে, সে সূর্য ডোবার দিকে তাকিয়ে থাকে এবং যখন তা শয়তানের দুই শিংয়ের মাঝে আসে, তখন উঠে চার রাকাত নামাজ পড়ে, কিন্তু আল্লাহর স্মরণ খুব কমই করে।","['muslim_1412', 'muslim_6121', 'muslim_1388', 'muslim_1393', 'muslim_1649']",muslim_1985,"['muslim_1985', 'bukhari_4545', 'muslim_6746', 'muslim_4034', 'bukhari_3322', 'muslim_3671', 'muslim_5964', 'muslim_3876', 'bukhari_4311', 'muslim_1280']"
C0856,"আমি শুনেছি যে, নবী সাল্লাল্লাহু আলাইহি ওয়াসাল্লাম যখন শহরে প্রবেশ করছিলেন, তখন তাঁর কাছে আবু বকর এসে বললেন যে, তিনি মানুষের জন্য অপেক্ষা করছিলেন। নবী তখন কিছুক্ষণ বিশ্রাম নেন এবং পরে প্রার্থনার জন্য পানি খুঁজতে বের হন।","['bukhari_4608', 'bukhari_6845', 'muslim_817', 'muslim_816', 'muslim_3691']",muslim_434,"['muslim_434', 'bukhari_643', 'bukhari_284', 'muslim_483', 'muslim_495', 'bukhari_6996', 'bukhari_297', 'muslim_514', 'bukhari_823', 'bukhari_5257']"
C0858,"ইব্রাহিম আলাইহিস সালামের স্ত্রী হজরাত আম্মা ইসমাইল পানির জন্য দৌড়াতে দৌড়াতে যখন অসহায় হয়ে পড়েছিলেন, তখন আল্লাহর নির্দেশে জিব্রাইল আঃ মাটিতে পা মারলে পানি বের হয়। এরপর সেই পানি পান করে তিনি তাঁর সন্তানের জন্য দুধ উৎপন্ন করতে সক্ষম হন।","['bukhari_3365', 'muslim_1911', 'muslim_1562', 'muslim_409', 'muslim_6322']",muslim_495,"['muslim_495', 'muslim_3834', 'muslim_4406', 'muslim_2207', 'bukhari_4751', 'muslim_3509', 'muslim_6531', 'muslim_1621', 'muslim_2062', 'bukhari_3638']"
C0859,"নবী মুহাম্মদ (সা.) বলেছেন, যদি তোমাদের কেউ ডাকলে সাড়া দাও। যদি তুমি রোজা রাখো, তাহলে নামাজ পড়ো এবং যদি তুমি রোজা না রাখো, তাহলে খাবার দাও।","['muslim_3520', 'muslim_3518', 'muslim_3511', 'muslim_3510', 'muslim_3514']",bukhari_3994,"['bukhari_3994', 'muslim_1849', 'muslim_3731', 'bukhari_6145', 'muslim_2762', 'muslim_5118', 'muslim_1148', 'muslim_933', 'muslim_6996', 'muslim_7155']"
C0864,"নবী মুহাম্মদ (সা.) বলেছেন, আমাদেরকে একটানা রোজা রাখার থেকে বিরত থাকতে হবে। তিনি উল্লেখ করেছেন যে, তিনি আল্লাহর কাছে খাবার ও পানির ব্যবস্থা পান, তাই আমাদের উচিত আমাদের সামর্থ্য অনুযায়ী কাজ করা।","['muslim_2567', 'muslim_2571', 'bukhari_1966', 'muslim_2566', 'muslim_2572']",bukhari_3994,"['bukhari_3994', 'muslim_1832', 'muslim_3731', 'muslim_3639', 'muslim_933', 'muslim_3208', 'muslim_6292', 'muslim_913', 'muslim_2762', 'muslim_789']"
C0865,"আমি শুনেছি যে, একজন ব্যক্তি বলেছিলেন যে তিনি নামাজ পড়ছেন, কিন্তু তার উদ্দেশ্য ছিল আপনাদেরকে দেখানো যে তিনি কিভাবে রাসূলুল্লাহ (সা.)-কে নামাজ পড়তে দেখেছেন। তিনি প্রথম রাকাতে সেজদা শেষ করার পর মাথা উঁচু করেছিলেন।","['bukhari_677', 'bukhari_824', 'muslim_1060', 'muslim_2091', 'muslim_3690']",bukhari_3322,"['bukhari_3322', 'bukhari_4545', 'muslim_6746', 'bukhari_7040', 'muslim_2822', 'muslim_1985', 'bukhari_2950', 'bukhari_4311', 'muslim_3876', 'muslim_4034']"
C0868,"রাসূলুল্লাহ (সা.) বলেন, যখন আমরা হজে বের হয়েছিলাম, তখন আবু কাতাদা একটি বন্য গাধাকে শিকার করেন এবং আমরা তার মাংস খাই। যখন আমরা বললাম যে আমরা তো ইহরামবন্দী, তিনি বললেন, যদি কেউ তাকে কিছু করতে বলেনি, তাহলে তোমরা মাংস খেতে পার।","['muslim_2855', 'bukhari_1824', 'muslim_1562', 'muslim_2854', 'muslim_4998']",bukhari_4545,"['bukhari_4545', 'muslim_483', 'bukhari_4923', 'muslim_1985', 'bukhari_3322', 'bukhari_5681', 'bukhari_4029', 'bukhari_7395', 'muslim_434', 'bukhari_5510']"
C0869,"নবী মুহাম্মদ (সা.) বলেছেন, সূর্যগ্রহণের দিন তিনি চার রাকাত নামাজ পড়েছিলেন, যা দুই রাকাতে চার সেজদা নিয়ে ছিল।","['muslim_2094', 'muslim_2092', 'muslim_2111', 'muslim_2093', 'muslim_2097']",muslim_495,"['muslim_495', 'muslim_6531', 'muslim_3834', 'muslim_2410', 'bukhari_284', 'muslim_2207', 'bukhari_5257', 'muslim_3514', 'bukhari_6791', 'muslim_6970']"
C0870,"একজন মুহাজির একজন আনসারের সাথে ঝগড়া করেছিল। যখন তারা নবী সাল্লাল্লাহু আলাইহি ওয়াসাল্লাম-এর কাছে গিয়েছিল, তিনি বলেছিলেন যে এই বিষয়টি এড়িয়ে চলা উচিত, কারণ এটি অশুদ্ধ।","['muslim_6584', 'muslim_6583', 'bukhari_4905', 'bukhari_4907', 'muslim_2318']",muslim_2133,"['muslim_2133', 'muslim_5921', 'muslim_4698', 'muslim_5159', 'muslim_6292', 'muslim_1832', 'bukhari_2290', 'muslim_986', 'muslim_5274', 'muslim_5917']"
C0874,"নবী মুহাম্মদ (সা.) বলেছেন যে, জমি ভাড়া নেওয়া উচিত নয়, যেমন অর্ধেক, এক তৃতীয়াংশ বা এক চতুর্থাংশে।","['muslim_3958', 'muslim_3910', 'muslim_3922', 'muslim_530', 'muslim_3949']",muslim_6520,"['muslim_6520', 'muslim_4866', 'muslim_1849', 'muslim_933', 'muslim_6996', 'muslim_1148', 'muslim_6387', 'muslim_5118', 'muslim_6258', 'muslim_6534']"
C0875,"উসমান মিনা-তে চার রাকাত নামাজ পড়েছেন, যা শুনে আবদুল্লাহ বলেছেন, আমি তো রাসূলুল্লাহর সাথে দুই রাকাত নামাজ পড়েছি।","['muslim_1596', 'bukhari_1084', 'muslim_1590', 'muslim_1599', 'muslim_7344']",bukhari_5084,"['bukhari_5084', 'muslim_6970', 'bukhari_799', 'bukhari_3198', 'bukhari_6791', 'bukhari_3088', 'bukhari_5475', 'bukhari_6145', 'bukhari_5983', 'bukhari_3679']"
C0876,"মালিক বিন হুয়ারিথ আমাদেরকে নবী সাল্লাল্লাহু আলাইহি ওয়াসাল্লামের নামাজের পদ্ধতি দেখিয়েছিলেন, যদিও তখন নামাজের সময় ছিল না। তিনি দাঁড়িয়ে, রুকু করে, এবং এরপর মাথা উঁচু করে কিছুক্ষণ থেমে ছিলেন।","['bukhari_802', 'bukhari_818', 'bukhari_819', 'muslim_873', 'muslim_2089']",bukhari_1073,"['bukhari_1073', 'muslim_6970', 'bukhari_5406', 'bukhari_3307', 'muslim_495', 'muslim_3509', 'muslim_575', 'muslim_1621', 'muslim_5979', 'bukhari_643']"
C0878,"রাসূলুল্লাহ (সাঃ) বলেছেন, বিলাল রাতে আজান দেন, তাই তোমরা খাও এবং পান করো যতক্ষণ না ইবনে উম মকতুমের আজান শোনো।","['muslim_2537', 'muslim_2538', 'muslim_2536', 'bukhari_622', 'bukhari_623']",muslim_6970,"['muslim_6970', 'bukhari_5084', 'bukhari_6145', 'muslim_4866', 'muslim_6794', 'muslim_5795', 'bukhari_6791', 'muslim_7071', 'muslim_1113', 'bukhari_799']"
C0879,"আমি শুনেছি যে, নবী (সা.) বলেছেন, একটি কিরাতের মূল্য উহুদ পর্বতের মতো।","['muslim_2197', 'muslim_2196', 'muslim_6787', 'muslim_5213', 'muslim_5799']",muslim_3208,"['muslim_3208', 'muslim_6342', 'muslim_4850', 'bukhari_5475', 'muslim_2506', 'muslim_6794', 'muslim_2752', 'muslim_997', 'muslim_1889', 'muslim_6433']"
C0880,"নবী (সাল্লাল্লাহু আলাইহি ওয়া সাল্লাম) বলেছেন, যে ব্যক্তি আল্লাহর পথে জিহাদ করতে বের হয়, আমি তার জন্য প্রতিশ্রুতি দিচ্ছি যে, যদি আমি তাকে ফিরিয়ে আনি, তাহলে তাকে পুরস্কার বা লুটের সঙ্গে ফিরিয়ে আনব। আর যদি আমি তাকে গ্রহণ করি, তাহলে আমি তাকে ক্ষমা করব এবং তার প্রতি রহমত প্রদর্শন করব।","['muslim_4859', 'muslim_6986', 'muslim_338', 'muslim_7004', 'muslim_5217']",bukhari_6996,"['bukhari_6996', 'bukhari_297', 'bukhari_5984', 'muslim_483', 'bukhari_7435', 'bukhari_717', 'bukhari_255', 'muslim_434', 'bukhari_1011', 'bukhari_354']"
C0881,"রাসূলুল্লাহ (সা.) আমাকে বলেছিলেন, ""হে আল্লাহ, আমাকে সঠিক পথ প্রদর্শন কর এবং আমাকে সঠিকভাবে পরিচালিত কর।"" তিনি আমাকে মিহতার (মিহতার হলো নারীদের দ্বারা তাদের স্বামীদের জন্য তৈরি করা বিশেষ আসন) উপর বসতে নিষেধ করেছেন।","['muslim_5490', 'muslim_6848', 'muslim_6849', 'muslim_5409', 'muslim_6911']",bukhari_6145,"['bukhari_6145', 'bukhari_3994', 'muslim_3731', 'muslim_2762', 'muslim_5118', 'muslim_1849', 'muslim_6996', 'muslim_7071', 'muslim_6970', 'muslim_2568']"
C0883,"একদল আনসার রাসূলুল্লাহ (সা.)-এর কাছে অনুমতি চাইলেন এবং বললেন, আমাদের ভাই আব্বাসের মুক্তির জন্য কিছু টাকা রেখে যেতে দিন। রাসূল (সা.) বললেন, তোমরা তার জন্য এক পয়সাও রেখে যেতে পারবে না।","['bukhari_4018', 'bukhari_2537', 'bukhari_3048', 'muslim_2439', 'muslim_4612']",bukhari_4545,"['bukhari_4545', 'bukhari_3322', 'muslim_1985', 'muslim_434', 'muslim_483', 'muslim_6746', 'muslim_3671', 'bukhari_4923', 'muslim_5964', 'muslim_3834']"
C0884,"আমি শুনেছি যে, নামাজ না পড়া মানুষের মধ্যে এবং শিরক বা কুফরের মধ্যে একটি বড় ফারাক সৃষ্টি করে।","['muslim_246', 'muslim_247', 'muslim_6834', 'muslim_191', 'muslim_4767']",muslim_6746,"['muslim_6746', 'bukhari_3322', 'muslim_4034', 'bukhari_2950', 'muslim_1985', 'bukhari_5832', 'bukhari_7040', 'muslim_5964', 'muslim_3876', 'muslim_2822']"
C0887,"আমি শুনেছি যে, রাসূলুল্লাহ (সা.) এক যুবককে একটি ছাগল চামড়া ছাড়াতে দেখে তাকে বললেন, ""একটু সরে দাঁড়াও, আমি তোমাকে দেখাবো।"" এরপর তিনি নিজের হাত দিয়ে চামড়ার ও মাংসের মধ্যে ঢুকিয়ে দেখালেন কিভাবে চামড়া ছাড়াতে হয়। এরপর তিনি মানুষের জন্য নামাজ পড়তে গিয়েছিলেন এবং ওয়াজু করেননি।","['muslim_7356', 'muslim_5404', 'muslim_3743', 'muslim_6025', 'muslim_4437']",muslim_495,"['muslim_495', 'muslim_3834', 'bukhari_429', 'muslim_483', 'muslim_3265', 'bukhari_6996', 'bukhari_205', 'muslim_3811', 'muslim_514', 'bukhari_4923']"
C0890,"তিনি বলেছেন, আমার কাছে পঞ্চাশ হাজার হাদিস আছে, কিন্তু আমি সেগুলোর মধ্যে কিছুই বলিনি। তারপর একদিন তিনি একটি হাদিস বললেন এবং বললেন, এটি সেই পঞ্চাশ হাজারের মধ্যে একটি।","['muslim_3551', 'muslim_6400', 'muslim_4275', 'muslim_526', 'muslim_5359']",bukhari_799,"['bukhari_799', 'bukhari_1044', 'bukhari_5475', 'bukhari_2134', 'bukhari_3203', 'bukhari_2033', 'bukhari_3198', 'bukhari_3690', 'bukhari_1935', 'bukhari_1583']"
C0893,"নবী মুহাম্মদ (সা.) তাঁর স্ত্রীকে বলেছেন যে, তিনি যখন ইহরাম বাঁধবেন এবং কাবা তাওয়াফ করার আগে কিছু নির্দেশনা দেবেন।","['muslim_2824', 'muslim_2831', 'muslim_2825', 'muslim_2826', 'bukhari_1754']",muslim_575,"['muslim_575', 'muslim_5848', 'bukhari_1073', 'muslim_495', 'muslim_3265', 'bukhari_5984', 'bukhari_7435', 'muslim_3514', 'muslim_6970', 'bukhari_6056']"
C0894,"নবীজি বলেছেন, শেষ সময়ে কিছু মানুষ থাকবে যারা কালো রঙে নিজেদের রাঙাবে, তাদের গন্ধ জান্নাতের মতো হবে না।","['muslim_462', 'muslim_1007', 'muslim_7319', 'muslim_6054', 'muslim_4915']",muslim_495,"['muslim_495', 'bukhari_284', 'muslim_3265', 'muslim_3862', 'muslim_4406', 'bukhari_5257', 'muslim_5694', 'muslim_3811', 'muslim_3834', 'muslim_450']"
C0895,"আল্লাহ আমাদের ইসলাম ও মুহাম্মদ (সা.) এর মাধ্যমে সমৃদ্ধ করবেন। আবু আবদুল্লাহ বলেছেন, এটি আমাদের জন্য একটি আশীর্বাদ।","['bukhari_7271', 'muslim_4418', 'muslim_6479', 'muslim_5034', 'muslim_4683']",muslim_5917,"['muslim_5917', 'muslim_6555', 'muslim_3776', 'muslim_3208', 'muslim_3557', 'muslim_7187', 'muslim_5312', 'muslim_5159', 'muslim_4591', 'muslim_6431']"
C0897,"নবী (সা.) বলেছেন, পুরুষদের উচিত অন্য পুরুষের নগ্নতা না দেখা এবং নারীদেরও অন্য নারীর নগ্নতা না দেখা। এছাড়া, পুরুষদের একসাথে একই কাপড়ে থাকা এবং নারীদেরও একইভাবে থাকা উচিত নয়।","['muslim_768', 'muslim_3442', 'muslim_769', 'muslim_3458', 'muslim_710']",muslim_575,"['muslim_575', 'bukhari_6791', 'bukhari_6505', 'muslim_6531', 'bukhari_5257', 'muslim_471', 'bukhari_1073', 'bukhari_3307', 'bukhari_158', 'muslim_4203']"
C0898,"আয়েশা বলেছেন, আমরা রাসূলুল্লাহ (সা.)-কে বেছে নিয়েছিলাম এবং তিনি আমাদের জন্য কিছু নির্ধারণ করেননি।","['muslim_3688', 'muslim_3687', 'bukhari_5262', 'muslim_3684', 'muslim_4834']",muslim_6970,"['muslim_6970', 'bukhari_1073', 'muslim_5796', 'muslim_1371', 'bukhari_6145', 'muslim_471', 'muslim_2762', 'muslim_5118', 'muslim_4866', 'muslim_3731']"
C0899,"নবী মুহাম্মদ (সা.) বলেছেন, আমাদের দুই বা তিনবার নাক পরিষ্কার করা উচিত।","['muslim_6498', 'muslim_555', 'muslim_7293', 'muslim_5337', 'muslim_940']",muslim_2133,"['muslim_2133', 'muslim_5917', 'muslim_3208', 'muslim_3776', 'muslim_986', 'muslim_4180', 'muslim_4183', 'muslim_2752', 'muslim_3639', 'muslim_3362']"
C0901,"আমি শুনেছি, রাসূলুল্লাহ (সা.) বলেছেন যে, যারা শিকারী প্রাণী বা গাধা খায়, তাদের জন্য তা হারাম। আর যদি কেউ কাউকে অতিথি হিসেবে ডাকে এবং তারা তাকে সম্মান না করে, তাহলে তার জন্য তাদের প্রতি প্রতিশোধ নেওয়ার অধিকার রয়েছে।","['muslim_4055', 'muslim_3266', 'muslim_4209', 'muslim_100', 'muslim_3269']",bukhari_4805,"['bukhari_4805', 'bukhari_1162', 'bukhari_3307', 'bukhari_6145', 'bukhari_5984', 'bukhari_1073', 'bukhari_6505', 'muslim_5796', 'bukhari_6791', 'muslim_5848']"
C0903,"নবী সাল্লাল্লাহু আলাইহি ওয়াসাল্লাম বলেছেন, নারীদের তাদের শরীরের বিষয়ে অনুমতি নিতে হবে। যখন বলা হয় যে, কুমারী নারীরা লজ্জা পায় এবং চুপ থাকে, তিনি বলেছেন, এটি তাদের সম্মতি।","['bukhari_6946', 'muslim_3473', 'muslim_411', 'bukhari_5136', 'muslim_2798']",muslim_5248,"['muslim_5248', 'muslim_1889', 'muslim_3478', 'muslim_6837', 'muslim_6072', 'muslim_3921', 'muslim_6342', 'muslim_4942', 'muslim_5395', 'muslim_6292']"
C0904,"নবী মুহাম্মদ (সা.) বলেছেন, জিবরাইল (আ.) আমাকে বলেছিলেন যে, আমার সাহাবীদেরকে তলবীহের আওয়াজ بلند করার নির্দেশ দিতে।","['muslim_4880', 'muslim_4294', 'muslim_5513', 'muslim_415', 'muslim_1005']",muslim_6970,"['muslim_6970', 'bukhari_1073', 'muslim_6140', 'muslim_1371', 'muslim_5848', 'muslim_6162', 'muslim_3239', 'muslim_990', 'muslim_5118', 'muslim_6653']"
C0906,"নবী মুহাম্মদ (সা.) বলেছিলেন, ""হে থৌবান, আমাদের জন্য এই ভেড়ার মাংস প্রস্তুত করো।"" এরপর তিনি তা খেতে থাকেন যতক্ষণ না তারা মদিনায় পৌঁছায়।","['muslim_5110', 'muslim_5326', 'muslim_4265', 'muslim_4043', 'muslim_5705']",muslim_3731,"['muslim_3731', 'bukhari_6145', 'bukhari_3994', 'muslim_1849', 'muslim_5118', 'muslim_2762', 'muslim_6996', 'muslim_933', 'muslim_1148', 'muslim_789']"
C0910,"আমি শুনেছি যে আয়েশা বলেছেন, নবী (সাল্লাল্লাহু আলাইহি ওয়া সাল্লাম) এ সম্পর্কে কিছু বলেছেন।","['muslim_1709', 'muslim_5468', 'muslim_3750', 'muslim_6349', 'muslim_2699']",bukhari_6145,"['bukhari_6145', 'bukhari_5984', 'muslim_6970', 'muslim_6162', 'bukhari_1162', 'muslim_6140', 'bukhari_6997', 'bukhari_6056', 'muslim_1371', 'bukhari_1073']"
C0911,"হুযায়ফা বলেছেন, মাওয়ান যখন মদিনায় ইমামতি করতেন, তখন তিনি নামাজের সময় আল্লাহর কাছে বড় করে তাকবির বলতেন এবং রুকু ও সিজদার সময়ও তাকবির দিতেন। নামাজ শেষ করার পর তিনি মসজিদের লোকদের বলেছিলেন, আমি রাসূলুল্লাহর নামাজের সাথে খুব মিল আছে।","['bukhari_789', 'bukhari_803', 'muslim_868', 'muslim_2091', 'muslim_870']",muslim_495,"['muslim_495', 'muslim_514', 'bukhari_284', 'bukhari_3638', 'bukhari_3322', 'muslim_6746', 'muslim_483', 'muslim_1985', 'muslim_434', 'muslim_3876']"
C0912,"নবী সাল্লাল্লাহু আলাইহি ওয়াসাল্লাম বলেছেন, তিনি মসজিদের কিবলার দিকে থুথু দেখতে পেয়েছিলেন। তিনি এ সম্পর্কে আলোচনা করেছেন যে, এটি মালিকের কথার সাথে সম্পর্কিত।","['muslim_1224', 'muslim_1225', 'bukhari_407', 'muslim_1228', 'bukhari_753']",muslim_6012,"['muslim_6012', 'muslim_1832', 'muslim_3208', 'muslim_6292', 'bukhari_2290', 'muslim_1889', 'muslim_3639', 'bukhari_3994', 'muslim_6794', 'muslim_6301']"
C0915,"নবী (সা.) বলেছেন, যে ব্যক্তি তার ভাইকে কাফের বলে ডাকে, সে উভয়েই এর জন্য দায়ী হয়।","['bukhari_6104', 'muslim_216', 'bukhari_6103', 'muslim_215', 'muslim_4189']",muslim_6970,"['muslim_6970', 'muslim_4866', 'muslim_471', 'muslim_6429', 'bukhari_6145', 'bukhari_6791', 'muslim_1371', 'muslim_6996', 'muslim_848', 'muslim_7130']"
C0916,"আমি শুনেছি, আয়েশা রাদিয়াল্লাহু আনহা বলেছেন যে, নবী সাল্লাল্লাহু আলাইহি ওয়া সাল্লাম এ সম্পর্কে কথা বলেছেন।","['muslim_569', 'muslim_567', 'muslim_2912', 'muslim_2939', 'muslim_2830']",muslim_495,"['muslim_495', 'bukhari_6996', 'muslim_434', 'bukhari_444', 'muslim_483', 'bukhari_297', 'muslim_3539', 'bukhari_5984', 'bukhari_643', 'bukhari_3595.2']"
C0917,"রাসূলুল্লাহ (সা.) বলেছেন, যদি আপনি কোনো হারানো জিনিস পান, তাহলে এক বছর ধরে তার পরিচয় জানার চেষ্টা করুন। যদি তার মালিক ফিরে আসে, তাহলে তাকে ফিরিয়ে দিন, আর যদি না আসে, তাহলে সেটি আপনার হয়ে যাবে।","['muslim_4499', 'muslim_4498', 'muslim_4506', 'muslim_4502', 'muslim_4501']",muslim_4866,"['muslim_4866', 'bukhari_6791', 'muslim_3540', 'muslim_6794', 'bukhari_6145', 'muslim_1849', 'muslim_1845', 'muslim_7071', 'muslim_471', 'muslim_6429']"
C0919,"আয়েশা বলেছেন, তিনি দুইটি বৃদ্ধা ইহুদি মহিলার সাথে কথা বলেছেন, যারা বলেছিলেন যে কবরের মানুষরা কবরের মধ্যে শাস্তি ভোগ করছে। পরে তিনি রাসূলুল্লাহ (সা.)-এর কাছে গিয়ে এই কথা বললে, তিনি তা সত্য বলে স্বীকার করেন এবং বলেন যে, কবরের শাস্তি এমন যে, তা পশুরাও শুনতে পায়।","['muslim_1321', 'bukhari_6366', 'muslim_1319', 'muslim_2098', 'muslim_6657']",muslim_495,"['muslim_495', 'muslim_3834', 'bukhari_4545', 'muslim_1279', 'muslim_1985', 'muslim_483', 'bukhari_5257', 'bukhari_4923', 'muslim_450', 'muslim_6531']"
C0920,"আমি শুনেছি, হজের সময় রাসূলুল্লাহ (সা.) মিনা তে নামাজ পড়ছিলেন, তখন এক ব্যক্তি একটি গাধায় চড়ে আসেন এবং গাধাটি কিছুক্ষণ নামাজের সামনে দিয়ে চলে যায়। পরে তিনি গাধা থেকে নেমে এসে মানুষের সাথে নামাজে দাঁড়ান।","['muslim_1125', 'bukhari_4412', 'bukhari_1857', 'bukhari_861', 'bukhari_493']",bukhari_4545,"['bukhari_4545', 'muslim_6746', 'muslim_495', 'muslim_1985', 'bukhari_342', 'muslim_3834', 'bukhari_3322', 'muslim_483', 'muslim_3671', 'muslim_450']"
C0921,"একজন ব্যক্তি নবী (সা.)-কে জিজ্ঞেস করেছিলেন, কবে কিয়ামত হবে। নবী (সা.) জবাব দিলেন, তুমি কিয়ামতের জন্য কী প্রস্তুতি নিয়েছ? তিনি বললেন, আমি বেশি নামাজ, রোজা বা দান-খয়রাত করিনি, তবে আমি আল্লাহ ও তাঁর রাসূলকে ভালোবাসি। নবী (সা.) বললেন, তুমি যাদের ভালোবাসো, তাদের সাথে থাকবে।","['muslim_6715', 'bukhari_6171', 'muslim_6710', 'bukhari_7153', 'muslim_6713']",bukhari_4545,"['bukhari_4545', 'bukhari_3322', 'muslim_483', 'muslim_1985', 'muslim_434', 'bukhari_1950', 'bukhari_254', 'bukhari_297', 'bukhari_7395', 'bukhari_1923']"
C0928,"নবী (সা.) বলেছেন, শুধু দুটি ক্ষেত্রে হিংসা করা উচিত। এক, যে ব্যক্তি আল্লাহর কোরআন পেয়েছে এবং রাত-দিন তা পাঠ করে। আর দুই, যে ব্যক্তি আল্লাহর দানকৃত সম্পদ পেয়েছে এবং রাত-দিন তা ব্যয় করে।","['muslim_1895', 'bukhari_7529', 'muslim_1894', 'bukhari_7528', 'bukhari_5025']",muslim_5917,"['muslim_5917', 'muslim_2559', 'muslim_3557', 'muslim_4591', 'muslim_3622', 'muslim_4187', 'muslim_3782', 'muslim_3776', 'muslim_7187', 'muslim_5312']"
C0930,"একজন বলেছেন, রাসূলুল্লাহ (সা.)-এর পর আর কেউ তাঁর চেয়ে উত্তম নয়।","['muslim_7503', 'muslim_7502', 'muslim_6101', 'muslim_6300', 'muslim_942']",muslim_3208,"['muslim_3208', 'muslim_2752', 'muslim_2751', 'bukhari_3994', 'muslim_6292', 'muslim_789', 'muslim_6177', 'muslim_3981', 'muslim_4850', 'muslim_5917']"
C0931,"আমি শুনেছি যে, রাসূলুল্লাহ (সা.) আমাদের সাথে নামাজ পড়িয়েছিলেন এবং তিনি ""বিসমিল্লাহির রাহমানির রাহিম"" পাঠ করেননি। এছাড়া আবু বকর ও উমর (রা.)-ও আমাদের সাথে নামাজ পড়ালেন, কিন্তু তাদের কাছ থেকেও আমরা এটি শুনতে পাইনি।","['muslim_890', 'muslim_4632', 'muslim_892', 'muslim_929', 'muslim_1024']",bukhari_4545,"['bukhari_4545', 'muslim_3834', 'muslim_3811', 'bukhari_3322', 'muslim_1279', 'muslim_495', 'muslim_3265', 'muslim_514', 'muslim_483', 'muslim_434']"
C0932,"আবু হুরায়রা (রা) বলেছেন, আমরা রাসূলুল্লাহ (সা) এর নামাযের সময় দাঁড়ানোর সময় পরিমাপ করতাম। তিনি যোহরের প্রথম দুই রাকাতে প্রায় ত্রিশ আয়াতের সমান দাঁড়াতেন এবং পরের দুই রাকাতে তার অর্ধেক সময় দাঁড়াতেন।","['muslim_1014', 'muslim_1015', 'bukhari_776', 'muslim_1013', 'muslim_1012']",muslim_6531,"['muslim_6531', 'bukhari_6505', 'muslim_495', 'bukhari_6791', 'bukhari_5257', 'bukhari_6056', 'bukhari_3595.2', 'bukhari_284', 'muslim_2410', 'bukhari_1253']"
C0933,"আমি শুনেছি যে, আয়েশা (রা) বলেছেন যে, নবী (সা) যখন গোসল করতেন, তখন তিনি একটি পাত্রে পানি নিয়ে তিনবার মাথার ওপর ঢালতেন।","['muslim_728', 'bukhari_251', 'muslim_3728', 'muslim_750', 'muslim_555']",muslim_495,"['muslim_495', 'bukhari_5984', 'bukhari_6505', 'bukhari_6056', 'bukhari_5257', 'bukhari_1073', 'muslim_6162', 'muslim_5848', 'muslim_3265', 'bukhari_1162']"
C0937,"নবী সাল্লাল্লাহু আলাইহি ওয়াসাল্লাম বলেছেন, যখন আমরা মিনার দিকে যাত্রা করি, তখন আমাদের ইহরাম বাঁধা উচিত। তিনি নির্দেশ দিয়েছেন যে, আমরা আবতাহ থেকে তাওহিদ ঘোষণা করবো।","['muslim_2941', 'muslim_3173', 'muslim_3189', 'muslim_2910', 'muslim_2943']",muslim_6342,"['muslim_6342', 'muslim_1889', 'muslim_3208', 'muslim_3921', 'muslim_6292', 'muslim_2506', 'muslim_6433', 'muslim_789', 'muslim_3639', 'muslim_7071']"
C0941,"নবীজি (সাল্লাল্লাহু আলাইহি ওয়াসাল্লাম) বলেছেন, তোমাদের মধ্যে কেউ যেন তার ভাইয়ের বিক্রির উপর বিক্রি না করে।","['bukhari_2139', 'muslim_3811', 'muslim_3458', 'bukhari_2165', 'muslim_6537']",muslim_4203,"['muslim_4203', 'muslim_5796', 'bukhari_6791', 'muslim_471', 'muslim_848', 'bukhari_241', 'muslim_575', 'muslim_4866', 'muslim_6429', 'muslim_6970']"
C0943,"আয়েশা বলেছেন, নবী (সা.) বলেছেন যে, যে ব্যক্তি মারা যায় এবং তার উপর রোজা রয়েছে, তার জন্য তার অভিভাবক রোজা রাখবে।","['bukhari_1952', 'muslim_2692', 'muslim_2734', 'muslim_2624', 'muslim_2747']",muslim_997,"['muslim_997', 'muslim_6945', 'muslim_2506', 'muslim_6141', 'muslim_4866', 'muslim_6859', 'muslim_6794', 'muslim_7071', 'muslim_3208', 'muslim_6551']"
C0944,"আয়েশা বলেছেন, নবী মুহাম্মদ (সা.) রাতের বেলা নামাজ পড়তেন এবং আমি তাঁর বিছানায় শুয়ে থাকতাম। যখন তিনি শেষ রাকাতের নামাজ পড়তে চাইতেন, তখন আমাকে জাগিয়ে দিতেন।","['muslim_1141', 'bukhari_512', 'bukhari_997', 'muslim_1140', 'muslim_1735']",muslim_6970,"['muslim_6970', 'muslim_3731', 'muslim_7071', 'muslim_4866', 'muslim_6996', 'muslim_2762', 'muslim_5118', 'bukhari_6145', 'muslim_1849', 'muslim_1148']"
C0945,"আমি শুনেছি আনস বিন মালিক বলেছেন, তিনি আসর নামাজ পড়ছিলেন এবং এটি সেই নামাজ, যা রাসূলুল্লাহ (সা.) আমাদের পড়তে বলেছিলেন।","['muslim_1413', 'bukhari_549', 'muslim_1412', 'muslim_3166', 'muslim_1938']",bukhari_4545,"['bukhari_4545', 'muslim_495', 'muslim_1985', 'muslim_3671', 'muslim_6987', 'bukhari_7395', 'muslim_3834', 'bukhari_518', 'bukhari_3322', 'muslim_6746']"
C0946,"আমি শুনেছি, আমাদের নবী মুহাম্মদ (সা.) প্রতি শুক্রবার খুতবায় কুরআন পাঠ করতেন এবং আমাদের তন্দুর একসাথে ছিল।","['muslim_2015', 'muslim_2014', 'muslim_2012', 'muslim_2060', 'muslim_2059']",muslim_6970,"['muslim_6970', 'bukhari_6145', 'muslim_471', 'bukhari_6791', 'muslim_5848', 'bukhari_158', 'muslim_495', 'bukhari_6505', 'muslim_6140', 'muslim_6162']"
C0947,"আমি শুনেছি যে, রাসূলুল্লাহ (সা.) বলেছেন, ""যদি তোমরা জাহেলিয়াতের সময়ের মতো রুকিয়া করো, তবে তা গ্রহণযোগ্য, যতক্ষণ না এতে শিরক রয়েছে।""","['muslim_5732', 'muslim_4784', 'muslim_7244', 'muslim_5647', 'muslim_3588']",muslim_3265,"['muslim_3265', 'muslim_495', 'muslim_3811', 'muslim_3834', 'muslim_7188', 'bukhari_4545', 'muslim_1279', 'bukhari_5257', 'muslim_5979', 'muslim_2410']"
C0948,"নবী সাল্লাল্লাহু আলাইহি ওয়াসাল্লাম বলেছিলেন যে, তিনি যখন পান করেন, তখন তিনবার নিশ্বাস নেন। তিনি বলেন, এটি সবচেয়ে আরামদায়ক এবং স্বাস্থ্যকর।","['muslim_5287', 'muslim_798', 'muslim_650', 'muslim_6915', 'muslim_5129']",muslim_2133,"['muslim_2133', 'muslim_5917', 'muslim_986', 'muslim_4698', 'muslim_3208', 'muslim_5451', 'muslim_6342', 'muslim_5159', 'muslim_6292', 'muslim_3639']"
C0949,"নবী সাল্লাল্লাহু আলাইহি ওয়া সাল্লাম যখন শৌচাগার থেকে বের হতেন, তখন তিনি বলতেন, ""হে আল্লাহ, আমি তোমার কাছে ক্ষমা চাই।""","['muslim_614', 'muslim_329', 'bukhari_6322', 'bukhari_142', 'muslim_4665']",muslim_495,"['muslim_495', 'muslim_3265', 'bukhari_7435', 'muslim_857', 'muslim_6162', 'muslim_3811', 'bukhari_6056', 'muslim_3514', 'bukhari_6997', 'bukhari_5984']"
C0953,"রাসুলুল্লাহ (সা.) বলেছেন, যখন তুমি কোনো সম্প্রদায়ের ইমাম হও, তখন তাদের প্রতি নম্রতা প্রদর্শন কর।","['muslim_1051', 'muslim_6718', 'muslim_4834', 'muslim_6322', 'muslim_3508']",muslim_4866,"['muslim_4866', 'muslim_6136', 'muslim_471', 'muslim_6996', 'muslim_6429', 'muslim_848', 'muslim_1371', 'muslim_6970', 'muslim_1849', 'muslim_6595']"
C0955,"জায়েদ ইবন সাবিত বলেছেন যে, তারা নবী সাল্লাল্লাহু আলাইহি ওয়াসাল্লামের সাথে সেহরি করেছেন এবং তারপর নামাজের জন্য দাঁড়িয়েছেন। আমি জিজ্ঞেস করলাম, নামাজের মধ্যে কত সময় ছিল? তিনি বললেন, প্রায় পঞ্চাশ বা ষাট আয়াতের সমান।","['bukhari_575', 'muslim_2552', 'bukhari_1921', 'bukhari_576', 'bukhari_1134']",muslim_495,"['muslim_495', 'bukhari_6056', 'bukhari_6996', 'bukhari_5257', 'bukhari_1073', 'bukhari_643', 'muslim_3834', 'muslim_2207', 'bukhari_3595.2', 'muslim_5848']"
C0958,"একজন বেদুইন মসজিদে প্রস্রাব করেছিল, তখন কিছু লোক তাকে বাধা দিতে গেল। রাসূলুল্লাহ (সা.) বললেন, ""তাকে বাধা দিও না,"" এরপর তিনি পানি এনে সেখানে ঢেলে দিলেন।","['muslim_659', 'bukhari_6025', 'muslim_661', 'bukhari_219', 'muslim_660']",muslim_6970,"['muslim_6970', 'muslim_3731', 'muslim_2762', 'bukhari_6145', 'bukhari_5084', 'muslim_3357', 'muslim_4910', 'muslim_5795', 'muslim_1148', 'bukhari_1073']"
C0959,"আমি শুনেছি, নবী সাল্লাল্লাহু আলাইহি ওয়াসাল্লাম সকালে ফজরের নামাজে মউজতাইন (আল-ফালাক এবং আন-নাস) পাঠ করেছেন।","['muslim_1892', 'muslim_1748', 'muslim_952', 'muslim_5358', 'muslim_3082']",bukhari_3994,"['bukhari_3994', 'muslim_3208', 'muslim_5917', 'muslim_1832', 'muslim_3639', 'muslim_2752', 'muslim_1875', 'muslim_6292', 'muslim_7155', 'muslim_3981']"
C0960,"মোশাররফ আল্লাহর কাছে জিজ্ঞেস করেছিলেন, জান্নাতে সবচেয়ে কম ভাগ্যবান মানুষটি কে।","['muslim_3082', 'muslim_6228', 'muslim_7163', 'muslim_466', 'muslim_4922']",muslim_6746,"['muslim_6746', 'muslim_495', 'bukhari_3322', 'muslim_1985', 'muslim_5964', 'muslim_3671', 'bukhari_4545', 'muslim_3876', 'muslim_4034', 'muslim_450']"
C0962,"মুহাম্মদ (সা.) বলেছেন, সফরের নামাজ দুই রাকাত, জুমার নামাজ দুই রাকাত এবং ঈদ ফিতর ও ঈদ উল আযহার নামাজও দুই রাকাত।","['bukhari_592', 'muslim_1596', 'muslim_1671', 'muslim_1949', 'bukhari_1657']",bukhari_6791,"['bukhari_6791', 'bukhari_6505', 'bukhari_1162', 'bukhari_158', 'bukhari_6145', 'bukhari_5864', 'bukhari_5984', 'bukhari_4805', 'muslim_5796', 'muslim_2129']"
C0964,"নবীজি সাল্লাল্লাহু আলাইহি ওয়াসাল্লাম বলেছেন, যখন কেউ মারা যায়, তখন তার পরিবারের মহিলারা একত্রিত হন। এরপর তিনি নির্দেশ দেন যে, তলবিনার একটি পাত্র রান্না করা হোক এবং তা খাওয়া হোক, কারণ তলবিনা রোগীর মনকে শান্ত করে এবং কিছু দুঃখ দূর করে।","['muslim_5769', 'bukhari_5417', 'bukhari_5689', 'muslim_3728', 'bukhari_1289']",muslim_495,"['muslim_495', 'muslim_3509', 'muslim_5694', 'muslim_4845', 'bukhari_5257', 'muslim_4249', 'muslim_4203', 'muslim_3265', 'muslim_575', 'muslim_1477']"
C0965,"আমি শুনেছি যে আব্বাস বলেছেন, যে কেউ ইচ্ছাকৃতভাবে একজন মুমিনকে হত্যা করে, তারপর যদি সে তওবা করে এবং সৎ কাজ করে, তাহলে তার তওবা গ্রহণ হবে কি না, এ বিষয়ে তিনি বলেছেন, আমি নবীকে বলতে শুনেছি যে, হত্যাকারীকে হত্যা করা ব্যক্তির রক্তে ভরা অবস্থায় আল্লাহর কাছে আসতে হবে এবং আল্লাহ তাকে জিজ্ঞেস করবেন কেন সে তাকে হত্যা করেছে।","['muslim_7544', 'muslim_7541', 'bukhari_4765', 'muslim_463', 'muslim_4431']",bukhari_4062,"['bukhari_4062', 'bukhari_5844', 'bukhari_1534', 'muslim_2086', 'muslim_129', 'bukhari_3210', 'muslim_2272', 'bukhari_707', 'bukhari_2950', 'bukhari_7039']"
C0966,"বিলাল বলেছেন যে, যখন আগুন এবং ঘণ্টার কথা বলা হলো, তখন ইহুদী ও খ্রিস্টানদের কথা মনে পড়লো। তাই তিনি আজানকে শুদ্ধ করার জন্য নির্দেশ দিলেন এবং ইকামতকে শক্তিশালী করার জন্য বললেন।","['bukhari_3457', 'bukhari_603', 'muslim_839', 'bukhari_606', 'bukhari_605']",muslim_6970,"['muslim_6970', 'bukhari_1073', 'bukhari_6145', 'muslim_495', 'muslim_471', 'muslim_6139', 'muslim_5796', 'muslim_4910', 'muslim_5848', 'muslim_6531']"
C0967,"নবী মুহাম্মদ (সা.) বলেছেন, যে ব্যক্তি আল্লাহর সাথে অন্য কাউকে সমকক্ষ মনে করে, সে জাহান্নামে যাবে। আর যে ব্যক্তি আল্লাহর সাথে কাউকে সমকক্ষ মনে করে না, সে জান্নাতে প্রবেশ করবে।","['bukhari_6683', 'bukhari_4497', 'muslim_268', 'bukhari_1238', 'muslim_7182']",muslim_3208,"['muslim_3208', 'muslim_3981', 'muslim_789', 'muslim_913', 'muslim_7167', 'muslim_3485', 'muslim_4940', 'muslim_4850', 'muslim_4177', 'muslim_2752']"
C0973,"নবী (সাল্লাল্লাহু আলাইহি ওয়া সাল্লাম) বলেছেন যে, বিক্রির সময় অন্যের কাছ থেকে তথ্য নেওয়া উচিত নয়।","['muslim_3821', 'bukhari_2164', 'muslim_3860', 'muslim_1218', 'muslim_3824']",muslim_4845,"['muslim_4845', 'muslim_3514', 'muslim_575', 'muslim_1477', 'muslim_5222', 'muslim_7440', 'muslim_3373', 'bukhari_5257', 'muslim_6429', 'muslim_471']"
C0975,"একজন মহিলা নবী মুহাম্মদ (সা.)-এর কাছে এসে বললেন, ""হে রাসূল, আমি স্থিত বেন কিসের সম্পর্কে কিছু বলতে চাই না, কিন্তু আমি ইসলাম ধর্মে কুফরী পছন্দ করি না।"" নবী (সা.) তখন বললেন, ""তুমি কি তাকে তোমার বাগান ফিরিয়ে দিতে রাজি আছো?"" মহিলা বললেন, ""হ্যাঁ।"" নবী (সা.) তখন বললেন, ""বাগান গ্রহণ করো এবং তাকে একবার তালাক দাও।""","['bukhari_5273', 'bukhari_5275', 'bukhari_5276', 'muslim_6396', 'muslim_3588']",bukhari_3751,"['bukhari_3751', 'bukhari_1923', 'muslim_1985', 'bukhari_3322', 'bukhari_1069', 'bukhari_415', 'bukhari_6648', 'bukhari_4545', 'bukhari_5396', 'bukhari_5726']"
C0976,"রাসূলুল্লাহ (সাল্লাল্লাহু আলাইহি ওয়াসাল্লাম) রাতে দীর্ঘ সময় দাঁড়িয়ে এবং বসে নামাজ পড়তেন। যখন তিনি দাঁড়িয়ে পড়তেন, তখন দাঁড়িয়ে রুকু করতেন এবং বসে পড়লে বসে রুকু করতেন।","['muslim_1702', 'muslim_1699', 'muslim_1700', 'muslim_1703', 'muslim_1701']",bukhari_1073,"['bukhari_1073', 'bukhari_6505', 'bukhari_1740', 'bukhari_5406', 'bukhari_1162', 'bukhari_241', 'bukhari_3307', 'muslim_575', 'bukhari_4473', 'bukhari_6798']"
C0978,আমি দেখেছি যে নবী সাল্লাল্লাহু আলাইহি ওয়া সাল্লাম কাবা ঘিরে ঘুরছেন এবং তিনি একটি বিশেষ যন্ত্র দিয়ে কোণটি স্পর্শ করছেন এবং সেই যন্ত্রটি চুম্বন করছেন।,"['muslim_3077', 'muslim_3074', 'muslim_3073', 'muslim_3076', 'muslim_3050']",muslim_6746,"['muslim_6746', 'bukhari_3322', 'muslim_3876', 'muslim_3822', 'muslim_5964', 'muslim_6987', 'muslim_1985', 'muslim_4034', 'muslim_2822', 'muslim_450']"
C0981,"আমি নুমান বিন বশীরকে বলতে শুনেছি, তিনি বলেছেন যে, আমি রাসূলুল্লাহ (সা.)-কে বলতে শুনেছি, কিয়ামতের দিন জাহান্নামের সবচেয়ে কম শাস্তি ভোগকারী একজন ব্যক্তি হবে, যার পায়ের তলায় দুটি জ্বলন্ত কয়লা রাখা হবে এবং এর ফলে তার মাথা থেকে রক্ত বের হবে।","['muslim_516', 'bukhari_6562', 'bukhari_6561', 'muslim_517', 'muslim_515']",muslim_483,"['muslim_483', 'bukhari_5257', 'muslim_434', 'bukhari_4545', 'bukhari_717', 'bukhari_4923', 'bukhari_297', 'bukhari_3595.2', 'muslim_495', 'muslim_3834']"
C0982,"রাসূলুল্লাহ (সা.) বলেছেন, যখন তিনি হাশেমী ও মুতালিব পরিবারের মধ্যে ভাগ বণ্টন করছিলেন, তখন আমি ও উসমান (রা.) তাঁর কাছে গিয়েছিলাম এবং বলেছিলাম, ""হাশেমীরা আপনার কাছে বিশেষ মর্যাদা পায়, কিন্তু মুতালিবদেরও তো আমাদের মতোই আপনার সাথে সম্পর্ক রয়েছে।"" রাসূল (সা.) তখন বললেন, ""তারা আমার সাথে ছিল, তাই হাশেমী ও মুতালিব একসাথে।""","['bukhari_3502', 'bukhari_3140', 'bukhari_4229', 'muslim_3175', 'bukhari_1590']",bukhari_4545,"['bukhari_4545', 'bukhari_3322', 'muslim_1985', 'bukhari_5396', 'bukhari_7040', 'bukhari_5704', 'bukhari_288', 'muslim_3876', 'muslim_3671', 'bukhari_4311']"
C0985,"নবী (সা.) বলেছেন, যে ব্যক্তি দান করার পর তা আবার ফিরিয়ে নেয়, তার উদাহরণ হলো সেই কুকুরের মতো, যে বমি করে তারপর তা আবার খায়।","['muslim_4170', 'muslim_4173', 'muslim_4165', 'muslim_5859', 'bukhari_2622']",muslim_495,"['muslim_495', 'muslim_3265', 'bukhari_5257', 'muslim_2410', 'muslim_3514', 'muslim_3834', 'muslim_575', 'muslim_4845', 'muslim_5694', 'muslim_7440']"
C0987,"আমি শুনেছি যে, রাসূলুল্লাহ (সা.) বলেছেন যে, হাম্মা এবং নেমলা থেকে রুকিয়া নেওয়ার অনুমতি রয়েছে।","['muslim_5724', 'muslim_5717', 'muslim_1397', 'muslim_4218', 'muslim_5718']",muslim_6970,"['muslim_6970', 'muslim_495', 'muslim_5848', 'muslim_6162', 'muslim_575', 'muslim_5796', 'muslim_3514', 'muslim_471', 'bukhari_6056', 'muslim_4203']"
C0991,সাদ মক্কায় অসুস্থ হলে নবী (সা.) তার খোঁজ নিতে গিয়েছিলেন। তিনি আমর বিন সাঈদের কথা অনুযায়ী সাদকে দেখতে গিয়েছিলেন।,"['muslim_4217', 'muslim_4216', 'muslim_6211', 'muslim_4215', 'muslim_2170']",muslim_1832,"['muslim_1832', 'muslim_5159', 'muslim_3731', 'muslim_5921', 'muslim_6012', 'bukhari_3994', 'bukhari_2944', 'muslim_5917', 'muslim_3208', 'bukhari_2290']"
C0999,"নবী মুহাম্মদ (সা.) বলেছেন যে, তিনি যখন ক্ষুধার্ত থাকতেন, তখন তিনি মাটিতে শুয়ে থাকতেন এবং অন্যদের কাছে খাবারের জন্য অনুরোধ করতেন। তিনি বলেন, জাফর বিন আবি তালিব ছিলেন গরীবদের জন্য সবচেয়ে ভালো মানুষ, যিনি তাদের খাবার দিতেন, এমনকি কখনও কখনও খালি পাত্রও নিয়ে আসতেন, যাতে তারা তা থেকে কিছু খেতে পারে।","['bukhari_5432', 'bukhari_3708', 'muslim_3336', 'muslim_4043', 'muslim_1258']",muslim_1985,"['muslim_1985', 'bukhari_1069', 'bukhari_415', 'bukhari_297', 'muslim_6746', 'bukhari_1923', 'muslim_3876', 'muslim_3822', 'bukhari_5510', 'bukhari_3322']"
C1000,"নবী (সা.) বলেছেন, যদি তোমরা কোনো স্থানে প্লেগের খবর শোনো, তাহলে সেখানে প্রবেশ করো না। আর যদি তোমরা সেই স্থানে থাকো এবং প্লেগ সেখানে দেখা দেয়, তাহলে সেখান থেকে বের হও না।","['bukhari_5728', 'muslim_5779', 'muslim_5787', 'muslim_5772', 'muslim_5774']",bukhari_6791,"['bukhari_6791', 'muslim_471', 'bukhari_6145', 'muslim_4866', 'muslim_6429', 'muslim_6136', 'muslim_848', 'muslim_5655', 'muslim_6996', 'muslim_6970']"
C1001,"একজন ব্যক্তি নবী মুহাম্মদ (সা.)-এর কাছে এসে বললেন যে তিনি খুব ক্লান্ত। নবী (সা.) তাঁর স্ত্রীদের কাছে খাবারের জন্য পাঠালেন, কিন্তু সবাই বললেন যে তাদের কাছে শুধু পানি আছে। এরপর একজন আনসার ব্যক্তি বললেন যে তিনি অতিথিকে রাতের খাবার দেবেন এবং তাঁর স্ত্রীকে বললেন যে শিশুদের খাবার দিয়ে অতিথিকে দেখাতে হবে যেন মনে হয় তারা খাচ্ছে। পরদিন নবী (সা.) বললেন যে আল্লাহ তাঁদের এই কাজ দেখে খুব খুশি হয়েছেন।","['muslim_5359', 'bukhari_4889', 'muslim_5362', 'muslim_885', 'muslim_4622']",bukhari_5764,"['bukhari_5764', 'bukhari_4029', 'bukhari_297', 'bukhari_3999', 'bukhari_1011', 'bukhari_5406', 'bukhari_5838', 'bukhari_4923', 'bukhari_1160', 'bukhari_7337']"
C1002,"আমি শুনেছি, সোহেল বিন সাদ বলেছেন যে, রাসূলুল্লাহ (সা.) তাঁর জীবনে কখনো নকী (নিষ্কাশিত) খাদ্য খাননি। তিনি আরও বলেছেন যে, রাসূল (সা.) যখন ছিলেন, তখন তারা নকী না করে, গম পিষে বাতাসে উড়িয়ে খেতেন।","['bukhari_5413', 'muslim_1562', 'muslim_4669', 'muslim_6966', 'muslim_3743']",bukhari_5032.2,"['bukhari_5032.2', 'bukhari_6505', 'bukhari_5984', 'bukhari_5257', 'bukhari_6056', 'bukhari_1162', 'muslim_575', 'bukhari_1073', 'muslim_281', 'bukhari_255']"
C1003,"রাসুলুল্লাহ (সা.) বলেছেন, আল্লাহ আমাদের জন্য শুক্রবারকে নির্ধারণ করেছেন, যখন পূর্ববর্তী জাতিগুলো শনিবার এবং রবিবার পালন করত। তিনি আমাদেরকে শুক্রবারের হেদায়েত দিয়েছেন এবং কিয়ামতের দিন আমরা তাদের অনুসারী হব।","['muslim_1982', 'muslim_1980', 'muslim_7054', 'muslim_1978', 'muslim_7015']",muslim_6970,"['muslim_6970', 'muslim_471', 'muslim_2762', 'muslim_6136', 'muslim_4866', 'muslim_6194', 'bukhari_158', 'bukhari_6791', 'muslim_1113', 'muslim_1845']"
C1004,"যদি তারা জানত যে, তহজিরে কী আছে, তাহলে তারা সেখানে ছুটে যেত। আর যদি তারা জানত রাতের শেষ ও ভোরের সময়ে কী আছে, তাহলে তারা সেখানেও আসত, যদিও হাঁটতে হাঁটতে।","['muslim_981', 'bukhari_720', 'bukhari_721', 'bukhari_615', 'bukhari_2689']",muslim_3670,"['muslim_3670', 'bukhari_5811', 'muslim_4818', 'muslim_5016', 'bukhari_457', 'muslim_1380', 'bukhari_1891', 'bukhari_4325', 'muslim_6012', 'bukhari_5087']"
C1009,"নবী সাল্লাল্লাহু আলাইহি ওয়াসাল্লাম বলেছেন, তিনি যখন সিজদা করেন, তখন হাতগুলোকে এমনভাবে প্রসারিত করেন যে পেছন থেকে তাঁর বগলের সাদা অংশ দেখা যায়। এবং যখন তিনি বসেন, তখন তিনি বাম পায়ে ভর দিয়ে স্থির হন।","['muslim_1108', 'muslim_1106', 'muslim_1109', 'muslim_1311', 'muslim_1307']",muslim_495,"['muslim_495', 'bukhari_5257', 'muslim_5694', 'muslim_3509', 'muslim_4406', 'muslim_4845', 'muslim_1477', 'muslim_3834', 'muslim_3265', 'bukhari_342']"
C1010,"একজন ব্যক্তি নবী সাল্লাল্লাহু আলাইহি ওয়াসাল্লাম-এর কাছে এসে জিরির কথার মতো কিছু বললেন এবং আরও যোগ করলেন যে, ""হ্যাঁ, আমি তোমাকে নিশ্চিতভাবে জানাবো।""","['muslim_6502', 'muslim_3401', 'muslim_7005', 'muslim_7047', 'muslim_7026']",bukhari_6145,"['bukhari_6145', 'muslim_6970', 'bukhari_5984', 'bukhari_1073', 'muslim_1371', 'muslim_764', 'bukhari_6505', 'bukhari_6997', 'muslim_3731', 'muslim_6162']"
C1015,নবী সাল্লাল্লাহু আলাইহি ওয়াসাল্লাম একজন মৃত ব্যক্তির জন্য দাফনের পর নামাজ পড়েছিলেন।,"['muslim_2211', 'muslim_7418', 'bukhari_1340', 'muslim_3728', 'muslim_7502']",muslim_495,"['muslim_495', 'muslim_2062', 'muslim_4406', 'muslim_5694', 'muslim_2207', 'muslim_3509', 'muslim_3862', 'muslim_1477', 'muslim_6970', 'muslim_4249']"
C1016,"নবী মুহাম্মদ (সা.) বলেছেন যে, হাম্মা ও নেমলা থেকে রুকিয়া নেওয়ার অনুমতি রয়েছে। এটা আমাদের জন্য একটি গুরুত্বপূর্ণ শিক্ষা।","['muslim_5724', 'muslim_5717', 'muslim_1397', 'muslim_4218', 'muslim_5718']",muslim_1832,"['muslim_1832', 'muslim_5917', 'bukhari_3994', 'muslim_2133', 'muslim_3208', 'muslim_3639', 'muslim_913', 'muslim_4130', 'muslim_1875', 'muslim_5451']"
C1017,"আমি শুনেছি যে, যে ব্যক্তি মুক্তি পায়নি তার জন্য কিছু অংশের দাবি করা হয়।","['muslim_3774', 'muslim_4334', 'muslim_3773', 'muslim_4333', 'muslim_3499']",muslim_4034,"['muslim_4034', 'muslim_6746', 'muslim_6987', 'muslim_495', 'bukhari_3322', 'muslim_5964', 'muslim_2663', 'muslim_649', 'muslim_450', 'bukhari_4545']"
C1022,"নবী সাল্লাল্লাহু আলাইহি ওয়াসাল্লাম বলেছেন যে, জোয়ারিয়াহ সম্পর্কে একটি গুরুত্বপূর্ণ বিষয় রয়েছে।","['muslim_6676', 'muslim_6142', 'muslim_4295', 'muslim_1289', 'muslim_4882']",muslim_495,"['muslim_495', 'muslim_575', 'muslim_4406', 'muslim_4845', 'muslim_3509', 'muslim_1477', 'muslim_2207', 'muslim_3514', 'muslim_5694', 'bukhari_5257']"
C1025,রাসূলুল্লাহ (সা.) রমজানের শেষ দশ দিন ইতিকাফ করতেন। আবদুল্লাহ (রা.) আমাকে সেই স্থান দেখিয়েছেন যেখানে রাসূল (সা.) ইতিকাফ করতেন।,"['muslim_2781', 'bukhari_2025', 'muslim_2780', 'muslim_2784', 'muslim_2769']",muslim_1832,"['muslim_1832', 'muslim_3208', 'muslim_6141', 'muslim_2752', 'muslim_1889', 'muslim_4866', 'muslim_7071', 'bukhari_3994', 'muslim_4850', 'muslim_789']"
C1026,"রাসুলুল্লাহ (সা.) বলেছেন, মিসরী অভিবাসীদের গরীবরা ধনীদের আগে পাঁচশত বছর জন্নাতে প্রবেশ করবেন।","['muslim_716', 'muslim_7035', 'muslim_7036', 'muslim_1347', 'muslim_7149']",muslim_6794,"['muslim_6794', 'muslim_4866', 'muslim_1889', 'muslim_6342', 'muslim_247', 'muslim_6141', 'muslim_3921', 'muslim_7071', 'muslim_6433', 'muslim_1113']"
C1028,"নবী সাল্লাল্লাহু আলাইহি ওয়াসাল্লাম শুক্রবারের খুতবার সময় মানুষদের কাছে এসে বলেছিলেন, ""বৃষ্টি নেই, গাছ শুকিয়ে যাচ্ছে এবং পশুরা মারা যাচ্ছে।""","['muslim_2080', 'bukhari_1021', 'muslim_2079', 'muslim_4043', 'muslim_4101']",muslim_495,"['muslim_495', 'muslim_3265', 'muslim_3811', 'muslim_1279', 'muslim_6652', 'muslim_3834', 'bukhari_4545', 'muslim_7188', 'muslim_5694', 'muslim_5979']"
C1029,"নবী মুহাম্মদ (সা) বলেছেন, যখন নামাজের জন্য আসবেন, তখন দৌড়ে আসবেন না। বরং ধীরে ধীরে আসুন এবং শান্তভাবে প্রবেশ করুন। যেটুকু পেয়েছেন, তা পড়ুন এবং যেটুকু মিস করেছেন, তা পরে আদায় করুন।","['muslim_1360', 'muslim_1359', 'bukhari_908', 'muslim_1361', 'muslim_1363']",bukhari_3994,"['bukhari_3994', 'muslim_3208', 'muslim_913', 'muslim_789', 'muslim_3731', 'muslim_3639', 'muslim_882', 'muslim_7155', 'muslim_1832', 'muslim_3981']"
C1030,"আমি শুনেছি, রাসূলুল্লাহ (সা.) বলেছেন যে, তিনি যুদ্ধের দিন উহুদে তাঁর দুই পিতামাতাকে একত্রিত করেছেন।","['muslim_6235', 'muslim_6237', 'muslim_6233', 'bukhari_4057', 'bukhari_4056']",muslim_6970,"['muslim_6970', 'muslim_495', 'muslim_471', 'bukhari_6791', 'muslim_5848', 'muslim_6162', 'muslim_1371', 'muslim_208', 'muslim_5962', 'bukhari_6145']"
C1031,"আবু হামজা বলেছেন, যে ব্যক্তি আল্লাহর একত্বের সাক্ষ্য দেয় এবং মুহাম্মদ (স.)-কে তাঁর রাসূল হিসেবে মেনে নেয়, সে মুসলিম। তার রক্ত ও সম্পদ মুসলিমদের মতোই নিরাপদ।","['bukhari_393', 'bukhari_391', 'muslim_4589', 'muslim_279', 'bukhari_392']",bukhari_3994,"['bukhari_3994', 'muslim_789', 'muslim_913', 'muslim_3639', 'muslim_3208', 'muslim_3981', 'muslim_1832', 'muslim_6292', 'muslim_933', 'muslim_6710']"
C1032,"আমি শুনেছি যে, রাসূলুল্লাহ (সা.) তিনটি কথা বলেছিলেন বনী তামিম সম্পর্কে।","['muslim_6452', 'muslim_6451', 'muslim_6453', 'bukhari_4366', 'bukhari_2543']",muslim_6970,"['muslim_6970', 'bukhari_6145', 'muslim_471', 'muslim_6162', 'muslim_6136', 'bukhari_1073', 'muslim_3731', 'muslim_1371', 'muslim_4866', 'bukhari_241']"
C1033,"নবী মুহাম্মদ (সা.) বলেছেন, কুফরের মূল স্থান পূর্ব দিকে এবং গর্ব ও অহংকার ঘোড়া ও উটের মালিকদের মধ্যে থাকে, আর শান্তি ও ভদ্রতা গরুর মালিকদের মধ্যে থাকে।","['muslim_185', 'bukhari_3301', 'muslim_186', 'muslim_189', 'bukhari_3499']",muslim_495,"['muslim_495', 'muslim_3834', 'bukhari_284', 'muslim_4406', 'bukhari_5257', 'bukhari_342', 'muslim_3862', 'muslim_3509', 'muslim_6746', 'muslim_4845']"
C1036,"একবার, নবী মুহাম্মদ (সা.)-এর দুই সাহাবী একটি অন্ধকার রাতে নবীর কাছ থেকে বের হয়েছিলেন। তাদের সঙ্গে ছিল দুটি আলোর মতো জিনিস, যা তাদের পথ আলোকিত করছিল, কিন্তু যখন তারা আলাদা হয়ে গেল, তখন প্রতিটি সাহাবীর সঙ্গে একটি করে আলো ছিল, যা তাদের বাড়ি পৌঁছাতে সাহায্য করেছিল।","['bukhari_3639', 'bukhari_465', 'bukhari_3805', 'muslim_3420', 'muslim_6257']",muslim_6970,"['muslim_6970', 'muslim_471', 'bukhari_1073', 'muslim_6531', 'muslim_575', 'muslim_5796', 'muslim_5848', 'muslim_2762', 'bukhari_6145', 'muslim_3393']"
C1037,"আয়েশা বলেছেন যে, রাসূলুল্লাহ (সা.) নামাজে আল্লাহর কাছে দোয়া করতেন, ""হে আল্লাহ, আমি কবরে শাস্তি থেকে আশ্রয় চাই, মসীহ দাজ্জালের ফিতনা থেকে আশ্রয় চাই এবং জীবন ও মৃত্যুর ফিতনা থেকে আশ্রয় চাই।"" তিনি আরও বলতেন, ""হে আল্লাহ, আমি গুনাহ ও দেনা থেকে আশ্রয় চাই।"" তখন কেউ বলেছিল, ""আপনি দেনা থেকে এত বেশি আশ্রয় চান কেন?"" তিনি উত্তর দিয়েছিলেন, ""কারণ যখন একজন মানুষ দেনায় পড়ে, তখন সে মিথ্যা বলে এবং প্রতিশ্রুতি ভঙ্গ করে।""","['muslim_1325', 'bukhari_832', 'bukhari_833', 'bukhari_2397', 'muslim_6871']",bukhari_4545,"['bukhari_4545', 'bukhari_3322', 'bukhari_6989', 'bukhari_5726', 'bukhari_5681', 'bukhari_7395', 'muslim_1985', 'muslim_483', 'bukhari_4923', 'bukhari_254']"
C1038,"একজন ব্যক্তি বলেছে যে, তিনি একজন অসুস্থ মানুষকে মৃত মনে করেছিলেন এবং নবী মুহাম্মদ (সা.)-কে জানাতে গিয়েছিলেন। নবী (সা.) বলেছিলেন যে, তিনি মারা যাননি, কিন্তু পরে যখন ওই ব্যক্তি দেখলেন যে, তিনি আত্মহত্যা করেছেন, তখন নবী (সা.) বলেছেন যে, তিনি তার জন্য নামাজ পড়বেন না।","['muslim_6322', 'muslim_4431', 'muslim_5316', 'muslim_306', 'muslim_4669']",muslim_483,"['muslim_483', 'bukhari_4923', 'bukhari_5984', 'bukhari_4029', 'bukhari_5032.2', 'bukhari_3999', 'bukhari_6996', 'bukhari_297', 'bukhari_205', 'bukhari_5764']"
C1040,"আমি শুনেছি, রাসূলুল্লাহ (সা.) বলেছেন যে, আল্লাহ রহমতকে একশ' ভাগে ভাগ করেছেন, এর মধ্যে নব্বই-nine ভাগ তিনি নিজের কাছে রেখেছেন এবং এক ভাগ পৃথিবীতে পাঠিয়েছেন। সেই এক ভাগের মাধ্যমে সৃষ্টিরা একে অপরের প্রতি দয়া করে, এমনকি একটি প্রাণী তার বাচ্চার উপর থেকে পা তুলে নেয় যাতে সে আঘাত না পায়।","['muslim_6972', 'bukhari_6000', 'muslim_7008', 'muslim_6810', 'bukhari_2736']",muslim_2410,"['muslim_2410', 'muslim_3514', 'bukhari_5257', 'muslim_5848', 'muslim_3265', 'muslim_575', 'muslim_495', 'muslim_4845', 'bukhari_6791', 'muslim_7440']"
C1041,"রাসূলুল্লাহ (সাল্লাল্লাহু আলাইহি ওয়াসাল্লাম) বলেছেন, হাতিব বিন আবি বালতাআর কাছে একটি চিঠি পাওয়া গেছে, যা তিনি মক্কার কিছু কাফিরদের কাছে পাঠিয়েছিলেন। তিনি বলেছিলেন যে, তিনি এটি কেবল তার পরিবারের নিরাপত্তার জন্য করেছেন, কিন্তু রাসূল (সাল্লাল্লাহু আলাইহি ওয়াসাল্লাম) তাকে মাফ করে দিয়েছেন।","['muslim_6401', 'bukhari_3007', 'bukhari_4274', 'bukhari_4890', 'bukhari_3983']",muslim_3509,"['muslim_3509', 'muslim_3834', 'muslim_495', 'bukhari_643', 'muslim_575', 'bukhari_5257', 'muslim_483', 'muslim_4845', 'muslim_2207', 'muslim_3811']"
C1042,"আমি শুনেছি আনস ইবন মালিক বলেছেন, তিনি আসর নামাজ পড়ছিলেন এবং বললেন, এটি সেই নামাজ যা রাসূলুল্লাহ (সাল্লাল্লাহু আলাইহি ওয়া সাল্লাম) আমাদের সাথে পড়তেন।","['muslim_1413', 'bukhari_549', 'muslim_1412', 'muslim_1938', 'muslim_1582']",bukhari_3322,"['bukhari_3322', 'bukhari_4545', 'muslim_6746', 'muslim_1985', 'bukhari_1534', 'muslim_2086', 'bukhari_5840', 'bukhari_5501', 'muslim_434', 'muslim_3671']"
C1043,"নবী (সা) বলেছেন, এক ব্যবসায়ী ছিল যে মানুষের কাছে ঋণ নিত। যখন তিনি দেখতেন কেউ অসচ্ছল, তখন তিনি তার সেবকদের বলতেন, তাদের প্রতি দয়া করো, কারণ আল্লাহ আমাদের প্রতি দয়া করবেন। আল্লাহ সত্যিই তার প্রতি দয়া করেছেন।","['bukhari_2078', 'muslim_3998', 'bukhari_3480', 'muslim_3997', 'muslim_4621']",muslim_5917,"['muslim_5917', 'muslim_3208', 'muslim_6292', 'muslim_2751', 'muslim_3981', 'muslim_789', 'muslim_4850', 'muslim_3639', 'muslim_2752', 'bukhari_3994']"
C1044,"আমি শুনেছি যে আবু সালামা নবী মুহাম্মদ (সা.)-কে জিজ্ঞেস করেছিলেন, ""রোজাদার কি চুমু খেতে পারে?"" নবী (সা.) তখন উম্মে সালামার দিকে ইঙ্গিত করে বলেছিলেন যে তিনি এমনটি করেন। এরপর আবু সালামা বললেন, ""হে রাসূল, আল্লাহ আপনার পূর্ববর্তী ও পরবর্তী সব গুনাহ মাফ করে দিয়েছেন।"" নবী (সা.) উত্তর দিলেন, ""আল্লাহর প্রতি আমি সবচেয়ে বেশি খোদা-ভীরু এবং তাঁর কাছে সবচেয়ে বেশি ভীত।""","['muslim_2588', 'muslim_7007', 'muslim_4669', 'muslim_3692', 'muslim_7356']",bukhari_6996,"['bukhari_6996', 'bukhari_5032.2', 'bukhari_5764', 'bukhari_5137', 'bukhari_430', 'bukhari_5984', 'bukhari_1162', 'bukhari_1740', 'bukhari_1923', 'bukhari_6056']"
C1045,"আমি শুনেছি যে, খন্দকের দিন আমি এবং উমর বিন আবী সালামা নবীর স্ত্রীদের সাথে ছিলাম এবং সেখানে একটি ঘটনা ঘটেছিল।","['muslim_6246', 'muslim_6245', 'muslim_1605', 'muslim_2939', 'muslim_3552']",muslim_6746,"['muslim_6746', 'bukhari_3322', 'muslim_1985', 'muslim_4034', 'muslim_3876', 'bukhari_2950', 'bukhari_5501', 'bukhari_7040', 'muslim_3671', 'bukhari_1534']"
C1046,"নবী (সাল্লাল্লাহু আলাইহি ওয়া সাল্লাম) আমার কাছে এসে জানতে চাইলেন, আমি কোথায় তাঁর নামাজ পড়তে চাই। আমি তাকে আমার পছন্দের স্থান দেখালাম, এরপর তিনি নামাজ পড়লেন এবং আমরা তাঁর পেছনে দাঁড়িয়ে সালাম দিলাম।","['bukhari_686', 'bukhari_424', 'bukhari_839', 'bukhari_840', 'muslim_1496']",bukhari_5984,"['bukhari_5984', 'bukhari_6505', 'bukhari_1073', 'bukhari_1740', 'bukhari_1162', 'bukhari_4805', 'muslim_764', 'bukhari_6997', 'bukhari_7435', 'bukhari_6996']"
C1049,"আল্লাহ বলেছেন, আমরা জুমার রাতে মসজিদে ছিলাম। সেখানে একজন ব্যক্তি বললেন, যদি কেউ তার স্ত্রীর সঙ্গে অন্য একজনকে দেখে এবং তাকে হত্যা করে, তাহলে কি আপনাদের উচিত তাকে হত্যা করা? এরপর তিনি এই ঘটনা নবী সাল্লাল্লাহু আলাইহি ওয়াসাল্লামের কাছে উল্লেখ করলেন এবং নবী তখন আল্লাহর নির্দেশে একটি বিশেষ বিধান ঘোষণা করলেন।","['muslim_3755', 'muslim_3758', 'muslim_3743', 'muslim_3745', 'muslim_4604']",bukhari_3638,"['bukhari_3638', 'muslim_514', 'muslim_434', 'bukhari_3322', 'muslim_483', 'bukhari_823', 'bukhari_284', 'bukhari_1950', 'bukhari_6289', 'bukhari_5510']"
C1050,"আমি শুনেছি যে, নবী (সা.) বলেছেন, তাঁর হাউজের পানি দুধের চেয়ে বেশি সাদা এবং মধুর চেয়ে বেশি মিষ্টি। প্রথমে সেখানে প্রবেশ করবেন গরিব মেহেরগিররা, যারা সাধারণ পোশাক পরিধান করে এবং বিলাসবহুল জীবনযাপন করেন না।","['muslim_5989', 'muslim_581', 'muslim_716', 'muslim_5972', 'muslim_6799']",muslim_6970,"['muslim_6970', 'muslim_471', 'bukhari_6791', 'muslim_6136', 'bukhari_158', 'bukhari_1073', 'bukhari_6145', 'muslim_5848', 'muslim_5796', 'muslim_6429']"
C1051,নবী (সাল্লাল্লাহু আলাইহি ওয়া সাল্লাম) একদিন যুদ্ধের সময় তাদের সাথে সালাত আদায় করেছেন।,"['bukhari_4126', 'muslim_1942', 'muslim_1656', 'muslim_5196', 'muslim_2261']",bukhari_6505,"['bukhari_6505', 'bukhari_6145', 'bukhari_158', 'muslim_6970', 'bukhari_241', 'muslim_471', 'muslim_3731', 'muslim_764', 'bukhari_7259', 'bukhari_7258']"
C1052,"যদি আপনার বন্ধু ধনী হয়, তাহলে তার থেকে গ্রহণ করুন।","['muslim_7501', 'muslim_4665', 'muslim_3497', 'muslim_4387', 'muslim_3234']",muslim_3612,"['muslim_3612', 'muslim_1336', 'muslim_5428', 'muslim_3539', 'muslim_3301', 'muslim_2963', 'muslim_5151', 'muslim_986', 'muslim_5547', 'muslim_2365']"
C1053,"নবীজি বলেছেন, নারী একটি বাঁকা হাড়ের মতো। যদি আপনি তাকে সোজা করতে চান, তাহলে তাকে ভেঙে ফেলবেন, কিন্তু যদি তার সাথে উপভোগ করতে চান, তাহলে তার বাঁক নিয়ে উপভোগ করুন।","['bukhari_5184', 'muslim_3644', 'muslim_3646', 'muslim_3420', 'muslim_3429']",muslim_2133,"['muslim_2133', 'muslim_933', 'muslim_3478', 'muslim_1889', 'muslim_2140', 'muslim_6635', 'bukhari_5084', 'muslim_6342', 'muslim_4290', 'muslim_5248']"
C1057,"আমি মসজিদে বসে ছিলাম, তখন একজন ব্যক্তি প্রবেশ করলেন যাঁর মুখে গভীর বিনয় ছিল। সবাই বলল, ""এটি জান্নাতের একজন মানুষ।"" তিনি দুই রাকাত নামাজ পড়ে বেরিয়ে গেলেন। আমি তাঁর পেছনে গিয়ে বললাম, ""আপনি যখন মসজিদে প্রবেশ করলেন, তখন সবাই বলল আপনি জান্নাতের মানুষ।"" তিনি বললেন, ""কেউ এমন কথা বলা উচিত নয় যা সে জানে না। আমি নবী মুহাম্মদ (সা.)-এর সময় একটি স্বপ্ন দেখেছিলাম এবং সেটি তাঁকে বলেছিলাম।""","['muslim_6381', 'bukhari_3813', 'bukhari_7014', 'muslim_6382', 'muslim_6383']",bukhari_415,"['bukhari_415', 'bukhari_3999', 'bukhari_1923', 'bukhari_297', 'bukhari_1069', 'bukhari_3122', 'bukhari_5764', 'bukhari_1596', 'muslim_1734', 'bukhari_5037']"
C1058,"রাসূলুল্লাহ (সা.) বলেছেন, যাকাতের জন্য উট এবং ভেড়ার নির্দিষ্ট পরিমাণ নির্ধারণ করা হয়েছে। উটের সংখ্যা অনুযায়ী যাকাত দিতে হলে পাঁচটি উটের জন্য একটি, দশটির জন্য দুটি এবং বিশাল সংখ্যার জন্য আরও বেশি দিতে হবে।","['bukhari_1454', 'muslim_411', 'muslim_4837', 'bukhari_6959', 'bukhari_1453']",muslim_6970,"['muslim_6970', 'bukhari_6791', 'muslim_471', 'muslim_4866', 'muslim_7130', 'muslim_208', 'muslim_6429', 'muslim_3540', 'muslim_2657', 'muslim_6136']"
C1062,"নবীজি (সাল্লাল্লাহু আলাইহি ওয়াসাল্লাম) বলেছেন, যখন কেউ চারটি অংশের মধ্যে বসে পড়ে এবং চেষ্টা করে, তখন তার জন্য গোসল করা আবশ্যক।","['muslim_783', 'muslim_785', 'bukhari_291', 'muslim_3855', 'muslim_6427']",muslim_495,"['muslim_495', 'muslim_6746', 'bukhari_284', 'bukhari_3322', 'bukhari_297', 'muslim_1985', 'muslim_5964', 'muslim_483', 'muslim_3671', 'muslim_3834']"
C1064,আমি শুনেছি যে নবী সাল্লাল্লাহু আলাইহি ওয়াসাল্লাম নামাজের শেষের দিকে দুইটি সিজদা করেছেন এবং তারপর সালাম ফিরিয়েছেন।,"['muslim_1271', 'muslim_1270', 'bukhari_6670', 'muslim_1269', 'bukhari_1225']",muslim_6746,"['muslim_6746', 'bukhari_3322', 'muslim_3876', 'muslim_3822', 'muslim_1985', 'muslim_5964', 'muslim_1280', 'muslim_3671', 'muslim_3862', 'muslim_495']"
C1065,"আমার এক বন্ধু বললেন, উমর (রাঃ) দান করার পর আমাকে কাজের জন্য নিযুক্ত করলেন। আমি বললাম, আমি তো আল্লাহর জন্য কাজ করেছি, তখন তিনি বললেন, যা দিয়েছি তা গ্রহণ করো, কারণ আমি তো রাসূলুল্লাহ (সা.)-এর عهدে কাজ করেছি।","['muslim_2408', 'muslim_4923', 'muslim_2714', 'muslim_3692', 'muslim_3691']",muslim_495,"['muslim_495', 'muslim_514', 'muslim_483', 'bukhari_4545', 'muslim_434', 'bukhari_4055', 'muslim_3834', 'muslim_3265', 'bukhari_254', 'bukhari_297']"
C1066,"রাসূলুল্লাহ (সাল্লাল্লাহু আলাইহি ওয়া সাল্লাম) বলেছেন, আশুরার দিনে কিছু লোক সিয়াম পালন করতেন, তাই যিনি চান তিনি সিয়াম পালন করতে পারেন এবং যিনি চান তিনি তা ত্যাগ করতে পারেন।","['muslim_2647', 'muslim_2642', 'muslim_2637', 'muslim_2638', 'bukhari_2002']",bukhari_1162,"['bukhari_1162', 'bukhari_6056', 'bukhari_717', 'muslim_495', 'bukhari_5257', 'muslim_3514', 'bukhari_284', 'muslim_2410', 'muslim_5866', 'bukhari_6505']"
C1067,"নবী (সাল্লাল্লাহু আলাইহি ওয়া সাল্লাম) বলেছেন, ফরজ কাজগুলোকে তাদের প্রাপ্য ব্যক্তিদের কাছে পৌঁছে দিতে হবে, এবং যা অবশিষ্ট থাকবে, তা প্রথম পুরুষের জন্য।","['muslim_4142', 'muslim_4141', 'bukhari_6737', 'bukhari_6746', 'bukhari_6735']",muslim_6746,"['muslim_6746', 'muslim_1985', 'muslim_3671', 'muslim_5964', 'muslim_3822', 'muslim_3876', 'bukhari_284', 'bukhari_3322', 'muslim_495', 'muslim_434']"
C1068,"রাসূলুল্লাহ (সাল্লাল্লাহু আলাইহি ওয়াসাল্লাম) বলেছেন, বিলাল রাতে আযান দেন, তাই তোমরা খাও এবং পান করো যতক্ষণ না ইবন উম মাকতুমের আযান শোনো।","['muslim_2537', 'muslim_2538', 'muslim_2536', 'bukhari_622', 'bukhari_623']",muslim_6970,"['muslim_6970', 'bukhari_6145', 'muslim_618', 'bukhari_6505', 'muslim_764', 'muslim_3357', 'muslim_471', 'muslim_2762', 'muslim_4866', 'muslim_5655']"
C1071,"রাসূলুল্লাহ (সা.) একবার খুতবা দিচ্ছিলেন, তখন একজন এসে বললেন, ""হে রাসূল, আমাদের সম্পদ শেষ হয়ে যাচ্ছে এবং পথ বন্ধ হয়ে গেছে, আল্লাহর কাছে দোয়া করুন আমাদের সাহায্য করুন।"" রাসূল (সা.) তিনবার আল্লাহর কাছে দোয়া করলেন এবং তারপর আকাশ থেকে মেঘ এসে বৃষ্টি পড়ল। পরে, আবার একই ব্যক্তি এসে একই সমস্যার কথা বললে, রাসূল (সা.) আল্লাহর কাছে দোয়া করলেন যেন বৃষ্টি আমাদের উপর না পড়ে, এবং এরপর আমরা রোদে হাঁটতে পারলাম।","['muslim_2078', 'bukhari_1014', 'bukhari_1013', 'bukhari_1017', 'bukhari_1019']",muslim_1985,"['muslim_1985', 'bukhari_4545', 'bukhari_3322', 'muslim_483', 'bukhari_4923', 'bukhari_5396', 'bukhari_1923', 'muslim_3671', 'bukhari_3751', 'bukhari_5726']"
C1072,"একজন আরব ব্যক্তি রাসূলুল্লাহকে জিজ্ঞেস করেছিল, ""ছবি কি?"" রাসূলুল্লাহ উত্তর দিয়েছিলেন, ""এটি একটি শিং, যাতে ফুঁ দেওয়া হবে।""","['muslim_6151', 'muslim_5533', 'muslim_7381', 'muslim_6405', 'muslim_5517']",muslim_4910,"['muslim_4910', 'bukhari_6145', 'muslim_6970', 'muslim_4866', 'muslim_6635', 'muslim_6996', 'bukhari_6791', 'muslim_7130', 'muslim_5795', 'muslim_3440']"
C1073,"জরীর বলেছেন, তিনি তার ঘরে মেয়েদের সাথে খেলছিলেন।","['muslim_6288', 'bukhari_6130', 'muslim_7063', 'muslim_6629', 'muslim_6628']",muslim_5956,"['muslim_5956', 'muslim_5921', 'muslim_5159', 'muslim_1907', 'muslim_5730', 'muslim_1378', 'muslim_6390', 'muslim_5054', 'muslim_7480', 'muslim_3273']"
C1075,"নবী মুহাম্মদ (সা.) বলেছেন, আমাদের নিজেদের সম্পর্কে খারাপ কথা বলা উচিত নয়, বরং আমাদের বলা উচিত যে আমরা নিজেদেরকে পরীক্ষা করছি।","['muslim_5880', 'muslim_5878', 'bukhari_6179', 'bukhari_6180', 'muslim_6892']",bukhari_5257,"['bukhari_5257', 'muslim_495', 'muslim_575', 'muslim_3265', 'muslim_3834', 'muslim_4845', 'muslim_3509', 'bukhari_3595.2', 'muslim_5848', 'muslim_3514']"
C1076,"রাসূলুল্লাহ (সা.)-এর সময়ে মানুষরা জমি ভাড়া দেওয়ার জন্য স্বর্ণ ও রৌপ্য ব্যবহার করতেন। তবে কিছু নির্দিষ্ট শর্তে ভাড়া নেওয়া বৈধ ছিল, যেমন কৃষি উৎপাদন বা জলাধারের কাছাকাছি জমি।","['muslim_3952', 'muslim_3951', 'muslim_3944', 'muslim_4086', 'muslim_4824']",muslim_6012,"['muslim_6012', 'bukhari_2200', 'muslim_2043', 'muslim_6521', 'muslim_1832', 'muslim_6794', 'muslim_6433', 'muslim_1889', 'muslim_789', 'muslim_4850']"
C1078,"নবী (সা.) বলেছেন যে, যারা ইসলামের বাইরে অন্য ধর্মের নামে মিথ্যা শপথ করে, তারা সত্যিই মিথ্যাবাদী। আর যারা আত্মহত্যা করে, তাদের জন্য জাহান্নামে কঠিন শাস্তি অপেক্ষা করছে।","['bukhari_1363', 'bukhari_1364', 'bukhari_6105', 'bukhari_6652', 'muslim_300']",muslim_789,"['muslim_789', 'bukhari_3994', 'muslim_3208', 'muslim_913', 'muslim_3639', 'muslim_6292', 'muslim_7115', 'muslim_4183', 'muslim_1889', 'muslim_6710']"
C1079,নবী সাল্লাল্লাহু আলাইহি ওয়া সাল্লাম শুক্রবারের নামাজে {সুবহানাসম রব্বিকাল আ'লা} এবং {হল আতা কাল হাদিথ আল গাশিয়া} পড়তেন।,"['muslim_2028', 'muslim_1030', 'muslim_2031', 'muslim_2030', 'muslim_2035']",bukhari_6145,"['bukhari_6145', 'bukhari_6791', 'muslim_618', 'muslim_471', 'muslim_4866', 'bukhari_158', 'bukhari_6505', 'bukhari_5864', 'muslim_2762', 'bukhari_1162']"
C1080,"আমি শুনেছি, রাসূলুল্লাহ (সা.) বলেছেন যে, যদি কোনো নারী স্বপ্নে পুরুষের মতো কিছু দেখে, তাহলে তার জন্য গোসল করা আবশ্যক। তিনি আরও বলেছেন, পুরুষের পানি ঘন এবং সাদা, আর নারীর পানি পাতলা এবং হলুদ। যে পানি আগে বের হবে, সন্তানের রঙ তেমনই হবে।","['muslim_710', 'muslim_711', 'muslim_709', 'muslim_715', 'muslim_716']",muslim_495,"['muslim_495', 'bukhari_5257', 'muslim_3514', 'muslim_3265', 'muslim_2410', 'muslim_4845', 'muslim_857', 'bukhari_6056', 'muslim_3834', 'muslim_575']"
C1083,"একজন ব্যক্তি নবী (সা.)-এর কাছে এসে বলল, ""আমি অসুস্থ, আমাকে সাহায্য করুন।"" তখন নবী (সা.) বললেন, ""আমার কাছে কিছু নেই,"" এরপর একজন বলল, ""হে রাসূলাল্লাহ, আমি তাকে সাহায্যকারী কাউকে দেখাতে পারি।"" নবী (সা.) বললেন, ""যে ভালো কাজে কাউকে নির্দেশ করে, তার জন্য নির্দেশকারীরও সেই কাজের সমান সওয়াব রয়েছে।""","['muslim_4899', 'muslim_5359', 'muslim_7007', 'muslim_4431', 'muslim_4265']",bukhari_5032.2,"['bukhari_5032.2', 'bukhari_5984', 'bukhari_6996', 'muslim_483', 'bukhari_429', 'bukhari_7435', 'bukhari_6056', 'bukhari_6997', 'muslim_3265', 'bukhari_717']"
C1086,"আবু সাঈদ খুদরী বলেছেন, নবী সাল্লাল্লাহু আলাইহি ওয়াসাল্লাম হুনাইন যুদ্ধে একটি বাহিনী পাঠিয়েছিলেন এবং বলেছেন, ""তোমাদের জন্য তাদের মধ্যে যাদের অধিকার তোমাদের হাতে আছে, তারা হালাল।""","['muslim_3609', 'muslim_3608', 'muslim_4523', 'muslim_3017', 'muslim_6923']",bukhari_5764,"['bukhari_5764', 'bukhari_3999', 'bukhari_5757', 'bukhari_6996', 'bukhari_4029', 'muslim_3834', 'muslim_483', 'bukhari_2626', 'bukhari_6505', 'bukhari_5984']"
C1087,"নবী মুহাম্মদ (সা.) নামাজ শেষ করার পর এই দোয়া পড়তেন: ""আল্লাহ ছাড়া কোন মাবুদ নেই, তিনি একক, তাঁরই রাজত্ব এবং প্রশংসা, এবং তিনি সবকিছুর ওপর ক্ষমতাশালী।""","['muslim_1338', 'bukhari_6330', 'muslim_1071', 'muslim_1072', 'bukhari_844']",muslim_575,"['muslim_575', 'bukhari_4805', 'bukhari_5984', 'muslim_2762', 'bukhari_6145', 'bukhari_6791', 'muslim_5796', 'muslim_848', 'muslim_5962', 'bukhari_1073']"
C1091,"তিনি বলেছেন, তার কাছে পঞ্চাশ হাজার হাদিস আছে, কিন্তু তিনি সেগুলোর মধ্যে থেকে কিছুই বলেননি। একদিন তিনি একটি হাদিস বললেন এবং বললেন, এটি পঞ্চাশ হাজারের মধ্যে একটি।","['muslim_3551', 'muslim_6400', 'muslim_4275', 'muslim_526', 'muslim_5359']",muslim_5921,"['muslim_5921', 'muslim_1378', 'muslim_4651', 'muslim_3636', 'bukhari_128', 'muslim_1094', 'bukhari_7314', 'muslim_5159', 'muslim_5268', 'bukhari_6822']"
C1096,"নবী সাল্লাল্লাহু আলাইহি ওয়া সাল্লাম বলেছেন, আমাদের উচিত আল্লাহর কাছে সাহায্য চাওয়া এবং নিজেদের খারাপ কাজ থেকে বাঁচার চেষ্টা করা। তিনি আরও বলেছেন, আল্লাহ যাকে সঠিক পথে পরিচালিত করেন, তাকে কেউ বিভ্রান্ত করতে পারে না।","['muslim_2008', 'muslim_2351', 'muslim_897', 'muslim_3410', 'muslim_4776']",muslim_1845,"['muslim_1845', 'muslim_1849', 'muslim_3332', 'muslim_5118', 'muslim_7071', 'muslim_1148', 'muslim_4866', 'muslim_5919', 'muslim_4009', 'muslim_3344']"
C1098,"নবী সাল্লাল্লাহু আলাইহি ওয়াসাল্লাম বলেছেন, যে ব্যক্তি তার অধিকারী দাসকে মুক্তি দেয় এবং সঠিক মূল্য নির্ধারণ করে, তাহলে তাকে তার অংশীদারদের তাদের অংশ দিতে হবে। যদি না দেয়, তাহলে মুক্তি পাওয়া দাসের অংশ তার জন্য কার্যকর হবে না।","['muslim_4325', 'muslim_3770', 'bukhari_2522', 'muslim_4327', 'muslim_4326']",bukhari_5257,"['bukhari_5257', 'muslim_3509', 'muslim_4406', 'muslim_5866', 'muslim_3862', 'muslim_1661', 'muslim_4839', 'muslim_4845', 'muslim_375', 'muslim_1621']"
C1099,"নবী মুহাম্মদ (সা.) বলেছেন, আল্লাহ ইয়েমেন থেকে এমন একটি বাতাস পাঠাবেন যা রেশমের চেয়েও নরম হবে এবং এটি এমন কাউকে ছাড়বে না যার অন্তরে এক মণ বা এক দানা ইমান রয়েছে।","['muslim_312', 'muslim_266', 'muslim_7382', 'muslim_4957', 'muslim_7299']",bukhari_284,"['bukhari_284', 'muslim_6746', 'muslim_495', 'muslim_3834', 'muslim_483', 'muslim_434', 'muslim_1985', 'bukhari_5257', 'bukhari_3322', 'muslim_4406']"
C1101,"আয়েশা বলেছেন, আমরা রাসূলুল্লাহ (সা.)-কে বেছে নিয়েছিলাম এবং তিনি আমাদের জন্য কিছু নির্ধারণ করেননি।","['muslim_3688', 'muslim_3687', 'bukhari_5262', 'muslim_3684', 'muslim_4834']",muslim_6970,"['muslim_6970', 'bukhari_1073', 'muslim_5796', 'muslim_1371', 'bukhari_6145', 'muslim_471', 'muslim_2762', 'muslim_5118', 'muslim_4866', 'muslim_3731']"
C1103,"আয়েশা বলেছেন, তিনি তাঁর দুধের চাচা আবু জাদকে অনুমতি দিতে বলেছিলেন, কিন্তু তিনি ফিরিয়ে দিয়েছিলেন। পরে নবী (সাল্লাল্লাহু আলাইহি ওয়া সাল্লাম) যখন এ কথা শুনলেন, তখন তিনি বললেন, ""তুমি কেন তাকে অনুমতি দিলে না?""","['muslim_3578', 'muslim_3573', 'muslim_3575', 'muslim_3571', 'muslim_3572']",bukhari_4545,"['bukhari_4545', 'bukhari_3322', 'bukhari_1534', 'bukhari_6485', 'bukhari_5704', 'bukhari_7395', 'muslim_2086', 'bukhari_5665', 'bukhari_2432', 'muslim_514']"
C1104,নবীজী (সাল্লাল্লাহু আলাইহি ওয়াসাল্লাম) মুজদালিফায় দুইটি নামাজ একসাথে আদায় করেছেন এবং এর আগে বা পরে কোনো নফল নামাজ পড়েননি।,"['bukhari_1673', 'muslim_3114', 'muslim_6694', 'muslim_5154', 'muslim_3855']",bukhari_6791,"['bukhari_6791', 'bukhari_6505', 'bukhari_241', 'bukhari_5864', 'bukhari_158', 'bukhari_6145', 'bukhari_1162', 'muslim_471', 'muslim_6970', 'muslim_618']"
C1106,"আমরা জানি, আবদুল্লাহ বিন জাইদ বলেছেন যে, রাসূলুল্লাহ (সা.) যখন ওযু করতেন, তখন তিনি প্রথমে হাত ধোতেন, তারপর মুখ, এবং শেষ পর্যন্ত পা ধোতেন। তিনি মাথাও মুছতেন এবং এভাবে ওযু সম্পন্ন করতেন।","['bukhari_185', 'muslim_557', 'muslim_555', 'bukhari_186', 'muslim_538']",muslim_575,"['muslim_575', 'bukhari_158', 'bukhari_6791', 'muslim_6136', 'bukhari_6505', 'muslim_471', 'muslim_6970', 'muslim_5962', 'muslim_5848', 'muslim_6531']"
C1110,"রাসূলুল্লাহ (সা.) আবু তাইবাকে একটি সা' দাতের খেজুর প্রদান করেছিলেন এবং তাঁর পরিবারকে নির্দেশ দিয়েছিলেন যে, তাঁকে করের বোঝা কমিয়ে দিতে।","['bukhari_2210', 'bukhari_2102', 'muslim_4038', 'muslim_4085', 'bukhari_2277']",muslim_6970,"['muslim_6970', 'bukhari_241', 'muslim_3731', 'muslim_471', 'muslim_2762', 'muslim_6996', 'muslim_3348', 'bukhari_6145', 'muslim_4866', 'bukhari_6791']"
C1112,"রাসূলুল্লাহ (সা.) বলেছেন, জাহান্নাম এবং জান্নাত নিজেদের মধ্যে বিতর্ক করছিল। তিনি উল্লেখ করেছেন যে, উভয়েই তাদের পূর্ণতা অর্জনের জন্য প্রস্তুত রয়েছে।","['muslim_7176', 'muslim_7182', 'muslim_7174', 'muslim_1543', 'muslim_5949']",muslim_1094,"['muslim_1094', 'muslim_5917', 'muslim_3208', 'muslim_6292', 'muslim_3161', 'bukhari_2290', 'muslim_3776', 'muslim_6301', 'muslim_4651', 'muslim_6012']"
C1114,"রাসূলুল্লাহ (সা.) বলেছেন, ""আজকের দিন, এই মাস এবং এই শহর সবকিছুই পবিত্র। তোমাদের রক্ত ও সম্পদ একে অপরের জন্য হারাম, যেমন আজকের দিন, এই মাস এবং এই শহরে হারাম।""","['muslim_4386', 'muslim_4383', 'muslim_4384', 'bukhari_6785', 'bukhari_105']",muslim_3540,"['muslim_3540', 'muslim_6945', 'muslim_6794', 'muslim_1845', 'muslim_5795', 'muslim_4866', 'muslim_6387', 'muslim_7071', 'muslim_6859', 'muslim_6763']"
C1115,"নবী (সাল্লাল্লাহু আলাইহি ওয়া সাল্লাম) বলেছেন, আল্লাহর সাথে শরীক করা, পিতামাতার অবাধ্যতা এবং মিথ্যা শপথ করা বড় পাপ।","['bukhari_6870', 'bukhari_6675', 'muslim_261', 'bukhari_6871', 'muslim_259']",bukhari_6145,"['bukhari_6145', 'muslim_2762', 'bukhari_158', 'muslim_5655', 'muslim_1849', 'muslim_618', 'muslim_848', 'muslim_6996', 'muslim_4866', 'muslim_5118']"
C1122,"আমি শুনেছি যে, ইবন আব্বাস (রাঃ) বলেছেন যে, তিনি একজনকে স্বপ্নে বলেছেন যে, তার হজ এবং উমরা কবুল হয়েছে। তিনি আরও বলেছেন যে, এটি নবীর (সাঃ) সুন্নাহ।","['bukhari_1567', 'muslim_3015', 'bukhari_1688', 'muslim_3692', 'muslim_4568']",muslim_2506,"['muslim_2506', 'bukhari_3994', 'muslim_933', 'muslim_3208', 'bukhari_6145', 'bukhari_5084', 'muslim_997', 'muslim_4368', 'muslim_6342', 'muslim_5919']"
C1125,"আমি শুনেছি যে, রাসূলুল্লাহ সাল্লাল্লাহু আলাইহি ওয়াসাল্লাম জামরাকে নিক্ষেপ করার আগে তাওয়াফ করেছিলেন।","['muslim_3089', 'muslim_3090', 'muslim_3141', 'bukhari_1685', 'muslim_3140']",muslim_6746,"['muslim_6746', 'muslim_495', 'bukhari_3322', 'muslim_3834', 'bukhari_297', 'bukhari_284', 'muslim_1985', 'muslim_434', 'muslim_3822', 'muslim_3811']"
C1126,"আমি শুনেছি যে নবী (সাল্লাল্লাহু আলাইহি ওয়াসাল্লাম) বলেছেন, কুমারী মেয়ের বিয়ের পর সাত দিন ধরে তার জন্য অনুষ্ঠান করা উচিত।","['muslim_3627', 'bukhari_5214', 'muslim_3626', 'bukhari_5213', 'muslim_2741']",muslim_495,"['muslim_495', 'bukhari_342', 'muslim_434', 'bukhari_284', 'bukhari_823', 'bukhari_518', 'muslim_6746', 'muslim_6987', 'bukhari_3595.2', 'muslim_450']"
C1133,"নবী (সা.) বলেছেন, ""যে কেউ শপথ করবে, সে আল্লাহর নামে শপথ করুক।"" কুরাইশরা তাদের পিতাদের নামে শপথ করত, তাই তিনি বললেন, ""তোমরা তোমাদের পিতাদের নামে শপথ করো না।""","['muslim_4259', 'bukhari_3836', 'muslim_4257', 'bukhari_7401', 'bukhari_6108']",bukhari_3994,"['bukhari_3994', 'bukhari_6145', 'muslim_933', 'muslim_3208', 'muslim_3639', 'muslim_1849', 'muslim_6996', 'muslim_1148', 'muslim_5118', 'muslim_789']"
C1137,"আম হরাম, আনসারের খালা, বলেছেন যে একদিন নবী (সা.) আমাদের কাছে এসেছিলেন এবং হাসতে হাসতে জেগে উঠলেন। তিনি বললেন, আমি আমার উম্মতের কিছু লোককে দেখেছি যারা সমুদ্রের উপর রাজাদের মতো চড়ে চলেছে। আম হরাম নবী (সা.) থেকে প্রার্থনা করেছিলেন যেন তিনি তাদের মধ্যে অন্তর্ভুক্ত হন, এবং নবী (সা.) তাকে বলেছিলেন, ""তুমি তাদের মধ্যে আছো।"" পরে তিনি একটি যুদ্ধের সময় সমুদ্রের কাছে গিয়েছিলেন, কিন্তু দুর্ঘটনাবশত তার ঘোড়া তাকে ফেলে দেয়।","['muslim_4935', 'muslim_4934', 'bukhari_2894', 'bukhari_2895', 'bukhari_7001']",bukhari_4545,"['bukhari_4545', 'muslim_514', 'muslim_495', 'muslim_483', 'muslim_1985', 'muslim_1279', 'bukhari_3322', 'muslim_3834', 'bukhari_1950', 'muslim_434']"
C1139,"রাসূলুল্লাহ (সা.) বলেছেন, ফজরের নামাজের পর যা কিছু করা হয়, তার সওয়াব সবচেয়ে বেশি।","['muslim_6427', 'muslim_4349', 'muslim_4234', 'muslim_1040', 'muslim_4603']",muslim_495,"['muslim_495', 'muslim_6970', 'muslim_208', 'muslim_471', 'muslim_6531', 'muslim_2410', 'bukhari_6791', 'muslim_7440', 'muslim_3514', 'muslim_3265']"
C1141,"রাসূলুল্লাহ (সা.) বলেছেন, একবার তিনি যুদ্ধে ছিলেন যখন একজন মুহাজির একজন আনসারের ওপর হামলা করে। তখন মুহাজির ও আনসার উভয়েই নিজেদের পক্ষ থেকে চিৎকার করতে শুরু করেন। রাসূল (সা.) তাদেরকে বললেন, এই জাহেলিয়াতের ডাক বন্ধ করুন, কারণ এটি খুবই নিকৃষ্ট।","['muslim_6583', 'bukhari_4905', 'bukhari_4907', 'bukhari_3518', 'muslim_6582']",muslim_495,"['muslim_495', 'muslim_3834', 'bukhari_5257', 'muslim_3265', 'muslim_3509', 'muslim_3811', 'muslim_5694', 'muslim_4406', 'muslim_4845', 'muslim_2207']"
C1142,"আল্লাহর কাছে প্রার্থনা করার পর তিনি পা ধোয়ার সময় মোজা মুছে নেন। তিনি বলেন, ""আমি কেন এটা করব না, যখন আমি রাসূলুল্লাহ (সা.)-কে এভাবে করতে দেখেছি?""","['muslim_622', 'bukhari_387', 'muslim_7047', 'muslim_623', 'muslim_630']",bukhari_4545,"['bukhari_4545', 'bukhari_7395', 'muslim_495', 'muslim_1279', 'muslim_3834', 'bukhari_3322', 'bukhari_254', 'muslim_514', 'bukhari_205', 'bukhari_429']"
C1144,"নবী সাল্লাল্লাহু আলাইহি ওয়াসাল্লাম-এর সময় কুরআন একত্রিত করেছিলেন চারজন, যারা সবাই আনসার ছিলেন: আবু, মাআজ বিন জাবাল, আবু জায়দ এবং জায়েদ বিন থাবিত। আমি আনাসকে জিজ্ঞেস করেছিলাম আবু জায়দ কে, তিনি বললেন, তিনি আমার এক চাচাতো ভাই।","['muslim_6340', 'muslim_6341', 'bukhari_3810', 'bukhari_5003', 'bukhari_5004']",bukhari_7259,"['bukhari_7259', 'bukhari_7258', 'muslim_2670', 'muslim_2132', 'bukhari_6505', 'bukhari_4805', 'bukhari_6798', 'bukhari_1162', 'bukhari_3752', 'muslim_496']"
C1150,"আমি শুনেছি যে রাসূলুল্লাহ (সা.) রাতে একজনকে সূরা পড়তে শুনে বলেছিলেন, ""আল্লাহ তাকে রহমত করুন, তিনি আমাকে এমন কিছু আয়াত মনে করিয়ে দিয়েছেন যা আমি ভুলে গিয়েছিলাম।""","['bukhari_5038', 'muslim_1837', 'bukhari_5037', 'bukhari_5042', 'bukhari_6335']",muslim_495,"['muslim_495', 'muslim_3265', 'muslim_3834', 'muslim_483', 'bukhari_284', 'muslim_3811', 'bukhari_6996', 'bukhari_429', 'bukhari_4545', 'muslim_5979']"
C1151,"আমি শুনেছি, হজরত মুহাম্মদ (সা.) বলেছেন যে, যদি কেউ আপনার সম্পত্তির উপর আক্রমণ করে এবং আপনি তাকে প্রতিরোধ করতে চান, তাহলে আপনাকে আল্লাহর নামে শপথ করে বলতে হবে। যদি তারা আপনার কথা না শোনে, তাহলে আপনাকে লড়াই করতে হবে। যদি আপনি মারা যান, তাহলে আপনি জান্নাতে যাবেন, আর যদি আপনার প্রতিপক্ষ মারা যায়, তাহলে তিনি জাহান্নামে যাবেন।","['muslim_4880', 'muslim_360', 'muslim_3743', 'muslim_274', 'muslim_4622']",bukhari_297,"['bukhari_297', 'bukhari_4410', 'bukhari_6996', 'bukhari_1069', 'bukhari_921', 'bukhari_255', 'bukhari_1011', 'bukhari_430', 'bukhari_5406', 'bukhari_7337']"
C1156,"আমি শুনেছি যে আশআরীরা রাসূলুল্লাহ (সা.)-এর কাছে গিয়েছিল এবং তাদের কিছু প্রয়োজন ছিল। তারা রাসূল (সা.)-কে বলেছিল যে, আমাদের কাজে সাহায্য করুন। কিন্তু রাসূল (সা.) তাদের বলেছিলেন যে, আমরা আমাদের কাজে তাদের সাহায্য নিতে পারি না যারা আমাদের কাছে কিছু চায়।","['muslim_4265', 'muslim_6411', 'muslim_4915', 'muslim_4294', 'muslim_3508']",bukhari_4545,"['bukhari_4545', 'bukhari_3322', 'muslim_483', 'muslim_3834', 'muslim_6746', 'muslim_1279', 'bukhari_297', 'muslim_434', 'muslim_514', 'bukhari_1923']"
C1160,"এক মুসলিম এবং একজন ইহুদি নিজেদের মধ্যে আলোচনা করছিলেন। মুসলিমটি বললেন যে আল্লাহ মুহাম্মদকে সমস্ত জগতের উপর নির্বাচিত করেছেন, আর ইহুদি বললেন যে আল্লাহ মূসাকে নির্বাচিত করেছেন। এরপর মুসলিমটি ইহুদিকে আঘাত করলেন এবং ইহুদিটি নবী মুহাম্মদের কাছে এই ঘটনার কথা জানালেন। নবী মুহাম্মদ বললেন, ""মূসাকে আমার সাথে তুলনা করো না, কারণ কিয়ামতের দিন মানুষ অচেতন হবে এবং আমি প্রথমে জেগে উঠব।""","['muslim_6153', 'bukhari_3408', 'bukhari_7472', 'bukhari_6517', 'bukhari_2411']",muslim_3509,"['muslim_3509', 'muslim_5694', 'bukhari_6996', 'muslim_4845', 'muslim_5222', 'muslim_495', 'bukhari_5257', 'muslim_3811', 'muslim_3265', 'muslim_3834']"
C1164,"আমি শুনেছি, রাসূলুল্লাহ (সা.) বলেছেন যে, তিনি স্বপ্নে জান্নাতে দেখেছেন একটি মহিলাকে যিনি একটি প্রাসাদের পাশে ওযু করছেন। যখন তিনি জানতে পারেন যে প্রাসাদটি عمر بن الخطابের, তখন عمر (রা.) বলেছিলেন, ""আমি কি আপনার প্রতি গার্জ করছি, হে রাসূলullah?""","['bukhari_3242', 'bukhari_3680', 'bukhari_7023', 'bukhari_7025', 'bukhari_5227']",bukhari_4545,"['bukhari_4545', 'bukhari_3322', 'bukhari_4311', 'bukhari_7038', 'bukhari_7040', 'bukhari_7039', 'bukhari_5704', 'bukhari_1196', 'bukhari_2950', 'muslim_2822']"
C1165,"একজন মুহাজির একজন আনসারের সাথে ঝগড়া করেছিল। তখন নবী (সা.) বলেছিলেন, ""এটি ছেড়ে দাও, কারণ এটি দুর্গন্ধযুক্ত।""","['muslim_6584', 'muslim_6583', 'bukhari_4905', 'bukhari_4907', 'muslim_2318']",bukhari_3994,"['bukhari_3994', 'muslim_3208', 'muslim_1832', 'muslim_3639', 'muslim_6292', 'muslim_913', 'muslim_789', 'muslim_3731', 'muslim_933', 'muslim_4850']"
C1166,"আমি শুনেছি যে, আয়েশা রাদিয়াল্লাহু আনহা তার দুধের ভাইয়ের সামনে নবীর গোসলের পদ্ধতি বর্ণনা করেছেন। তিনি একটি পাত্রে পানি নিয়ে তিনবার মাথায় ঢেলে গোসল করেছেন।","['muslim_728', 'bukhari_251', 'muslim_3728', 'muslim_750', 'muslim_555']",muslim_6970,"['muslim_6970', 'muslim_471', 'bukhari_6791', 'bukhari_241', 'bukhari_6145', 'bukhari_5084', 'muslim_7130', 'muslim_4866', 'muslim_4910', 'muslim_6194']"
C1168,"আমি শুনেছি যে, যদি কেউ তিন দিন অপেক্ষা করার পরও ফিরে না আসে, তাহলে তাকে হত্যা করতে হবে, কারণ সে একটি শয়তান।","['muslim_5839', 'muslim_5841', 'muslim_2877', 'bukhari_3274', 'muslim_1129']",bukhari_6289,"['bukhari_6289', 'bukhari_109', 'bukhari_4029', 'muslim_483', 'muslim_698', 'bukhari_6996', 'muslim_434', 'bukhari_3266', 'bukhari_5738', 'muslim_495']"
C1171,"আমি শুনেছি আনাস বিন মালিক বলছেন যে, তিনি যখন রাসূলুল্লাহ (সা.)-কে শুনেছিলেন, তখন তিনি বলেছেন যে, যারা আসরের নামাজে দেরি করে, তারা মুনাফিকের মতো। তারা সূর্য ডুবতে দেখে নামাজে দাঁড়ায় এবং নামাজে আল্লাহর স্মরণ খুব কম করে।","['muslim_1412', 'muslim_6121', 'muslim_1388', 'muslim_1393', 'muslim_1649']",muslim_575,"['muslim_575', 'bukhari_5257', 'muslim_4845', 'muslim_5848', 'muslim_3509', 'muslim_3834', 'muslim_495', 'muslim_5979', 'bukhari_3595.2', 'muslim_3265']"
C1172,"আমি শুনেছি যে নবী সাল্লাল্লাহু আলাইহি ওয়াসাল্লাম নামাজের শুরুতে আল্লাহর মহান নাম উচ্চারণ করার সময় তাঁর হাত কাঁধের সমান্তরালে তুলে ধরতেন। তিনি রুকুতে যাওয়ার সময়ও একইভাবে হাত তুলতেন, কিন্তু সিজদা দেওয়ার সময় এবং সিজদা থেকে মাথা তোলার সময় তিনি হাত তুলতেন না।","['bukhari_738', 'muslim_862', 'bukhari_735', 'bukhari_736', 'bukhari_789']",muslim_4406,"['muslim_4406', 'muslim_6746', 'muslim_4839', 'bukhari_284', 'muslim_3822', 'muslim_3862', 'muslim_3509', 'bukhari_5406', 'muslim_1621', 'muslim_434']"
C1174,"নবী মুহাম্মদ (সা.) তাঁর স্ত্রীকে বলেছেন যে, তিনি যখন ইহরাম বাঁধবেন এবং কাবা তাওয়াফ করার আগে কিছু নির্দেশনা দেবেন।","['muslim_2824', 'muslim_2831', 'muslim_2825', 'muslim_2826', 'bukhari_1754']",muslim_575,"['muslim_575', 'muslim_5848', 'bukhari_1073', 'muslim_495', 'muslim_3265', 'bukhari_5984', 'bukhari_7435', 'muslim_3514', 'muslim_6970', 'bukhari_6056']"
C1180,"আমি শুনেছি যে, নবী (সাল্লাল্লাহু আলাইহি ওয়া সাল্লাম) বলেছেন, যে ব্যক্তি আল্লাহ তাকে যে দায়িত্ব দিয়েছে, তা সঠিকভাবে পালন না করলে, সে জান্নাতের সুগন্ধও পাবে না।","['bukhari_7150', 'muslim_363', 'muslim_4729', 'muslim_5633', 'muslim_818']",bukhari_6996,"['bukhari_6996', 'bukhari_7435', 'bukhari_5984', 'muslim_483', 'bukhari_297', 'bukhari_284', 'bukhari_5257', 'muslim_434', 'muslim_3509', 'bukhari_717']"
C1181,"একদিন রাসূলুল্লাহ (সা.) বলেন, ঈমান হলো আল্লাহ, তাঁর ফেরেশতাগণ, কিতাব, রাসূল, আখিরাত এবং পুনর্জন্মে বিশ্বাস করা। তিনি আরও বলেন, ইসলাম হলো আল্লাহর ইবাদত করা, তাঁর সাথে কিছু শিরক না করা, নামাজ আদায় করা, যাকাত দেওয়া এবং রমজান মাসে রোজা রাখা। রাসূল (সা.) বলেন, ইহসান হলো এমনভাবে আল্লাহর ইবাদত করা যেন তুমি তাঁকে দেখছো, আর যদি তুমি তাঁকে না দেখো, তবে তিনি তোমাকে দেখছেন।","['muslim_99', 'muslim_97', 'bukhari_4777', 'muslim_93', 'bukhari_4627']",muslim_1985,"['muslim_1985', 'bukhari_4545', 'bukhari_3322', 'muslim_3671', 'muslim_6746', 'bukhari_2950', 'bukhari_7040', 'bukhari_5510', 'bukhari_4311', 'muslim_434']"
C1182,"আমি শুনেছি যে, একবার একজন বলেছিলেন যে, আমাদের হাতগুলোকে হাঁটুর উপর রাখতে বলা হয়েছে এবং এর আগে আমরা অন্যভাবে বসার চেষ্টা করেছিলাম, কিন্তু আমাদের তা করতে নিষেধ করা হয়েছে।","['bukhari_790', 'muslim_1194', 'muslim_1197', 'muslim_1112', 'muslim_5259']",bukhari_6770,"['bukhari_6770', 'bukhari_2614', 'bukhari_5583', 'muslim_495', 'bukhari_6248', 'bukhari_6220', 'bukhari_5959', 'bukhari_4029', 'muslim_2086', 'bukhari_3704']"
C1186,"নবী মুহাম্মদ (সা.) বলেছেন, বিধবা নারীর সাথে বিয়ে করার আগে তার অনুমতি নেওয়া উচিত এবং কুমারী নারীর বিয়ের জন্য তার সম্মতি প্রয়োজন, যা সে চুপ করে জানাতে পারে।","['muslim_3473', 'bukhari_5136', 'bukhari_6968', 'bukhari_6970', 'muslim_3477']",muslim_6746,"['muslim_6746', 'muslim_483', 'bukhari_297', 'bukhari_284', 'muslim_1985', 'muslim_3834', 'bukhari_255', 'bukhari_823', 'bukhari_5257', 'bukhari_5510']"
C1190,"আমার বন্ধুদের মাধ্যমে আমি নবী (সা.)-এর কাছে গিয়েছিলাম এবং তাঁকে বলেছিলাম যে আমরা কিছু বোঝার চেষ্টা করছি। নবী (সা.) তখন বললেন, ""আমি তোমাদের উপর কিছু চাপিয়ে দিচ্ছি না,"" কিন্তু পরে আমাকে বললেন, ""তোমাদের জন্য আল্লাহ বা আল্লাহর রসুল (সা.) সাহায্য করবেন।""","['bukhari_6678', 'muslim_4264', 'bukhari_4415', 'muslim_3743', 'muslim_4263']",bukhari_5984,"['bukhari_5984', 'muslim_483', 'bukhari_6996', 'bukhari_429', 'bukhari_5032.2', 'muslim_434', 'bukhari_7435', 'bukhari_3719', 'bukhari_109', 'bukhari_6505']"
C1193,"নবী সাল্লাল্লাহু আলাইহি ওয়াসাল্লাম বলেছেন যে, ফল বিক্রি করা যাবে না যতক্ষণ না তা পাকা হয়। তিনি আরও বলেছেন যে, ফলের বিক্রির জন্য শুধুমাত্র দিনার এবং দিরহাম ব্যবহার করতে হবে, তবে কিছু বিশেষ ক্ষেত্রে এর ব্যতিক্রম হতে পারে।","['bukhari_2189', 'muslim_3908', 'bukhari_2381', 'muslim_3878', 'muslim_3910']",muslim_2709,"['muslim_2709', 'muslim_3645', 'muslim_4203', 'muslim_6970', 'muslim_6429', 'muslim_5869', 'muslim_4866', 'muslim_6139', 'muslim_3576', 'muslim_3853']"
C1195,"আমি শুনেছি যে, উমর ইবন খাত্তাব বলেছেন, যদি কোনো মুসলিমের জন্য চারজন ভালো কথা বলে, তাহলে আল্লাহ তাকে জান্নাতে প্রবেশ করাবেন। তিনি আরও বলেছেন, তিনজন বা দুইজনের জন্যও একই কথা প্রযোজ্য।","['bukhari_1368', 'muslim_2200', 'bukhari_2643', 'bukhari_2642', 'bukhari_1367']",muslim_434,"['muslim_434', 'bukhari_297', 'bukhari_342', 'muslim_1269', 'bukhari_823', 'muslim_1985', 'bukhari_1923', 'muslim_6746', 'bukhari_921', 'bukhari_5860']"
C1196,"একজন ব্যক্তি বলেছেন যে, কিয়ামতের দিন একজন মানুষকে জাহান্নামে নিয়ে যাওয়া হবে এবং সেখানে তার দড়ি খুলে যাবে, ফলে সে সেখানে ঘুরতে থাকবে। তখন জাহান্নামের লোকেরা তাকে বলবে, তুমি তো আমাদের ভালো কাজ করতে বলতে এবং খারাপ কাজ থেকে বিরত থাকতে বলতে, কিন্তু তুমি নিজে তা করনি।","['bukhari_3267', 'muslim_7483', 'bukhari_7098', 'muslim_451', 'muslim_7268']",bukhari_2950,"['bukhari_2950', 'bukhari_3322', 'muslim_6746', 'bukhari_2326', 'bukhari_4029', 'bukhari_1950', 'bukhari_5510', 'bukhari_4062', 'bukhari_3638', 'muslim_2086']"
C1203,"আমি শুনেছি যে, রাসূলুল্লাহ (সা.) বলেছেন, যদি কারো মাথায় কিছু সমস্যা হয়, তাহলে তাকে মাথা কামাতে হবে। এরপর তিনি বলেছেন, তিন দিন রোজা রাখতে হবে, অথবা ছয়জন মিসকিনকে দান করতে হবে, অথবা যা কিছু সহজ হয় তা করতে হবে।","['muslim_2880', 'bukhari_1815', 'muslim_2879', 'muslim_2883', 'muslim_2881']",bukhari_5257,"['bukhari_5257', 'muslim_495', 'bukhari_1162', 'bukhari_6505', 'muslim_575', 'muslim_6162', 'muslim_4203', 'bukhari_5984', 'muslim_5848', 'muslim_281']"
C1204,"আমি শুনেছি যে, রাসূলুল্লাহ (সা.) এক যুবককে একটি ছাগল চামড়া ছাড়াতে দেখে তাকে বললেন, ""একটু সরে দাঁড়াও, আমি তোমাকে দেখাবো।"" এরপর তিনি নিজে হাতে চামড়া ছাড়ানোর পদ্ধতি দেখালেন এবং তারপর মানুষদের জন্য নামাজ পড়তে গেলেন, অথচ তিনি অজু করেননি।","['muslim_7356', 'muslim_5404', 'muslim_3743', 'muslim_6025', 'muslim_4437']",muslim_483,"['muslim_483', 'bukhari_4545', 'bukhari_429', 'bukhari_3322', 'bukhari_205', 'muslim_514', 'bukhari_4923', 'bukhari_5726', 'muslim_3834', 'bukhari_7395']"
C1205,"নবী (সাল্লাল্লাহু আলাইহি ওয়া সাল্লাম) বলেছেন, আমাদের উচিত নিজের পরিশ্রমের মাধ্যমে উপার্জন করা এবং তা থেকে খাওয়া ও দান করা। মানুষের কাছে হাত পাতার চেয়ে এই উপায়টি অনেক ভালো।","['bukhari_1480', 'muslim_2400', 'bukhari_2075', 'bukhari_2373', 'bukhari_1470']",muslim_2043,"['muslim_2043', 'muslim_5868', 'bukhari_2200', 'muslim_2762', 'muslim_2568', 'muslim_5281', 'bukhari_5530', 'muslim_1849', 'bukhari_3637', 'muslim_5655']"
C1208,"রাসূলুল্লাহ (সা.) বলেছেন, আমাদের কাউকে ""আমার দাস"" বলা উচিত নয়, কারণ আমরা সবাই আল্লাহর দাস। বরং আমাদের ""আমার যুবক"" বলা উচিত এবং ""আমার দাস"" বলার পরিবর্তে ""আমার প্রভু"" বলা উচিত।","['muslim_5875', 'muslim_5874', 'muslim_5877', 'muslim_5878', 'bukhari_6179']",muslim_789,"['muslim_789', 'muslim_933', 'muslim_2140', 'muslim_7307', 'bukhari_6145', 'muslim_6710', 'muslim_4850', 'bukhari_114', 'muslim_1849', 'bukhari_5084']"
C1212,"নবী মুহাম্মদ (সা.) বলেছেন, আমাদের উচিত শুধু তিনটি মসজিদে সফর করা: মসজিদ আল-হারাম, তাঁর মসজিদ এবং মসজিদ আল-আকসা।","['muslim_3384', 'bukhari_1189', 'muslim_3263', 'bukhari_1995', 'muslim_3386']",bukhari_3994,"['bukhari_3994', 'muslim_2140', 'bukhari_7386', 'bukhari_2633', 'muslim_933', 'bukhari_5091', 'bukhari_6145', 'bukhari_5084', 'muslim_3208', 'muslim_618']"
C1213,"নবী (সা.) বলেছেন, যখন তিনটি ঘটনা ঘটবে, তখন কোন মানুষের ঈমান তার কাজে আসবে না যদি সে আগে ঈমান না আনে। এই তিনটি ঘটনা হলো: দাজ্জালের আবির্ভাব, দাব্বাতুল আরদ এবং সূর্য পশ্চিম দিক থেকে উদিত হওয়া।","['muslim_398', 'muslim_396', 'muslim_399', 'bukhari_4635', 'bukhari_4636']",muslim_4866,"['muslim_4866', 'bukhari_6145', 'muslim_6794', 'bukhari_6791', 'muslim_6945', 'muslim_3540', 'muslim_7071', 'muslim_618', 'muslim_1845', 'muslim_471']"
C1214,"আমি শুনেছি, রাসূলুল্লাহ (সা.) তাবুকের যুদ্ধে বের হয়েছিলেন এবং তিনি আমাদের বলেছিলেন যে, যিনি দ্রুত আসতে চান, তিনি আমার সাথে আসতে পারেন এবং যিনি থাকতে চান, তিনি থাকতে পারেন। তারপর তিনি শহরের দিকে এগিয়ে যেতে যেতে বললেন, ""এটি হলো তাবা এবং এটি হলো উহুদ, এটি একটি পাহাড় যা আমাদের ভালোবাসে এবং আমরা এটি ভালোবাসি।""","['muslim_3371', 'muslim_5948', 'bukhari_4422', 'muslim_5947', 'bukhari_1872']",bukhari_3322,"['bukhari_3322', 'bukhari_4545', 'bukhari_4311', 'bukhari_7040', 'muslim_1985', 'bukhari_5396', 'bukhari_7038', 'bukhari_2950', 'bukhari_1534', 'bukhari_288']"
C1221,"আমি শুনেছি যে, এক ব্যক্তি তার স্ত্রীর তালাক দিয়েছিল যখন সে মাসিকের মধ্যে ছিল। তখন عمر বিন খাত্তাব রাসূলুল্লাহর কাছে এ বিষয়ে জিজ্ঞাসা করেছিলেন, এবং রাসূলুল্লাহ বলেছেন, তাকে বলো যেন সে স্ত্রীকে ফিরিয়ে নেয় এবং তারপর মাসিক শেষ হওয়া পর্যন্ত অপেক্ষা করে।","['muslim_3652', 'bukhari_5251', 'muslim_3656', 'muslim_3654', 'muslim_3653']",muslim_495,"['muslim_495', 'muslim_6970', 'bukhari_1073', 'muslim_5694', 'muslim_3509', 'bukhari_4751', 'muslim_3265', 'muslim_2062', 'bukhari_6289', 'muslim_4249']"
C1224,"আমি শুনেছি, আয়েশা (রা) বলেছিলেন যে, নবী (সা) তার হাতে কিছু সোনালী অলঙ্কার দেখে জিজ্ঞেস করেছিলেন, ""এগুলো কী?"" আয়েশা (রা) বলেছিলেন, ""আমি এগুলো তোমার জন্য সাজানোর জন্য তৈরি করেছি।"" নবী (সা) তখন বলেছিলেন, ""তুমি কি এগুলোর জাকাত দাও?"" আয়েশা (রা) বলেছিলেন, ""না,"" তখন নবী (সা) বললেন, ""এটাই তোমার জন্য আগুনের শাস্তি।""","['muslim_7110', 'muslim_2714', 'muslim_3568', 'muslim_3696', 'muslim_3691']",bukhari_6997,"['bukhari_6997', 'bukhari_5984', 'bukhari_5032.2', 'bukhari_1073', 'bukhari_6505', 'bukhari_6996', 'bukhari_4805', 'bukhari_6056', 'bukhari_6145', 'bukhari_429']"
C1225,"নবীজি (সাল্লাল্লাহু আলাইহি ওয়া সাল্লাম) বলেছেন, ছেলে শিশুর প্রস্রাব মুছে ফেলার জন্য শুধু ছিটিয়ে দেওয়া যথেষ্ট, কিন্তু মেয়ে শিশুর প্রস্রাব ধোয়া প্রয়োজন।","['muslim_3557', 'muslim_4294', 'muslim_4497', 'muslim_1500', 'muslim_5292']",muslim_450,"['muslim_450', 'muslim_495', 'bukhari_342', 'bukhari_518', 'bukhari_5257', 'muslim_3610', 'muslim_3496', 'muslim_5163', 'muslim_3834', 'muslim_2878']"
C1226,"আল্লাহ আমাকে তোমার পথে শহীদ হওয়ার সুযোগ দাও, এবং আমার মৃত্যু যেন তোমার রাসূলের শহরে হয়।","['bukhari_1890', 'muslim_4600', 'muslim_3337', 'muslim_6903', 'muslim_1797']",muslim_495,"['muslim_495', 'bukhari_4055', 'bukhari_7435', 'muslim_3265', 'bukhari_284', 'muslim_6344', 'muslim_434', 'bukhari_5769', 'bukhari_3595.2', 'muslim_6746']"
C1229,"আমি শুনেছি, রাসূলুল্লাহ (সা.) বলেছেন যে আল্লাহ আমাদের পিতাদের নামে শপথ করতে নিষেধ করেছেন। عمر বললেন, আমি রাসূলুল্লাহ (সা.)-এর এই কথা শোনার পর থেকে কখনো পিতাদের নামে শপথ করিনি।","['muslim_4254', 'bukhari_6647', 'muslim_4257', 'muslim_4255', 'muslim_124']",muslim_6970,"['muslim_6970', 'muslim_5848', 'muslim_575', 'bukhari_6791', 'bukhari_1162', 'muslim_5796', 'bukhari_6056', 'bukhari_3595.2', 'muslim_3514', 'bukhari_5032.2']"
C1230,"বিলাল বলেছিলেন যে, যখন আগুন এবং ঘণ্টার কথা বলা হলো, তখন ইহুদী ও খ্রিস্টানদের কথা মনে পড়লো। তাই তিনি আজানের জন্য শাফা দিতে এবং ইকামতকে সংক্ষেপ করতে নির্দেশ দিলেন।","['bukhari_3457', 'bukhari_603', 'muslim_839', 'bukhari_606', 'bukhari_605']",muslim_6970,"['muslim_6970', 'bukhari_6145', 'muslim_4910', 'muslim_471', 'muslim_3440', 'bukhari_1073', 'bukhari_5084', 'muslim_6635', 'muslim_3357', 'muslim_5795']"
C1234,"রাসূলুল্লাহ (সা.) বলেছেন, আশুরার দিনে যদি কেউ খেয়ে থাকে, তাহলে তারা যেন বাকি দিনটি পূর্ণ করে এবং যারা রোজা রেখেছে, তারা যেন তাদের রোজা সম্পূর্ণ করে।","['bukhari_2007', 'bukhari_7265', 'muslim_306', 'muslim_2668', 'muslim_3514']",muslim_495,"['muslim_495', 'muslim_6162', 'muslim_208', 'muslim_4203', 'muslim_3265', 'muslim_6429', 'muslim_2410', 'bukhari_5257', 'muslim_5796', 'muslim_575']"
C1235,"নবী মুহাম্মদ (সা.) বলেছেন, যে ব্যক্তি জানাজার নামাজ পড়বে, তার জন্য এক কিরাত পুরস্কার রয়েছে। আর যে জানাজার সাথে দাফন পর্যন্ত থাকবে, তার জন্য দুই কিরাত পুরস্কার রয়েছে। তিনি আরও বলেছেন, এক কিরাত উহুদ পর্বতের চেয়েও বড়।","['muslim_2196', 'muslim_2189', 'muslim_2193', 'muslim_2192', 'bukhari_1325']",muslim_3208,"['muslim_3208', 'muslim_913', 'muslim_789', 'muslim_3981', 'muslim_3639', 'muslim_4940', 'muslim_4850', 'muslim_7167', 'bukhari_3994', 'muslim_5875']"
C1236,রাসূলুল্লাহ (সা.) খাইবারে অভিযান চালান এবং সেখানে বিজয় অর্জন করেন। এরপর তিনি বন্দীদের একত্রিত করেন।,"['muslim_3497', 'muslim_4665', 'bukhari_371', 'muslim_6978', 'muslim_4582']",muslim_6012,"['muslim_6012', 'muslim_5159', 'muslim_5921', 'muslim_3273', 'muslim_5917', 'muslim_1832', 'muslim_6431', 'bukhari_2678', 'muslim_3208', 'muslim_1094']"
C1238,"আল্লাহ বলেছেন যে, যখন আমি চৌদ্দ বছর বয়সী ছিলাম, তখন আমাকে ছোট মনে করা হয়েছিল।","['muslim_4838', 'muslim_4837', 'muslim_3780', 'muslim_4817', 'bukhari_2664']",muslim_495,"['muslim_495', 'bukhari_4055', 'muslim_3612', 'bukhari_4545', 'muslim_434', 'bukhari_297', 'muslim_483', 'muslim_3265', 'muslim_3539', 'bukhari_109']"
C1239,"নবী (সা.) বলেছেন, আল্লাহ কুরআনকে তিনটি অংশে ভাগ করেছেন এবং ""কুল হুয়াল্লাহু আহাদ"" কুরআনের একটি অংশ।","['muslim_1887', 'muslim_1886', 'muslim_1888', 'muslim_1889', 'bukhari_3945']",bukhari_3994,"['bukhari_3994', 'muslim_3208', 'muslim_2140', 'muslim_3639', 'muslim_1832', 'muslim_4850', 'bukhari_1935', 'bukhari_6145', 'muslim_789', 'bukhari_5084']"
C1244,"আমি শুনেছি যে, একজন মহিলা তানিম থেকে উমরাহ করতে বের হন এবং রাসূলুল্লাহ (সা.) তাকে আবতাহে অপেক্ষা করেন যতক্ষণ না তিনি তার উমরাহ সম্পন্ন করেন। এরপর রাসূলুল্লাহ (সা.) কাবার চারপাশে তাওয়াফ করেন এবং বের হয়ে যান।","['muslim_2922', 'muslim_2911', 'muslim_2919', 'muslim_2912', 'muslim_2910']",bukhari_4923,"['bukhari_4923', 'muslim_3834', 'bukhari_3322', 'bukhari_4545', 'muslim_495', 'muslim_434', 'muslim_483', 'muslim_514', 'muslim_1985', 'muslim_6746']"
C1246,"নবীজি বলেছেন, যদি তোমাদের মধ্যে কেউ ইশা নামাজে উপস্থিত হয়, তাহলে সে যেন সুগন্ধি ব্যবহার না করে।","['muslim_997', 'muslim_3740', 'muslim_996', 'muslim_3728', 'muslim_4666']",muslim_495,"['muslim_495', 'bukhari_5984', 'bukhari_5257', 'muslim_3265', 'bukhari_6056', 'bukhari_1162', 'bukhari_444', 'bukhari_6505', 'bukhari_3595.2', 'bukhari_284']"
C1249,"রাসূলুল্লাহ (সা.) বলেছেন, পৃথিবীর বিভিন্ন বরকত আমাদের জন্য উদ্বেগের কারণ হতে পারে। তিনি বলেছিলেন, যে ব্যক্তি সৎভাবে সম্পদ অর্জন করে এবং তা আল্লাহর পথে ব্যয় করে, সে সত্যিই সফল। কিন্তু যারা অসৎভাবে সম্পদ অর্জন করে, তারা কখনোই সন্তুষ্ট হতে পারবে না এবং তাদের জন্য কিয়ামতের দিন কঠিন হিসাব হবে।","['bukhari_2842', 'muslim_2423', 'muslim_2422', 'muslim_2421', 'bukhari_1465']",muslim_4597,"['muslim_4597', 'muslim_1845', 'muslim_3332', 'muslim_4866', 'muslim_6342', 'muslim_3357', 'muslim_6669', 'muslim_5118', 'muslim_6429', 'muslim_5919']"
C1250,নবী মুহাম্মদ (সা.) খাবার বা পানিতে নিঃশ্বাস নিতেন না এবং পাত্রে ফুঁক দিতেন না।,"['muslim_613', 'muslim_6959', 'muslim_6151', 'bukhari_153', 'bukhari_154']",muslim_4866,"['muslim_4866', 'muslim_6996', 'muslim_2762', 'muslim_1148', 'muslim_789', 'muslim_1849', 'muslim_5118', 'muslim_933', 'muslim_3731', 'muslim_6521']"
C1254,"নবী সাল্লাল্লাহু আলাইহি ওয়াসাল্লাম বলেছেন, আল্লাহ আমাদের মায়েদের প্রতি অবাধ্য হওয়া, মেয়েদের হত্যা করা, অপ্রয়োজনীয় প্রশ্ন করা এবং অর্থের অপচয় করা নিষিদ্ধ করেছেন।","['muslim_4483', 'bukhari_5975', 'bukhari_2408', 'muslim_4486', 'muslim_4481']",muslim_1985,"['muslim_1985', 'muslim_5964', 'muslim_6746', 'muslim_4034', 'muslim_3671', 'muslim_3876', 'muslim_1280', 'bukhari_7040', 'bukhari_5840', 'muslim_3822']"
C1255,"যে কেউ আল্লাহর ভয়ে কাঁদে, তার জন্য জাহান্নামের আগুনের খাদ্য হবে না, যতক্ষণ না দুধ আবার উর্বর গর্ভে ফিরে আসে। আর আল্লাহর পথে যে ধুলো জমে, তা কখনোই মুসলিমের নাকে জাহান্নামের ধোঁয়ার সঙ্গে মিলে যাবে না।","['muslim_4895', 'muslim_454', 'muslim_2290', 'muslim_7521', 'muslim_4869']",muslim_789,"['muslim_789', 'muslim_6945', 'muslim_4866', 'muslim_2506', 'muslim_3344', 'muslim_3799', 'muslim_1085', 'muslim_6594', 'muslim_6551', 'muslim_1845']"
C1259,"রাসূলুল্লাহ (সা.) এর ওজু করার পদ্ধতি এমন ছিল যে, তিনি প্রথমে হাত তিনবার ধোয়ার পর এক হাত দিয়ে মুখ এবং নাক মুছতেন। এরপর তিনি মুখ তিনবার ধোয়ার পর হাত দুইবার কনুই পর্যন্ত ধোয়ার পর মাথা মুছতেন এবং শেষমেশ পা দুটি টাখনু পর্যন্ত ধোতেন।","['muslim_555', 'bukhari_186', 'bukhari_192', 'bukhari_191', 'bukhari_199']",muslim_471,"['muslim_471', 'bukhari_6791', 'muslim_6970', 'bukhari_158', 'bukhari_6505', 'muslim_6136', 'muslim_6531', 'muslim_575', 'bukhari_5257', 'muslim_3514']"
C1260,"একজন বেদুইন নবী মুহাম্মদ (সা.)-এর কাছে এসে জিজ্ঞেস করেছিল, ""ছবি কী?"" নবী (সা.) উত্তর দিয়েছিলেন, ""একটি শিং আছে, যাতে ফুঁ দেওয়া হয়।""","['muslim_6151', 'muslim_5533', 'muslim_5517', 'muslim_6025', 'muslim_4431']",bukhari_3994,"['bukhari_3994', 'bukhari_6145', 'muslim_6635', 'muslim_3208', 'muslim_3639', 'muslim_3731', 'muslim_4910', 'muslim_1832', 'muslim_1875', 'bukhari_5091']"
C1261,"আমি শুনেছি যে, মক্কায় নামাজ ফরজ করা হয়েছিল এবং দুই ফেরেশতা নবী মুহাম্মদ (সা.)-কে জমজমের কাছে নিয়ে গিয়ে তাঁর পেট চিরে সেখানে থেকে তাঁর অন্তর বের করে একটি সোনালী পাত্রে ধোয়া হয়েছিল। এরপর তাঁকে জ্ঞান ও হিকমত দিয়ে পূর্ণ করা হয়েছিল।","['muslim_413', 'muslim_412', 'muslim_417', 'bukhari_1636', 'bukhari_3261']",bukhari_297,"['bukhari_297', 'muslim_3834', 'bukhari_4866', 'bukhari_4923', 'muslim_483', 'bukhari_255', 'bukhari_5406', 'bukhari_643', 'muslim_495', 'muslim_1985']"
C1262,"আমি শুনেছি যে আলী (আ.) বলেছেন, মুসলমানদের রক্ত একে অপরের জন্য সমান এবং তারা সবাই একসাথে দাঁড়িয়ে থাকে। তিনি আরও বলেছেন, কোনো মুসলমানকে কাফিরের জন্য হত্যা করা যাবে না এবং যে কেউ নতুন কিছু ঘটাবে বা ঘটনার সহায়তা করবে, তার ওপর আল্লাহ, ফেরেশতা এবং সমস্ত মানুষের অভিশাপ থাকবে।","['muslim_3794', 'muslim_3327', 'muslim_3323', 'muslim_3330', 'bukhari_3179']",muslim_434,"['muslim_434', 'bukhari_823', 'bukhari_3595.2', 'bukhari_5257', 'bukhari_4029', 'muslim_483', 'bukhari_297', 'bukhari_284', 'bukhari_6056', 'bukhari_717']"
C1275,"আমি শুনেছি, রাসূলুল্লাহ (সা.) বলেছেন যে, আমাকে নির্দেশ দেওয়া হয়েছে মানুষদের সাথে যুদ্ধ করতে যতক্ষণ না তারা বলবে ""আল্লাহ ছাড়া কোনো ইলাহ নেই।"" যখন তারা এই কথা বলবে, তখন তাদের রক্ত ও সম্পদ আমার থেকে রক্ষা পাবে, তবে তাদের হিসাব আল্লাহর কাছে।","['muslim_127', 'bukhari_392', 'muslim_6222', 'bukhari_25', 'muslim_124']",bukhari_1162,"['bukhari_1162', 'bukhari_5984', 'bukhari_4805', 'bukhari_5257', 'bukhari_6056', 'muslim_5848', 'muslim_575', 'bukhari_1073', 'muslim_281', 'muslim_5796']"
C1277,"নবী সাল্লাল্লাহু আলাইহি ওয়া সাল্লাম বলেছেন, জ্বর হল জাহান্নামের উত্তাপ, তাই এর চিকিৎসা করতে পানি দিয়ে ঠাণ্ডা করতে হবে।","['muslim_5755', 'muslim_5751', 'muslim_5752', 'bukhari_3264', 'bukhari_5725']",muslim_6746,"['muslim_6746', 'muslim_4034', 'muslim_5964', 'muslim_3876', 'bukhari_3322', 'muslim_1280', 'muslim_1985', 'muslim_6987', 'muslim_2822', 'muslim_3671']"
C1278,"আয়েশা বলেছেন, আমি যেন রাসূলুল্লাহ (সাল্লাল্লাহু আলাইহি ওয়াসাল্লাম) এর মাথার মাঝে মেশক এর উজ্জ্বলতা দেখতে পাচ্ছি যখন তিনি ইহরাম পরিধান করেছিলেন।","['muslim_2839', 'bukhari_5918', 'bukhari_271', 'muslim_2832', 'muslim_2834']",muslim_495,"['muslim_495', 'bukhari_284', 'muslim_434', 'bukhari_7435', 'bukhari_643', 'muslim_514', 'muslim_2207', 'muslim_6746', 'muslim_3834', 'muslim_483']"
C1279,"রাসূলুল্লাহ (সাল্লাল্লাহু আলাইহি ওয়া সাল্লাম) বলেছেন যে, মাথার চুলের কিছু অংশ কেটে ফেলা উচিত নয়।","['muslim_5559', 'bukhari_5921', 'muslim_5190', 'muslim_5053', 'muslim_1218']",muslim_495,"['muslim_495', 'muslim_1477', 'muslim_3265', 'muslim_3514', 'muslim_4845', 'muslim_5694', 'muslim_3539', 'muslim_3509', 'muslim_1866', 'muslim_4406']"
C1281,"নবী মুহাম্মদ (সা.) বলেছেন, যদি কেউ অজু না করে তাহলে তার নামাজ আল্লাহ গ্রহণ করবেন না।","['muslim_537', 'bukhari_6954', 'muslim_3323', 'bukhari_135', 'muslim_1748']",muslim_789,"['muslim_789', 'muslim_3208', 'bukhari_3994', 'muslim_3639', 'muslim_913', 'muslim_3981', 'muslim_882', 'muslim_4850', 'muslim_1832', 'muslim_6710']"
C1282,"নবী মুহাম্মদ সাল্লাল্লাহু আলাইহি ওয়াসাল্লাম যখন জানাবার পর গোসল করতেন, তখন তিনি কিছু পানি নিয়ে প্রথমে ডান পাশে এবং পরে বাম পাশে মাথায় ঢালতেন।","['muslim_725', 'bukhari_258', 'muslim_1792', 'muslim_3155', 'muslim_743']",muslim_6746,"['muslim_6746', 'muslim_3876', 'bukhari_3322', 'muslim_4034', 'muslim_5964', 'muslim_3822', 'muslim_6987', 'muslim_1985', 'muslim_2822', 'muslim_450']"
C1285,"আবু তালিব বলেছেন, রাসূলুল্লাহ (সা.) বলেছেন যে, আল্লাহ দুধপান থেকে সেই সব সম্পর্ক নিষিদ্ধ করেছেন যেগুলি বংশগত সম্পর্কের মতো।","['muslim_6995', 'muslim_5187', 'muslim_3205', 'muslim_4048', 'muslim_2845']",muslim_495,"['muslim_495', 'muslim_6531', 'muslim_3514', 'bukhari_5257', 'muslim_2410', 'muslim_4845', 'muslim_5979', 'muslim_3265', 'muslim_7440', 'muslim_3834']"
C1287,"নবী (সা) বলেছেন, যদি তুমি শুক্রবারের খুতবার সময় তোমার বন্ধুকে চুপ থাকতে বলো, তাহলে তুমি ব্যর্থ হয়েছ। আবু হুরায়রা (রা) এর ভাষায়, এটা এমন একটি বিষয় যা আমাদের জানা উচিত।","['muslim_1968', 'muslim_1965', 'bukhari_934', 'muslim_2024', 'muslim_1988']",bukhari_6145,"['bukhari_6145', 'muslim_933', 'muslim_618', 'muslim_4866', 'bukhari_5084', 'bukhari_6791', 'muslim_6794', 'muslim_7071', 'muslim_806', 'bukhari_7386']"
C1290,"নবী সাল্লাল্লাহু আলাইহি ওয়াসাল্লাম একটি ভাষণ দিয়েছিলেন, যেখানে তিনি কিয়ামত পর্যন্ত সব বিষয় উল্লেখ করেছেন। যিনি জানেন তিনি জানেন, এবং যিনি জানেন না তিনি জানেন না।","['bukhari_6604', 'muslim_7263', 'muslim_3944', 'muslim_6850', 'muslim_4477']",bukhari_3994,"['bukhari_3994', 'muslim_3639', 'muslim_3208', 'muslim_6342', 'muslim_1889', 'muslim_6292', 'muslim_6635', 'muslim_2191', 'muslim_1875', 'muslim_1832']"
C1295,"হুযায়ফা বলেছেন, মাওয়ান যখন মদিনার আমির হয়েছিলেন, তখন তিনি নামাজে দাঁড়িয়ে প্রথমে আল্লাহর মহিমা গাইতেন এবং রুকু করার সময়ও আল্লাহর মহিমা গাইতেন। নামাজ শেষ করে তিনি মসজিদের লোকদের বলেছিলেন, ""আমি আল্লাহর রাসূলের নামাজের সাথে খুব মিল আছে।""","['bukhari_789', 'bukhari_803', 'muslim_868', 'muslim_2091', 'muslim_870']",muslim_495,"['muslim_495', 'muslim_514', 'muslim_3834', 'bukhari_429', 'muslim_483', 'bukhari_3322', 'bukhari_3999', 'bukhari_4029', 'bukhari_7115', 'bukhari_7395']"
C1296,"আবু জাহল আল্লাহর কাছে বলেছিল, ""যদি এটি তোমার পক্ষ থেকে সত্য হয়, তাহলে আমাদের ওপর আকাশ থেকে পাথর বর্ষণ করো অথবা আমাদের ওপর কঠিন শাস্তি পাঠাও।"" কিন্তু আল্লাহ তাদের শাস্তি দেননি, কারণ তারা ছিল মসজিদে হারামের কাছে এবং আল্লাহ তাদের ক্ষমা করছিলেন।","['muslim_7064', 'bukhari_4649', 'bukhari_4648', 'muslim_1180', 'bukhari_7455']",muslim_2762,"['muslim_2762', 'muslim_5118', 'muslim_3357', 'bukhari_1073', 'bukhari_6145', 'muslim_1849', 'muslim_933', 'muslim_1148', 'bukhari_3994', 'muslim_3332']"
C1297,"আমি শুনেছি যে, আল্লাহর রাসূল (সা.) এবং তাঁর পরিবার এক মাস ধরে শুধু খেজুর ও পানি খেয়ে কাটিয়েছিলেন, কোনো আগুনে রান্না করা খাবার ছিল না।","['bukhari_6458', 'muslim_119', 'muslim_2662', 'muslim_2520', 'muslim_1739']",muslim_495,"['muslim_495', 'bukhari_2614', 'bukhari_284', 'muslim_3834', 'muslim_6531', 'bukhari_518', 'muslim_6970', 'bukhari_5257', 'muslim_208', 'muslim_2410']"
C1301,"আমি শুনেছি যে, রমজানের রোজা যদি কেউ রাখতে না পারে, তাহলে সে শাবানের মাসে তা পূরণ করতে পারবে। এটি রাসূলুল্লাহ (সা.) এর একটি শিক্ষা।","['muslim_2687', 'bukhari_1950', 'muslim_2721', 'muslim_6009', 'muslim_716']",muslim_495,"['muslim_495', 'muslim_3834', 'muslim_450', 'muslim_6652', 'muslim_3862', 'muslim_1666', 'muslim_3610', 'muslim_2207', 'muslim_7188', 'muslim_3265']"
C1303,"আমি শুনেছি যে, তিনি সকালে পানি নিয়ে এসে ডান হাতে পানি নিয়ে বাম হাতে ঢেলে তিনবার হাত ধোয়ার পর, ডান হাতে পানি নিয়ে তিনবার মুখে গুলে এবং তিনবার নাসিকায় পানি নেন। এরপর তিনি মাথার সামনে ও পেছনে একবার হাত বুলিয়ে নেন।","['bukhari_192', 'muslim_555', 'bukhari_1934', 'muslim_539', 'muslim_559']",muslim_3456,"['muslim_3456', 'muslim_4698', 'muslim_6772', 'muslim_3445', 'muslim_5428', 'muslim_7394', 'bukhari_2430', 'muslim_2657', 'muslim_5471', 'muslim_1336']"
C1304,"আমার এক বন্ধু বলেছে যে, উমর (রা.) মনে করতেন যে, হজের সময় পাথর নিক্ষেপ করা একটি সুন্নত। তিনি বলেন, নবী (সা.) এবং তার পরবর্তী খলিফারাও এই পদ্ধতি অনুসরণ করেছেন।","['muslim_3168', 'muslim_3165', 'muslim_3166', 'muslim_4837', 'muslim_936']",muslim_495,"['muslim_495', 'bukhari_4545', 'bukhari_4692', 'bukhari_7395', 'bukhari_518', 'muslim_450', 'bukhari_6459', 'bukhari_5589', 'muslim_6531', 'muslim_3834']"
C1313,"আয়েশা বলেছেন, নবী মুহাম্মদ (সা.) তাকে সাত বছর বয়সে বিয়ে করেছিলেন এবং নয় বছর বয়সে তার কাছে গিয়েছিলেন।","['muslim_3480', 'muslim_3479', 'muslim_5616', 'muslim_756', 'muslim_3483']",muslim_6970,"['muslim_6970', 'bukhari_1073', 'muslim_471', 'muslim_575', 'bukhari_241', 'bukhari_6505', 'bukhari_6145', 'muslim_5848', 'bukhari_158', 'muslim_1371']"
C1314,"আমি শুনেছি যে ইবন আব্বাস বলেছেন, যে কেউ যদি সবুজ মাটির পাত্রে মিষ্টি পানীয় তৈরি করে, তবে সেটি পান করা উচিত নয়, যদিও তা মধুর চেয়েও মিষ্টি হোক।","['muslim_5187', 'muslim_5191', 'muslim_116', 'muslim_5190', 'muslim_4607']",muslim_6746,"['muslim_6746', 'bukhari_3322', 'muslim_3876', 'muslim_2822', 'muslim_1985', 'bukhari_288', 'muslim_3822', 'muslim_5964', 'bukhari_6908.2', 'muslim_4034']"
C1316,"নবী সাল্লাল্লাহু আলাইহি ওয়া সাল্লাম বলেছেন, আমাদের সাতটি অঙ্গের উপর সিজদা করতে হবে এবং কাপড় বা চুলের উপর সিজদা করা উচিত নয়।","['bukhari_810', 'muslim_1096', 'bukhari_816', 'bukhari_809', 'muslim_1098']",muslim_6746,"['muslim_6746', 'muslim_5964', 'muslim_4034', 'muslim_3876', 'muslim_1985', 'muslim_1280', 'bukhari_3322', 'muslim_3822', 'muslim_3671', 'muslim_6987']"
C1317,"নবী সাল্লাল্লাহু আলাইহি ওয়াসাল্লাম এবং আবু বকর রাদিয়াল্লাহু আনহু আমাকে দেখেছিলেন যখন আমি অচেতন ছিলাম। তারা আমাকে পানি দিয়ে ওযু করিয়ে দিলেন এবং আমাকে জ্ঞান ফিরিয়ে দিলেন, তখন আমি নবীজিকে বললাম, ""হে রাসূলুল্লাহ, আমার সম্পদের ব্যাপারে কী করব?"" তখন আল্লাহর নির্দেশ নাজিল হলো যে, ""তোমাদের সন্তানদের ব্যাপারে আল্লাহ তোমাদেরকে নির্দেশ দেন, পুরুষের অংশ নারীর অংশের সমান।""","['muslim_4146', 'bukhari_4577', 'muslim_4147', 'bukhari_5651', 'muslim_4145']",muslim_3834,"['muslim_3834', 'muslim_3811', 'bukhari_6996', 'muslim_514', 'bukhari_3322', 'muslim_483', 'muslim_1279', 'muslim_1985', 'bukhari_4545', 'bukhari_1923']"
C1318,"নবী মুহাম্মদ (সা.) বলেছেন, আমাদের নিজেদের সম্পদ আমাদের বংশধরের সম্পদের চেয়ে বেশি প্রিয়। তিনি বলেছেন, আমাদের যা কিছু আছে, তা আমাদের জন্যই, কিন্তু আমাদের বংশধরের জন্য যা রেখে যাই, তা তাদের জন্য।","['bukhari_6442', 'muslim_6826', 'muslim_6994', 'muslim_6991', 'muslim_5353']",bukhari_3994,"['bukhari_3994', 'muslim_3208', 'muslim_913', 'muslim_789', 'muslim_3639', 'muslim_6292', 'muslim_1832', 'muslim_933', 'muslim_4850', 'muslim_3981']"
C1319,"আমি শুনেছি, নবী (সা.) বলেছেন যে, জাহেলিয়াতের সময় আমরা যাদু করতাম। তিনি বলেছেন, আমাদের যাদুগুলো যদি শিরক না হয়, তাহলে এতে কোনো সমস্যা নেই।","['muslim_5732', 'muslim_4784', 'muslim_7244', 'muslim_5647', 'muslim_3588']",muslim_7071,"['muslim_7071', 'muslim_6794', 'muslim_933', 'bukhari_6145', 'muslim_2506', 'muslim_4368', 'muslim_997', 'bukhari_3994', 'muslim_6945', 'muslim_6433']"
C1324,"নবী সাল্লাল্লাহু আলাইহি ওয়াসাল্লাম বলেছেন যে, যিনি আল্লাহর পথে চলবেন, তিনি অবশ্যই সঠিক পথ পাবেন।","['muslim_3392', 'muslim_7228', 'muslim_4168', 'muslim_4319', 'muslim_2170']",muslim_5701,"['muslim_5701', 'muslim_6162', 'muslim_6429', 'muslim_5966', 'muslim_1371', 'muslim_3874', 'muslim_5211', 'muslim_2129', 'muslim_991', 'muslim_4536']"
C1326,"রাসূলুল্লাহ (সা.)-এর সময় সূর্যগ্রহণের সময় সবাইকে নামাজে ডাক দেওয়া হয়েছিল। তিনি দুই রাকাত নামাজ পড়লেন এবং আয়েশা (রা.) বললেন, তিনি এর আগে কখনোই এত দীর্ঘ রাকাত বা সেজদা করেননি।","['muslim_2113', 'bukhari_1051', 'muslim_2098', 'muslim_2109', 'muslim_2091']",muslim_6531,"['muslim_6531', 'muslim_495', 'muslim_3834', 'bukhari_6791', 'muslim_2410', 'bukhari_5257', 'bukhari_3595.2', 'muslim_434', 'bukhari_6459', 'bukhari_284']"
C1327,"আমি শুনেছি, আল্লাহর রাসূল (সা.) বলেছেন, কোরআন পড়ো যতক্ষণ তোমাদের হৃদয় একত্রিত থাকে। যদি তোমাদের মধ্যে মতভেদ হয়, তাহলে দাঁড়িয়ে যাও।","['muslim_6778', 'muslim_6777', 'bukhari_7365', 'bukhari_5060', 'bukhari_7364']",muslim_3208,"['muslim_3208', 'muslim_5450', 'muslim_3485', 'muslim_7167', 'muslim_1949', 'muslim_5931', 'muslim_6177', 'muslim_2752', 'muslim_5917', 'muslim_5725']"
C1328,"রাসূলুল্লাহ (সা.) বলেছেন, তোমরা এমন কিছু মানুষকে পাবে যারা নামাজ নির্ধারিত সময়ে পড়বে না। যদি তাদের সাথে পাও, তবে তাদের সাথে নামাজ পড়ো এবং সেটিকে তাসবিহ হিসেবে গণ্য করো।","['muslim_1465', 'muslim_1468', 'muslim_1471', 'muslim_1470', 'muslim_1469']",muslim_575,"['muslim_575', 'muslim_3514', 'muslim_4845', 'bukhari_5257', 'muslim_2410', 'muslim_5848', 'muslim_857', 'muslim_471', 'muslim_3373', 'muslim_6429']"
C1329,"আয়েশা বলেছেন, একজন পুরুষ তার স্ত্রীকে তিনবার তালাক দেয় এবং পরে সে অন্য একজনের সাথে বিয়ে করে। কিন্তু নতুন স্বামী তাকে স্পর্শ করার আগে তালাক দেয়। তখন রাসূলুল্লাহ (সা.) বলেছেন, প্রথম স্বামীর জন্য তার স্ত্রীকে ফিরে পাওয়ার অনুমতি নেই, যতক্ষণ না সে নতুন স্বামীর সাথে সম্পর্ক স্থাপন করে।","['bukhari_5261', 'muslim_3531', 'muslim_3529', 'muslim_3527', 'bukhari_5265']",muslim_495,"['muslim_495', 'muslim_6531', 'muslim_6970', 'muslim_471', 'muslim_2657', 'muslim_7442', 'muslim_4249', 'muslim_3373', 'muslim_5000', 'muslim_4845']"
C1330,"নবী মুহাম্মদ (সা.) আবু তালহাকে বলেছিলেন, একটি যুবককে তার সেবায় নিযুক্ত করতে। আবু তালহা আমাকে নিয়ে বের হলেন এবং আমি নবীর সেবা করছিলাম। নবী (সা.) প্রায়ই আল্লাহর কাছে দুঃখ, হতাশা, অলসতা এবং অন্যান্য খারাপ বিষয় থেকে আশ্রয় চাইতেন। এরপর, খায়বার বিজয়ের সময় নবী (সা.) صفিয়া নামের এক নারীর প্রতি আকৃষ্ট হন এবং তাকে বিয়ে করেন। নবী (সা.) তার জন্য একটি বিশেষ খাবার তৈরি করেন এবং এটি ছিল নবীর বিয়ের উৎসব।","['bukhari_2893', 'bukhari_2235', 'muslim_3321', 'bukhari_4211', 'bukhari_5425']",muslim_1985,"['muslim_1985', 'bukhari_986', 'bukhari_1160', 'bukhari_297', 'bukhari_255', 'bukhari_5599', 'bukhari_823', 'bukhari_4923', 'bukhari_1923', 'bukhari_717']"
C1332,"হযরত আবু হুরায়রা (রা) বলেছেন, রাসূলুল্লাহ (সা) আবদুল কায়েসের প্রতিনিধিদলকে বলেছেন যে, তারা কিছু বিশেষ পাত্রে পানীয় পান করা থেকে বিরত থাকবেন, তবে নিজেদের পাত্রে পানি পান করতে পারেন।","['muslim_5170', 'muslim_5178', 'muslim_5175', 'muslim_5202', 'muslim_120']",muslim_495,"['muslim_495', 'muslim_6531', 'muslim_4203', 'bukhari_5257', 'bukhari_6791', 'muslim_6970', 'muslim_208', 'muslim_3265', 'muslim_575', 'bukhari_6505']"
C1333,"আমি শুনেছি, নবী (সা.) এর সাথে সফরে ছিলাম। সেখানে কিছু মানুষ রোজা রেখেছিল এবং কিছু মানুষ রোজা ভেঙেছিল। একদিন প্রচণ্ড গরমে, রোজাদাররা ছায়ায় ছিল এবং ভেঙে দেওয়া মানুষগুলো কাজ করছিল। নবী (সা.) বললেন, ""আজ ভেঙে দেওয়া মানুষগুলো পুরস্কার নিয়ে গেল।""","['muslim_2622', 'muslim_2623', 'bukhari_2890', 'muslim_2624', 'muslim_2618']",muslim_495,"['muslim_495', 'muslim_483', 'bukhari_5984', 'muslim_3834', 'muslim_514', 'bukhari_297', 'bukhari_429', 'bukhari_7395', 'muslim_434', 'bukhari_6056']"
C1334,"আল্লাহ বলেছেন, রাসূলুল্লাহ (সা.) মুজদালিফায় পৌঁছানোর পর মাগরিব ও ইশার নামাজ একসাথে আদায় করেছেন। তিনি এই দুই নামাজের মধ্যে কিছুই পড়েননি।","['muslim_3099', 'muslim_2951', 'muslim_3101', 'muslim_5947', 'muslim_3111']",muslim_789,"['muslim_789', 'muslim_7071', 'muslim_6433', 'muslim_1889', 'muslim_1113', 'muslim_6794', 'muslim_4866', 'muslim_6669', 'muslim_5795', 'muslim_6141']"
C1335,"রাসূলুল্লাহ (সা.) বলেছেন যে, নারীদের মধ্যে যারা যুবতী এবং যাদের মাসিক চলছে, তাদেরকে মুসলমানদের দাওয়াত ও ভালো কাজের সাক্ষী হতে বের হতে হবে, তবে মাসিক অবস্থায় তারা নামাজের জায়গা থেকে দূরে থাকবে।","['bukhari_1652', 'muslim_2054', 'bukhari_324', 'bukhari_980', 'bukhari_351']",bukhari_518,"['bukhari_518', 'muslim_495', 'bukhari_4545', 'bukhari_5681', 'muslim_450', 'bukhari_6459', 'muslim_6746', 'bukhari_3322', 'bukhari_5510', 'bukhari_6989']"
C1336,"রাসূলুল্লাহ (সাল্লাল্লাহু আলাইহি ওয়াসাল্লাম) বলেছেন যে, আল-আজলানি এবং তার গর্ভবতী স্ত্রীর মধ্যে তালাক হয়েছে।","['muslim_3753', 'bukhari_5315', 'muslim_3752', 'muslim_3743', 'muslim_4603']",muslim_3208,"['muslim_3208', 'muslim_3776', 'muslim_6292', 'muslim_5159', 'muslim_3639', 'muslim_789', 'bukhari_2290', 'muslim_1832', 'muslim_4180', 'muslim_913']"
C1337,"আমি শুনেছি যে, রমজান মাসে পুরুষরা স্ত্রীদের কাছে আসতে পারতেন না এবং কিছু পুরুষ নিজেদের প্রতি অবিচার করতেন। তখন আল্লাহ তাদের প্রতি দয়া করে তাদের ভুলগুলো মাফ করে দিয়েছিলেন।","['bukhari_4508', 'muslim_2747', 'muslim_2570', 'muslim_7067', 'muslim_3009']",muslim_6970,"['muslim_6970', 'muslim_4249', 'muslim_3576', 'muslim_6531', 'muslim_2043', 'bukhari_1073', 'muslim_4203', 'muslim_471', 'muslim_1740', 'muslim_495']"
C1339,"রাসূলুল্লাহ (সা.) বলেছেন, চাঁদ না দেখা পর্যন্ত রমজান মাস শুরু করবেন না এবং রমজান শেষ না হওয়া পর্যন্ত রোজা রাখবেন।","['muslim_3654', 'muslim_1921', 'muslim_3652', 'muslim_7035', 'muslim_2528']",muslim_4866,"['muslim_4866', 'muslim_6945', 'muslim_6794', 'muslim_6141', 'muslim_3540', 'muslim_7071', 'muslim_6387', 'bukhari_3198', 'muslim_997', 'muslim_1845']"
C1341,"আমি শুনেছি, একদিন উহুদ যুদ্ধে, রাসূলুল্লাহ (সা.)-এর সাথে দুইজন সাদা পোশাক পরা সাহাবী ছিলেন, যারা তাঁর জন্য অত্যন্ত সাহসিকতার সাথে লড়াই করছিলেন। আমি তাদের আগে বা পরে কখনো দেখিনি।","['muslim_6005', 'bukhari_4054', 'muslim_6004', 'bukhari_5826', 'muslim_4918']",bukhari_297,"['bukhari_297', 'bukhari_4923', 'muslim_483', 'bukhari_4545', 'bukhari_3322', 'muslim_434', 'muslim_3834', 'bukhari_205', 'bukhari_4029', 'bukhari_643']"
C1342,"নবী সাল্লাল্লাহু আলাইহি ওয়াসাল্লাম বলেছেন, কুরআন পড়ো যতক্ষণ তোমাদের হৃদয় একত্রিত থাকে, আর যদি তোমাদের মধ্যে মতভেদ হয়, তাহলে তা থেকে দূরে সরে যাও।","['muslim_6777', 'muslim_6778', 'bukhari_5060', 'bukhari_7365', 'bukhari_7364']",muslim_495,"['muslim_495', 'bukhari_7435', 'bukhari_5257', 'bukhari_717', 'bukhari_1162', 'bukhari_444', 'muslim_434', 'bukhari_6056', 'bukhari_3595.2', 'bukhari_284']"
C1344,"আমি শুনেছি, রাসূলুল্লাহ (সা.) বলেছেন যে, তাঁর পর মানুষদের মধ্যে আবু বকর (রা.) ছাড়া আর কাউকে তাঁর মতো গ্রহণযোগ্য মনে হয়নি। তিনি আরও বলেছেন, কেউ যদি তাঁর মতো হয়ে ওঠে, তাহলে মানুষ তার প্রতি নেতিবাচক মনোভাব পোষণ করবে।","['muslim_939', 'bukhari_4445', 'muslim_1258', 'muslim_3691', 'muslim_4580']",muslim_495,"['muslim_495', 'bukhari_5257', 'muslim_3834', 'muslim_434', 'muslim_6531', 'bukhari_4545', 'bukhari_3595.2', 'muslim_483', 'bukhari_342', 'muslim_2410']"
C1346,"আবু উমামা বলেছেন, রাসূলুল্লাহ (সা.) বলেছেন, ""হে আদমের সন্তান, তুমি যদি দান করো, তা তোমার জন্য ভালো। আর যদি তুমি তা ধরে রাখো, তা তোমার জন্য খারাপ। তোমার ওপর যারা নির্ভরশীল, তাদের আগে দান করো। উপরের হাত নিচের হাতের চেয়ে ভালো।""","['muslim_2388', 'muslim_2386', 'muslim_2400', 'bukhari_5355', 'bukhari_1427']",bukhari_6505,"['bukhari_6505', 'muslim_575', 'bukhari_5984', 'bukhari_5032.2', 'bukhari_4805', 'bukhari_1073', 'bukhari_255', 'bukhari_1740', 'bukhari_7435', 'bukhari_6056']"
C1348,"নবীজি বলেছেন, যদি তুমি তোমার ভাইয়ের কাছ থেকে ফল বিক্রি কর এবং তা কোনো বিপর্যয়ের শিকার হয়, তাহলে তোমার জন্য তার থেকে কিছু নেওয়া বৈধ নয়। তোমার ভাইয়ের সম্পদকে অন্যায়ভাবে গ্রহণ করা উচিত নয়।","['muslim_3975', 'muslim_6023', 'muslim_3977', 'muslim_5063', 'muslim_7502']",muslim_6531,"['muslim_6531', 'muslim_6970', 'muslim_4203', 'bukhari_6791', 'muslim_495', 'bukhari_5257', 'muslim_5866', 'muslim_575', 'bukhari_6505', 'bukhari_1162']"
C1349,"নবীজি বলেছেন, সব মদই হারাম এবং যে ব্যক্তি এই দুনিয়ায় মদ পান করে এবং মৃত্যুর আগে তা থেকে বিরত হয় না, সে আখিরাতে মদ পান করতে পারবে না।","['muslim_5218', 'muslim_5219', 'muslim_5221', 'muslim_5224', 'muslim_5222']",muslim_495,"['muslim_495', 'muslim_6531', 'muslim_6970', 'bukhari_5257', 'bukhari_6056', 'bukhari_6791', 'muslim_208', 'muslim_471', 'muslim_4845', 'bukhari_1162']"
C1350,"একজন মহিলা বলেছেন, তিনি যখন পিরিয়ডে ছিলেন এবং তার শরীরে অন্য কিছু ছিল, তখন তিনি দেখতে পান যে তার পোশাকে একটি রক্তের দাগ পড়েছে, তখন তিনি তা নিজের ল saliva দিয়ে মুছে ফেলেন।","['bukhari_312', 'muslim_480', 'muslim_675', 'muslim_731', 'muslim_752']",muslim_495,"['muslim_495', 'bukhari_2614', 'bukhari_6686', 'muslim_304', 'bukhari_518', 'muslim_6987', 'muslim_2086', 'bukhari_4545', 'bukhari_5704', 'bukhari_5345']"
C1351,"নবী মুহাম্মদ (সা.) বলেছেন, ""হে আল্লাহ, আমি তোমার ডাকে সাড়া দিচ্ছি, তোমার কোন শরিক নেই। সমস্ত প্রশংসা এবং নেয়ামত তোমার, এবং রাজত্বও তোমার।"" ابن عمر (রা.) এর মতে, তিনি আরও বলেছেন, ""হে আল্লাহ, আমি তোমার ডাকে সাড়া দিচ্ছি, তোমার কল্যাণ আমাদের হাতে এবং আমাদের আশা তোমার কাছে।""","['muslim_2811', 'muslim_2812', 'muslim_2814', 'bukhari_1549', 'bukhari_5915']",bukhari_255,"['bukhari_255', 'bukhari_297', 'bukhari_6996', 'bukhari_5032.2', 'bukhari_5731', 'bukhari_3719', 'bukhari_7435', 'bukhari_5764', 'bukhari_5984', 'bukhari_4410']"
C1355,"আমি শুনেছি যে, রাসূলুল্লাহ (সা.) এর যুগে নারীরা ফরজ নামাজ শেষ করার পর দাঁড়িয়ে যেতেন এবং রাসূল (সা.) ও অন্যান্য পুরুষরা তখন দাঁড়িয়ে নামাজ পড়তেন।","['bukhari_866', 'muslim_4411', 'muslim_6202', 'muslim_3652', 'muslim_1047']",bukhari_4545,"['bukhari_4545', 'muslim_1985', 'muslim_4034', 'muslim_3671', 'muslim_6746', 'bukhari_3322', 'muslim_6987', 'bukhari_4311', 'muslim_1280', 'muslim_5964']"
C1357,"হজরত হুরায়রা (রা) বলেছেন, রাসূলুল্লাহ (সা) বলেছেন, একজন অশ্রাব্য ব্যক্তি, যাকে দরজায় ঠেলে দেওয়া হয়েছে, যদি আল্লাহর নামে শপথ করে, তবে আল্লাহ তার শপথ পূর্ণ করবেন।","['muslim_6682', 'muslim_7190', 'muslim_4374', 'muslim_7189', 'muslim_7187']",bukhari_6145,"['bukhari_6145', 'muslim_4866', 'muslim_7071', 'muslim_1849', 'muslim_6996', 'muslim_1148', 'muslim_5118', 'muslim_7307', 'muslim_618', 'muslim_2762']"
C1359,"নবী (সা.) বলেছেন, ""আমি তোমাদের জন্য হাউজে অপেক্ষা করছি। যে সেখানে আসবে, সে কখনো তৃষ্ণার্ত হবে না। কিন্তু কিছু লোক আছে, যারা আমার পরিচিত, তাদেরকে আমার কাছে আসতে দেওয়া হবে না।""","['muslim_5969', 'muslim_5968', 'bukhari_7051', 'bukhari_7050', 'bukhari_6584']",bukhari_3994,"['bukhari_3994', 'muslim_3208', 'muslim_913', 'muslim_997', 'muslim_3639', 'bukhari_6145', 'muslim_789', 'muslim_933', 'muslim_3981', 'muslim_6996']"
C1362,"মোশাররফ আল্লাহর কাছে জানতে চেয়েছিলেন, জান্নাতে সবচেয়ে কম ভাগ্যবান ব্যক্তি কে।","['muslim_3082', 'muslim_6228', 'muslim_7163', 'muslim_466', 'muslim_4922']",muslim_495,"['muslim_495', 'muslim_3265', 'bukhari_284', 'muslim_3509', 'muslim_4406', 'muslim_3834', 'muslim_2207', 'bukhari_643', 'bukhari_7435', 'muslim_575']"
C1363,"আমি শুনেছি, রাসূলুল্লাহ (সা.) বলেছেন যে, যে ব্যক্তি সকালে সাতটি খেজুর খায়, সে দিন তাকে কোনো বিষ বা জাদুর ক্ষতি করবে না।","['muslim_5339', 'bukhari_5769', 'bukhari_5779', 'bukhari_5445', 'bukhari_5768']",muslim_495,"['muslim_495', 'bukhari_5257', 'muslim_3265', 'muslim_3539', 'muslim_6162', 'muslim_208', 'muslim_4203', 'bukhari_5984', 'muslim_575', 'muslim_5848']"
C1364,"আমি শুনেছি যে, নবী (সা.) বলেছেন, যে নারী আল্লাহ ও পরকালের প্রতি বিশ্বাসী, তার জন্য এক দিনের সফর করা তখনই বৈধ, যখন তার সঙ্গে একজন অভিভাবক না থাকে।","['muslim_3268', 'muslim_3260', 'bukhari_1088', 'muslim_3267', 'muslim_3266']",muslim_495,"['muslim_495', 'bukhari_4545', 'muslim_434', 'bukhari_284', 'muslim_483', 'bukhari_5257', 'muslim_6746', 'bukhari_3322', 'muslim_3834', 'bukhari_518']"
C1365,"রাসূলুল্লাহ (সা.) বলেছেন যে, খেজুর, কিশমিশ এবং অন্যান্য ফলমূলের অহংকার করা উচিত নয়।","['muslim_5154', 'muslim_5162', 'muslim_5160', 'muslim_5158', 'muslim_7559']",muslim_4866,"['muslim_4866', 'muslim_7130', 'muslim_6521', 'muslim_6387', 'muslim_6996', 'muslim_6141', 'muslim_4290', 'muslim_6520', 'muslim_3540', 'muslim_6945']"
C1366,"আমি শুনেছি যে, রাসূলুল্লাহ (সা.) একবার জাদুর দ্বারা আক্রান্ত হয়েছিলেন, যার ফলে তিনি মহিলাদের কাছে যাওয়ার অনুভূতি পেতেন কিন্তু আসলে সেখানে যেতেন না। এরপর তিনি আল্লাহর নির্দেশে একটি পুকুর থেকে জাদুর প্রভাব মুক্ত হয়েছিলেন এবং বলেছেন যে, তিনি কাউকে ক্ষতি করতে চান না।","['muslim_5703', 'bukhari_5765', 'bukhari_6063', 'bukhari_5763', 'bukhari_3268']",muslim_483,"['muslim_483', 'bukhari_5257', 'muslim_434', 'bukhari_297', 'bukhari_3595.2', 'bukhari_717', 'bukhari_823', 'muslim_495', 'bukhari_4923', 'muslim_3834']"
C1367,"রাসূলুল্লাহ (সা.) বলেছেন, আল্লাহ আমাদের জন্য শুক্রবারকে নির্ধারণ করেছেন, যখন পূর্ববর্তী জাতিগুলোর জন্য শনিবার এবং রবিবার ছিল। তিনি আমাদেরকে এই দিনটি দিয়েছেন এবং কিয়ামতের দিন আমরা তাদের জন্য প্রথম হবে।","['muslim_1982', 'muslim_1980', 'muslim_7054', 'muslim_1978', 'muslim_1981']",muslim_6970,"['muslim_6970', 'muslim_471', 'bukhari_6791', 'muslim_6531', 'bukhari_158', 'muslim_2410', 'muslim_5848', 'muslim_3514', 'muslim_6136', 'muslim_7440']"
C1368,"আমি শুনেছি, সেহল বিন হানিফ বলেছিলেন যে, আমাদের নিজেদের পরীক্ষা করা উচিত, কারণ আমরা রাসূলুল্লাহর সাথে হুদাইবিয়ায় ছিলাম এবং যদি যুদ্ধের পরিস্থিতি সৃষ্টি হত, আমরা লড়াই করতাম। عمر বিন খাত্তাব রাসূলুল্লাহর কাছে গিয়ে বললেন, আমরা কি সত্যের পথে নই এবং তারা কি মিথ্যার পথে? রাসূলুল্লাহ বললেন, ""হ্যাঁ।"" عمر বললেন, আমাদের কি দীন থেকে পিছিয়ে আসা উচিত? রাসূলুল্লাহ বললেন, ""আমি আল্লাহর রসূল, আল্লাহ আমাকে কখনো হারাতে দেবেন না।""","['muslim_4633', 'bukhari_3182', 'bukhari_4844', 'muslim_1615', 'muslim_7007']",muslim_1985,"['muslim_1985', 'bukhari_5396', 'bukhari_415', 'bukhari_1923', 'bukhari_5037', 'bukhari_3122', 'bukhari_3322', 'bukhari_297', 'bukhari_1069', 'bukhari_5726']"
C1371,"নবীজি বলেছেন, যে ব্যক্তি রমজান মাসে ইমানের সাথে নামাজ পড়বে, তার পূর্বের সব গুনাহ মাফ করে দেওয়া হবে। এছাড়া, যে ব্যক্তি লাইলাতুল কদরে ইমানের সাথে দাঁড়াবে, তারও গুনাহ মাফ হবে।","['muslim_1781', 'bukhari_1901', 'bukhari_2014', 'muslim_1780', 'bukhari_37']",muslim_495,"['muslim_495', 'bukhari_5257', 'muslim_3265', 'bukhari_5769', 'muslim_5694', 'bukhari_284', 'muslim_1477', 'muslim_3862', 'muslim_2097', 'bukhari_5779']"
C1372,"আমি শুনেছি, নবী সাল্লাল্লাহু আলাইহি ওয়া সাল্লাম একটি চামড়ার তাঁবুর মধ্যে ছিলেন এবং তিনি কিছু কথা বলছিলেন।","['muslim_2301', 'muslim_2025', 'muslim_4742', 'muslim_1119', 'bukhari_5860']",muslim_6746,"['muslim_6746', 'bukhari_3322', 'muslim_1985', 'bukhari_4545', 'bukhari_5840', 'muslim_4034', 'muslim_5964', 'muslim_3671', 'muslim_3876', 'bukhari_7040']"
C1373,"মাগরিবের নামাজ ও ঈশা নামাজের মধ্যে সময়ের সম্পর্ক নিয়ে আলোচনা হয়েছে যে, মাগরিবের নামাজের সময় তখন শুরু হয় যখন সূর্য অস্ত যায়।","['muslim_1627', 'muslim_1391', 'bukhari_1109', 'muslim_1393', 'muslim_1622']",bukhari_1506,"['bukhari_1506', 'muslim_6987', 'bukhari_518', 'bukhari_5589', 'muslim_2086', 'muslim_495', 'bukhari_2479', 'bukhari_6459', 'bukhari_5840', 'bukhari_5345']"
C1374,"আমি শুনেছি যে, রজার মাধ্যমে সম্পর্কিত ব্যক্তি একইভাবে নিষিদ্ধ, যেমন বংশগত সম্পর্কের ক্ষেত্রে।","['muslim_3584', 'muslim_3583', 'muslim_3579', 'bukhari_2645', 'bukhari_5100']",muslim_3301,"['muslim_3301', 'muslim_2133', 'muslim_986', 'muslim_6827', 'muslim_4968', 'muslim_6150', 'muslim_3303', 'muslim_558', 'muslim_2365', 'muslim_2735']"
C1376,"নবীজি (সাল্লাল্লাহু আলাইহি ওয়াসাল্লাম) বলেছেন, যে ব্যক্তি রমজানের রোজা রাখার পর শাওয়ালের ছয়টি রোজা রাখবে, সে যেন সারা বছর রোজা রাখল।","['muslim_2758', 'muslim_2747', 'muslim_3483', 'muslim_2640', 'muslim_6228']",muslim_6746,"['muslim_6746', 'muslim_495', 'bukhari_284', 'bukhari_3322', 'muslim_5964', 'bukhari_518', 'muslim_3822', 'muslim_1985', 'muslim_3671', 'muslim_3876']"
C1377,"আমি শুনেছি, আবু হুরাইরা বলেছেন যে, মুহাম্মদ (সা.) বলেছেন, যে ব্যক্তি ইমামের আগে মাথা উঁচু করে, আল্লাহ তার মাথা হরিণের মাথায় পরিণত করতে পারেন।","['muslim_963', 'muslim_964', 'bukhari_691', 'muslim_873', 'muslim_1060']",muslim_495,"['muslim_495', 'muslim_3265', 'muslim_3834', 'bukhari_5257', 'muslim_3811', 'muslim_575', 'muslim_5979', 'muslim_2207', 'muslim_3509', 'bukhari_3595.2']"
C1378,"আমি শুনেছি যে, রাসূলুল্লাহ (সা.) বলেছেন, যদি মানুষের শরীর থেকে কিছু বের হয়, তাহলে তাকে ওজু করতে হবে এবং তার গোপনাঙ্গে পানি ছিটাতে হবে।","['muslim_697', 'muslim_3743', 'muslim_2318', 'muslim_6207', 'muslim_5678']",muslim_495,"['muslim_495', 'muslim_3265', 'muslim_3834', 'muslim_6746', 'bukhari_284', 'bukhari_5257', 'muslim_3811', 'muslim_1279', 'muslim_483', 'muslim_3862']"
C1380,"আমি শুনেছি যে, একজন ব্যক্তি আল্লাহর রাসূল মুহাম্মদ (সা.)-কে অস্বীকার করার শর্তে তার পাওনা টাকা দিতে অস্বীকার করেছিল। সে বলেছিল, মৃত্যুর পর যদি তাকে আবার জীবিত করা হয়, তখন সে টাকা পরিশোধ করবে। এই ঘটনার প্রেক্ষিতে আল্লাহর একটি আয়াত নাজিল হয়েছে।","['bukhari_2425', 'muslim_7062', 'bukhari_2091', 'bukhari_4734', 'bukhari_2275']",bukhari_5406,"['bukhari_5406', 'bukhari_1073', 'bukhari_6798', 'bukhari_1162', 'bukhari_1740', 'bukhari_4866', 'bukhari_4805', 'bukhari_5764', 'bukhari_297', 'bukhari_1011']"
C1382,"নবী সাল্লাল্লাহু আলাইহি ওয়া সাল্লাম বলেছেন, যদি দশজন ইহুদী আমার প্রতি বিশ্বাস করতেন, তাহলে সমস্ত ইহুদী আমার প্রতি বিশ্বাস করতেন।","['bukhari_3941', 'muslim_7058', 'muslim_2446', 'muslim_6781', 'muslim_3129']",muslim_495,"['muslim_495', 'muslim_450', 'muslim_434', 'bukhari_4545', 'bukhari_342', 'bukhari_5257', 'muslim_6746', 'bukhari_284', 'muslim_3671', 'muslim_3834']"
C1386,"নবী (সাল্লাল্লাহু আলাইহি ওয়াসাল্লাম) বলেছেন যে, বাণিজ্য গ্রহণ করা উচিত নয়।","['muslim_3821', 'bukhari_2164', 'muslim_3860', 'muslim_1218', 'muslim_3824']",muslim_5917,"['muslim_5917', 'muslim_3776', 'muslim_4180', 'muslim_3208', 'muslim_3362', 'muslim_2559', 'muslim_3622', 'muslim_5268', 'muslim_4177', 'muslim_340']"
C1387,"নবী (সাল্লাল্লাহু আলাইহি ওয়া সাল্লাম) বলেছেন, যে মুসলিম একটি গাছ রোপণ করে এবং তার ফল থেকে মানুষ বা প্রাণী কিছু খায়, তার জন্য এটা একটি দান হিসেবে গণনা হয়।","['bukhari_6012', 'muslim_3969', 'muslim_3971', 'muslim_3973', 'muslim_3968']",bukhari_284,"['bukhari_284', 'bukhari_297', 'muslim_483', 'muslim_495', 'muslim_6746', 'bukhari_921', 'muslim_434', 'muslim_1985', 'bukhari_6996', 'muslim_3834']"
C1388,"রাসূলুল্লাহ (সাল্লাল্লাহু আলাইহি ওয়া সাল্লাম) বলেছেন, যারা তাদের সম্পদের জাকাত দেন না, তারা জাহান্নামের আগুনে শাস্তি পাবেন। তাদের সম্পদকে এমনভাবে শাস্তি দেওয়া হবে যে, তারা সেদিন দেখবেন তাদের গন্তব্য জাহান্নাম অথবা জান্নাত।","['muslim_2292', 'muslim_2290', 'muslim_2296', 'muslim_2297', 'muslim_454']",muslim_848,"['muslim_848', 'bukhari_5522', 'muslim_2762', 'bukhari_158', 'muslim_5796', 'bukhari_3307', 'muslim_575', 'bukhari_4805', 'muslim_6429', 'bukhari_7258']"
C1389,নবী সাল্লাল্লাহু আলাইহি ওয়াসাল্লাম ডান হাতে আংটি পরতেন।,"['muslim_615', 'muslim_7050', 'muslim_4291', 'muslim_5265', 'muslim_2343']",muslim_6970,"['muslim_6970', 'muslim_4866', 'muslim_3645', 'muslim_6429', 'muslim_471', 'muslim_7130', 'muslim_2657', 'muslim_6945', 'muslim_1845', 'muslim_5759']"
C1390,"আমি শুনেছি, একজন রোমান সম্রাট হেরাক্লিয়াস বলেছেন যে, মুহাম্মদ (সা.) একজন নবী এবং তাঁর অনুসারীরা দুর্বল মানুষ। তিনি আরও বলেছিলেন যে, যদি মুহাম্মদ (সা.) সত্যিই নবী হন, তবে তাঁর বার্তা গ্রহণ করলে তিনি শান্তি পাবেন।","['muslim_4607', 'bukhari_4553', 'bukhari_2940', 'bukhari_2941', 'bukhari_7']",bukhari_1073,"['bukhari_1073', 'bukhari_4805', 'bukhari_5984', 'bukhari_6145', 'bukhari_5032.2', 'bukhari_1162', 'muslim_2762', 'bukhari_3307', 'muslim_575', 'muslim_5796']"
C1393,"আল্লাহ বলেছেন, আমরা রাসূলুল্লাহ (সা.)-এর সাথে যুদ্ধ করতে গিয়েছিলাম, কিন্তু আমাদের স্ত্রী ছিল না। তখন আমরা বললাম, কেন আমরা খাঁটি না হই? কিন্তু তিনি আমাদের তা করতে নিষেধ করলেন। পরে তিনি আমাদের বললেন, আমরা কাপড়ের মাধ্যমে কিছু সময়ের জন্য মহিলাদের সাথে বিবাহ করতে পারি। আল্লাহ বলেন, ""হে বিশ্বাসীরা, তোমরা আল্লাহর জন্য যা বৈধ করেছে তা হারাম করো না এবং সীমা লঙ্ঘন করো না। নিশ্চয় আল্লাহ সীমা লঙ্ঘনকারীদের পছন্দ করেন না।""","['muslim_3410', 'bukhari_5075', 'bukhari_4615', 'bukhari_5071', 'muslim_7465']",bukhari_3307,"['bukhari_3307', 'bukhari_5522', 'bukhari_5406', 'muslim_967', 'bukhari_1162', 'muslim_370', 'bukhari_4473', 'muslim_1518', 'muslim_5271', 'muslim_496']"
C1395,"আয়েশা বলেছেন, নবী (সা.) বলেছেন যে, যে ব্যক্তি মারা যায় এবং তার উপর রোজা আছে, তার জন্য তার অভিভাবক রোজা রাখবে।","['bukhari_1952', 'muslim_2692', 'muslim_2734', 'muslim_2624', 'muslim_2747']",muslim_997,"['muslim_997', 'muslim_3208', 'muslim_2506', 'muslim_4850', 'muslim_6945', 'muslim_6141', 'muslim_6794', 'muslim_6859', 'muslim_6342', 'muslim_7167']"
C1398,"রাসূলুল্লাহ (সা.) আমাদের বলেছিলেন যে, তিনি আমাদের সাথে একটি চুক্তি করতে চান যাতে আমরা আল্লাহর সাথে কিছুই শিরক না করি, ব্যভিচার না করি, চুরি না করি এবং নিষিদ্ধ প্রাণীকে হত্যা না করি। যিনি এই চুক্তি পালন করবেন, তার জন্য আল্লাহর কাছে পুরস্কার রয়েছে, আর যারা এসব অপরাধ করবে, তাদের জন্য আল্লাহর কাছে ক্ষমা বা শাস্তির বিষয়টি রয়েছে।","['muslim_4461', 'bukhari_6784', 'bukhari_4894', 'bukhari_7213', 'bukhari_3892']",bukhari_6791,"['bukhari_6791', 'bukhari_6505', 'bukhari_5984', 'bukhari_6056', 'bukhari_5257', 'bukhari_1162', 'bukhari_717', 'muslim_483', 'bukhari_6798', 'bukhari_255']"
C1400,"মাওয়া বলেছেন, তিনি মসজিদে একটি দলের কাছে গিয়ে জানতে চেয়েছিলেন, তারা কেন বসে আছে। তারা বলেছিল, তারা আল্লাহর স্মরণে বসে আছে। মাওয়া তখন বললেন, আল্লাহর কসম, তাদের বসার কারণ শুধু সেটাই। তিনি আরও জানালেন, তিনি গিব্রাইলের মাধ্যমে জানতে পেরেছেন যে, আল্লাহ তায়ালা তাদের নিয়ে ফেরেশতাদের কাছে গর্ব করেন।","['muslim_6857', 'muslim_5705', 'muslim_4622', 'muslim_4387', 'muslim_7021']",bukhari_3994,"['bukhari_3994', 'muslim_2140', 'muslim_1832', 'bukhari_2290', 'bukhari_2944', 'muslim_5159', 'muslim_3208', 'muslim_3731', 'bukhari_7386', 'muslim_6292']"
C1403,"আমি শুনেছি, রাসূলুল্লাহ (সা.) বলেছেন, আমাদের মধ্যে কেউ যেন দুনিয়াতে যে কোনো কষ্টের কারণে মৃত্যু কামনা না করে। বরং আমাদের উচিত আল্লাহর কাছে প্রার্থনা করা যে, ""হে আল্লাহ, যদি আমার জন্য জীবন ভালো হয়, তাহলে আমাকে জীবিত রাখো, আর যদি মৃত্যু আমার জন্য ভালো হয়, তাহলে আমাকে মৃত্যুবরণ করতে দাও।""","['muslim_6814', 'bukhari_6351', 'bukhari_5671', 'muslim_6819', 'muslim_6816']",muslim_483,"['muslim_483', 'bukhari_4545', 'bukhari_3322', 'bukhari_5726', 'bukhari_4923', 'muslim_434', 'muslim_1985', 'bukhari_297', 'muslim_6746', 'bukhari_1923']"
C1405,"আল্লাহ আপনার কাজের কোনো কিছুই নষ্ট করবেন না। তিনি বলেছেন, যখন আপনি তাঁর কাছে পৌঁছাবেন, তখন আপনার কাজের ফল পাবেন।","['muslim_4833', 'muslim_4832', 'bukhari_2633', 'bukhari_6165', 'bukhari_3923']",muslim_5917,"['muslim_5917', 'muslim_2559', 'bukhari_7314', 'muslim_4591', 'muslim_7187', 'bukhari_5811', 'bukhari_5967', 'bukhari_3978', 'bukhari_3979', 'muslim_3557']"
C1408,"রাসূলুল্লাহ (সা.) তাঁর অসুস্থতার সময় বলেছিলেন, ""আমার জন্য সালাতের সময় হয়েছে।"" তিনি আবু বকর (রা.)-কে নির্দেশ দেন যেন তিনি মুসল্লিদের সামনে সালাত পড়ান। এরপর তিনি আবার অসুস্থ হয়ে পড়েন, কিন্তু সালাতের জন্য বারবার একই কথা বলতেন।","['muslim_941', 'muslim_940', 'muslim_936', 'muslim_949', 'bukhari_678']",muslim_471,"['muslim_471', 'bukhari_6145', 'muslim_6970', 'muslim_6429', 'muslim_4866', 'muslim_848', 'muslim_5118', 'muslim_1371', 'muslim_6996', 'bukhari_6791']"
C1410,"ফাতিমা বিনতে আবি হাবিশ নবী সাল্লাল্লাহু আলাইহি ওয়াসাল্লামের কাছে এসে বলেছিলেন। নবী তাকে বললেন, তারপর গোসল করো, তারপর প্রতিটি নামাজের জন্য ওযু করো এবং নামাজ পড়ো।","['bukhari_228', 'bukhari_325', 'muslim_753', 'muslim_759', 'muslim_760']",muslim_6970,"['muslim_6970', 'bukhari_6145', 'muslim_6996', 'bukhari_6791', 'muslim_4866', 'muslim_471', 'muslim_2762', 'muslim_5655', 'muslim_6429', 'muslim_7071']"
C1411,"আমি শুনেছি যে আবু আসদ বলেছেন, যারা عمره পালন করেন, তারা মুক্ত।","['muslim_2917', 'bukhari_4408', 'bukhari_1562', 'muslim_2914', 'muslim_2911']",muslim_5917,"['muslim_5917', 'muslim_2133', 'muslim_1875', 'muslim_3208', 'muslim_2751', 'bukhari_3994', 'muslim_2752', 'muslim_3776', 'muslim_6292', 'muslim_5451']"
C1414,নবী (সা.) রাতে এগারো রাকাত নামাজ পড়তেন এবং শেষ রাকাতের পর এক রাকাত ওয়িত্র নামাজ পড়তেন। নামাজ শেষ হলে তিনি ডান দিকে শুয়ে পড়তেন।,"['muslim_1717', 'bukhari_6310', 'muslim_1792', 'muslim_1720', 'muslim_1723']",bukhari_6791,"['bukhari_6791', 'muslim_471', 'muslim_4866', 'muslim_6970', 'bukhari_158', 'bukhari_5864', 'muslim_6136', 'muslim_3540', 'muslim_6429', 'bukhari_3198']"
C1415,"নবী (সাল্লাল্লাহু আলাইহি ওয়াসাল্লাম) বলেছেন, সেরা মুসলমান সেই, যার হাত ও জিভ থেকে অন্য মুসলমানরা নিরাপদ থাকে।","['muslim_161', 'bukhari_11', 'bukhari_6484', 'muslim_164', 'bukhari_10']",muslim_789,"['muslim_789', 'muslim_7365', 'muslim_6141', 'muslim_6669', 'muslim_3208', 'muslim_997', 'muslim_3857', 'muslim_1889', 'muslim_4850', 'muslim_3981']"
C1418,"হারেৎসা যুদ্ধের দিন আহত হয়েছিল। তার মা নবীকে বলেছিলেন, ""হে রাসূল, আমি জানি হারেৎসার আমার কাছে কত মূল্য। যদি সে জান্নাতে থাকে, তাহলে আমি ধৈর্য ধরব এবং সওয়াব আশা করব। কিন্তু যদি অন্য কোথাও থাকে, তাহলে আমি কী করব?"" নবী তাকে বললেন, ""তুমি কি জানো, জান্নাত একটাই নয়, বরং অনেক জান্নাত আছে, এবং হারেৎসা জান্নাতের সর্বোচ্চ স্থানে রয়েছে।""","['bukhari_3982', 'bukhari_6550', 'bukhari_6567', 'bukhari_6568', 'bukhari_2809']",bukhari_6997,"['bukhari_6997', 'bukhari_6145', 'bukhari_4805', 'bukhari_6056', 'muslim_6970', 'bukhari_5984', 'bukhari_1073', 'muslim_1371', 'muslim_5848', 'bukhari_6996']"
C1421,"নবী মুহাম্মদ (সা.) বলেছেন, যদি কিছু করতে হয়, তাহলে একবারই করো।","['muslim_1219', 'muslim_5791', 'muslim_5513', 'muslim_3557', 'muslim_6396']",muslim_5917,"['muslim_5917', 'muslim_3208', 'muslim_913', 'muslim_3639', 'muslim_4183', 'muslim_3362', 'muslim_1875', 'muslim_6342', 'muslim_3776', 'muslim_3241']"
C1422,"রাসূলুল্লাহ (সা.) যখন নামাজ পড়তেন, তখন আমি তাঁর পাশে ছিলাম এবং আমার হায়েজ ছিল। কখনো কখনো তাঁর কাপড় আমার উপর এসে পড়ত যখন তিনি সিজদা করতেন।","['bukhari_379', 'muslim_1146', 'muslim_1504', 'bukhari_518', 'bukhari_333']",muslim_6970,"['muslim_6970', 'bukhari_6145', 'bukhari_1073', 'bukhari_6791', 'bukhari_241', 'muslim_471', 'bukhari_6505', 'bukhari_4473', 'muslim_4866', 'bukhari_158']"
C1424,"আমি শুনেছি আবু হুরাইরা (রাঃ) বলেছেন, রাসূলুল্লাহ (সঃ) বলেছেন, যে ব্যক্তি তার নামাজে সফল হয়, সে সফল হয়েছে; আর যদি তার নামাজ খারাপ হয়, তবে সে ক্ষতিগ্রস্ত হয়েছে। আল্লাহ আমাদের নামাজে সঠিকতা দান করুন।","['muslim_3696', 'muslim_3691', 'muslim_2957', 'muslim_1562', 'muslim_7350']",bukhari_1162,"['bukhari_1162', 'bukhari_6505', 'bukhari_5984', 'bukhari_6791', 'bukhari_4805', 'bukhari_6145', 'muslim_281', 'bukhari_6056', 'muslim_496', 'bukhari_717']"
C1425,"নবী মুহাম্মদ (সা.) বলেছেন, যদি তোমরা জানতেও আমি যা জানি, তাহলে তোমরা একটু হাসতে এবং অনেক কাঁদতে।","['bukhari_6485', 'bukhari_6486', 'bukhari_5221', 'muslim_6119', 'bukhari_4621']",muslim_495,"['muslim_495', 'bukhari_5984', 'bukhari_7435', 'muslim_575', 'bukhari_5257', 'muslim_3265', 'muslim_6162', 'bukhari_1162', 'bukhari_6056', 'muslim_5848']"
C1429,"আমার প্রিয় উস্তাদ বলেছেন, উম্ম সুলায়ম আনসের জন্য আল্লাহর কাছে দোয়া করেছিলেন, যেন তার সম্পদ ও সন্তান বৃদ্ধি পায় এবং আল্লাহ তাকে যা দিয়েছেন তাতে বরকত দান করেন।","['muslim_6372', 'bukhari_6334', 'bukhari_6380', 'bukhari_6381', 'bukhari_6378']",muslim_495,"['muslim_495', 'bukhari_643', 'bukhari_5984', 'bukhari_1162', 'muslim_483', 'bukhari_297', 'bukhari_3595.2', 'bukhari_284', 'bukhari_5406', 'muslim_434']"
C1432,নবীজি সাল্লাল্লাহু আলাইহি ওয়াসাল্লাম একবার একটি পাত্র থেকে গার্গল ও নাকের মধ্যে পানি নিলেন।,"['muslim_555', 'muslim_1748', 'muslim_3657', 'muslim_4286', 'bukhari_191']",muslim_495,"['muslim_495', 'muslim_6987', 'muslim_6746', 'bukhari_518', 'bukhari_3322', 'muslim_450', 'bukhari_6686', 'muslim_4406', 'bukhari_284', 'muslim_1666']"
C1433,"নবী সাল্লাল্লাহু আলাইহি ওয়াসাল্লাম মৃত্যুবরণ করেছেন, এবং তিনি মৃত্যুর সময় খুবই কষ্টে ছিলেন। তাই আমি নবীর পর আর কারো জন্য মৃত্যুর কঠোরতা কামনা করি না।","['bukhari_4446', 'muslim_6819', 'muslim_6310', 'bukhari_4438', 'muslim_1256']",muslim_5274,"['muslim_5274', 'muslim_3731', 'bukhari_2944', 'muslim_6970', 'muslim_2762', 'muslim_3440', 'muslim_3357', 'bukhari_3994', 'muslim_7071', 'muslim_933']"
C1436,"আমি শুনেছি যে, রাসূলুল্লাহ সাল্লাল্লাহু আলাইহি ওয়াসাল্লাম যখন অসুস্থ হতেন, তখন তিনি নিজের উপর মুআওযাত পড়তেন এবং তাঁর হাত দিয়ে শরীর মুছে দিতেন। মৃত্যুর সময়ও তিনি এই পদ্ধতি অনুসরণ করেছিলেন।","['bukhari_4439', 'muslim_5715', 'muslim_5714', 'bukhari_5016', 'muslim_5716']",muslim_4406,"['muslim_4406', 'muslim_6746', 'muslim_495', 'muslim_3862', 'muslim_3834', 'muslim_3811', 'muslim_3509', 'muslim_2207', 'muslim_3822', 'muslim_5694']"
C1439,"নবী (সা.) বলেছেন, যদি কোনো দাসী ব্যভিচার করে, তাহলে তাকে মারধর করতে হবে। যদি সে আবারও একই কাজ করে, তাহলে আবারও মারধর করতে হবে। তৃতীয় বা চতুর্থবার হলে, তাকে বিক্রি করে দিতে হবে, যদিও খুব কম দামে।","['muslim_4447', 'bukhari_2555', 'bukhari_2556', 'bukhari_6837', 'bukhari_6838']",muslim_789,"['muslim_789', 'muslim_3208', 'muslim_913', 'muslim_3639', 'muslim_3981', 'muslim_6292', 'muslim_4850', 'muslim_933', 'muslim_1889', 'muslim_7115']"
C1441,"আম হাবিবা বলেছেন, রাসূলুল্লাহ (সা.) বলেছেন, যে মুসলিম সুন্দরভাবে ওযু করে এবং প্রতিদিন আল্লাহর জন্য নামাজ পড়ে, তার জন্য বিশেষ পুরস্কার রয়েছে।","['muslim_1697', 'muslim_1696', 'muslim_705', 'muslim_3099', 'muslim_755']",muslim_575,"['muslim_575', 'bukhari_1162', 'bukhari_6056', 'muslim_5796', 'muslim_5848', 'bukhari_5984', 'muslim_495', 'muslim_3514', 'bukhari_5257', 'muslim_471']"
C1444,"আমি শুনেছি যে, আয়েশা বলেছিলেন যে, দুই বৃদ্ধা ইহুদিদের কাছে গিয়ে বলেছেন যে, কবরের মানুষরা কবরের মধ্যে শাস্তি ভোগ করছে। এরপর তিনি নবী মুহাম্মদকে বললে, তিনি এ কথা সত্য বলে স্বীকার করেন এবং বলেন যে, তারা শাস্তি ভোগ করছে, যা পশুরাও শুনতে পায়।","['muslim_1321', 'bukhari_6366', 'muslim_1319', 'muslim_2098', 'muslim_6657']",muslim_1985,"['muslim_1985', 'muslim_6746', 'bukhari_3322', 'muslim_514', 'muslim_483', 'bukhari_297', 'muslim_495', 'muslim_1279', 'muslim_434', 'bukhari_6996']"
C1445,"নবী সাল্লাল্লাহু আলাইহি ওয়াসাল্লাম বলেছেন, যদি কেউ তার ভাইকে কাফের বলে, তাহলে তাদের মধ্যে একজন কাফের হয়ে যায়।","['bukhari_6104', 'muslim_216', 'bukhari_6103', 'muslim_215', 'muslim_4189']",muslim_495,"['muslim_495', 'muslim_6746', 'bukhari_3322', 'muslim_434', 'muslim_3811', 'muslim_3834', 'muslim_450', 'bukhari_284', 'muslim_3671', 'muslim_3862']"
C1446,আমি দেখেছি যে নবী (সাল্লাল্লাহু আলাইহি ওয়া সাল্লাম) কাবা ঘরের চারপাশে তার উটের উপর ঘুরছেন এবং তিনি একটি বিশেষ জিনিস দিয়ে কোণটি স্পর্শ করছেন এবং সেই জিনিসটি চুম্বন করছেন।,"['muslim_3077', 'muslim_3074', 'muslim_3073', 'muslim_3076', 'muslim_3050']",muslim_6746,"['muslim_6746', 'bukhari_297', 'muslim_1985', 'bukhari_284', 'muslim_434', 'bukhari_3322', 'muslim_3822', 'bukhari_355', 'muslim_483', 'bukhari_643']"
C1448,"নবী সাল্লাল্লাহু আলাইহি ওয়াসাল্লাম বলেছেন, দাজ্জালের সাথে পানি এবং আগুন থাকবে। তার আগুন আসলে ঠাণ্ডা পানি এবং তার পানি আগুনের মতো। তাই আমাদের ধোঁকায় পড়া উচিত নয়। আমি এটি আবু মাসউদ থেকে শুনেছি।","['muslim_7368', 'bukhari_7130', 'muslim_7369', 'muslim_7370', 'muslim_7367']",muslim_5274,"['muslim_5274', 'muslim_6342', 'muslim_933', 'muslim_3478', 'muslim_6292', 'muslim_3921', 'muslim_789', 'muslim_3208', 'muslim_1889', 'muslim_5248']"
C1451,"নবী (সা.) বলেছেন যে, আল্লাহর কাছে সবচেয়ে প্রিয় কাজ হলো মানুষের মধ্যে শান্তি প্রতিষ্ঠা করা।","['muslim_397', 'muslim_4003', 'muslim_5915', 'muslim_5858', 'muslim_6954']",muslim_5917,"['muslim_5917', 'muslim_3208', 'bukhari_3994', 'muslim_3981', 'muslim_4180', 'muslim_913', 'muslim_3322', 'muslim_4940', 'muslim_2752', 'muslim_1875']"
C1453,"আমি শুনেছি, নবী মুহাম্মদ (সাল্লাল্লাহু আলাইহি ওয়া সাল্লাম) এবং আমি একসাথে একটি পাত্র থেকে গোসল করছিলাম, যেটাকে 'ফার্ক' বলা হয়।","['bukhari_250', 'bukhari_5956', 'bukhari_261', 'bukhari_263', 'muslim_731']",bukhari_6145,"['bukhari_6145', 'muslim_6970', 'bukhari_6505', 'bukhari_1073', 'muslim_3731', 'bukhari_241', 'muslim_764', 'bukhari_1162', 'muslim_2762', 'bukhari_6242']"
C1459,"আমি শুনেছি যে, নবী সাল্লাল্লাহু আলাইহি ওয়াসাল্লাম তিনবার হিজামা করেছেন এবং এর ফলে তিনি কিছু সময়ের জন্য স্মৃতিশক্তি হারিয়ে ফেলেছিলেন।","['muslim_5750', 'bukhari_5698', 'bukhari_5699', 'bukhari_1939', 'bukhari_5694']",muslim_6746,"['muslim_6746', 'muslim_1985', 'bukhari_3322', 'muslim_3876', 'muslim_3671', 'muslim_5964', 'muslim_4034', 'muslim_3822', 'bukhari_297', 'bukhari_2950']"
C1460,"রাসূলুল্লাহ (সা.) বলেছেন, যদি কেউ নামাজ ভুলে যায়, তবে সে যখন মনে করবে তখন নামাজ পড়বে। আল্লাহ তাআলা বলেন, আমার স্মরণের জন্য নামাজ প্রতিষ্ঠা করো।","['muslim_1569', 'muslim_1560', 'muslim_1468', 'muslim_1566', 'bukhari_597']",muslim_3208,"['muslim_3208', 'muslim_3981', 'muslim_7167', 'muslim_789', 'muslim_2752', 'muslim_4850', 'muslim_913', 'muslim_3362', 'muslim_3485', 'muslim_3776']"
C1461,"রাসূলুল্লাহ (সা.) বলেছেন, যে কেউ বিবাহ করার সামর্থ্য রাখে, তাকে বিবাহ করতে হবে। আর যে বিবাহ করতে পারছে না, তাকে রোজা রাখতে হবে, কারণ রোজা তার জন্য নিরাপত্তা।","['muslim_3400', 'muslim_3398', 'bukhari_5066', 'bukhari_1905', 'bukhari_5065']",muslim_5917,"['muslim_5917', 'muslim_3776', 'muslim_7187', 'muslim_3208', 'muslim_4180', 'muslim_242', 'muslim_6292', 'muslim_3161', 'muslim_5450', 'muslim_7053']"
C1464,"নবী (সাল্লাল্লাহু আলাইহি ওয়া সাল্লাম) বলেছেন, যে ব্যক্তি আল্লাহর পথে জিহাদ করতে বের হয় এবং আল্লাহর সন্তুষ্টি অর্জনের চেষ্টা করে, আল্লাহ তাকে ফিরিয়ে আনবেন যদি তিনি তাকে ফিরিয়ে আনেন কোনো পুরস্কার বা সম্পদ নিয়ে। আর যদি তিনি তাকে গ্রহণ করেন, তাহলে আল্লাহ তার গুনাহ মাফ করবেন এবং তার প্রতি রহমত করবেন।","['muslim_4859', 'muslim_6986', 'muslim_338', 'muslim_7004', 'muslim_5217']",muslim_2762,"['muslim_2762', 'muslim_764', 'bukhari_6145', 'bukhari_241', 'bukhari_4805', 'muslim_2949', 'muslim_3731', 'bukhari_1885', 'bukhari_5645', 'muslim_5655']"
C1466,"নবী মুহাম্মদ (সা.) বলেছেন, পাঁচ ওসক বা পাঁচটি গবাদি পশুর নিচে যেকোনো কিছুতে দান করা নেই।","['muslim_2263', 'muslim_2266', 'muslim_2268', 'bukhari_1459', 'muslim_2271']",muslim_495,"['muslim_495', 'muslim_6746', 'muslim_3834', 'bukhari_284', 'bukhari_3322', 'bukhari_518', 'muslim_3265', 'muslim_3811', 'muslim_2207', 'muslim_450']"
C1468,নবী মুহাম্মদ (সা.) উমরকে নির্দেশ দিয়েছিলেন।,"['muslim_3662', 'muslim_2601', 'bukhari_4320', 'muslim_3663', 'muslim_3669']",muslim_5159,"['muslim_5159', 'muslim_5921', 'muslim_5917', 'muslim_6431', 'muslim_1832', 'muslim_5730', 'muslim_3784', 'muslim_5200', 'muslim_3208', 'muslim_3241']"
C1469,"আয়েশা বলেছেন, রাসূলুল্লাহ (সা.) এর সময় সূর্যগ্রহণ হলে সবাইকে একত্রিত হয়ে নামাজ পড়ার জন্য ডাকা হয়েছিল। এরপর তিনি চার রাকাত নামাজ পড়িয়েছিলেন, যা দুই রাকাতের মধ্যে চার সিজদা ছিল।","['muslim_2092', 'muslim_2094', 'muslim_2093', 'muslim_2091', 'muslim_2111']",muslim_495,"['muslim_495', 'muslim_6531', 'bukhari_6791', 'muslim_471', 'muslim_2410', 'muslim_6970', 'bukhari_5257', 'muslim_3514', 'muslim_7440', 'muslim_208']"
C1473,"নবী (সাল্লাল্লাহু আলাইহি ওয়া সাল্লাম) যখন উহুদ যুদ্ধে ছিলেন, তখন তাঁর বয়স ছিল চৌদ্দ বছর, কিন্তু তিনি যুদ্ধে অংশগ্রহণের অনুমতি পাননি। পরে খন্দক যুদ্ধে, যখন তাঁর বয়স পনেরো বছর হয়, তখন তিনি যুদ্ধে অংশগ্রহণের অনুমতি পান।","['bukhari_4097', 'muslim_4837', 'bukhari_2664', 'muslim_4518', 'muslim_6097']",bukhari_3536,"['bukhari_3536', 'bukhari_4866', 'bukhari_1073', 'bukhari_4466', 'muslim_2634', 'bukhari_5406', 'bukhari_6505', 'bukhari_3638', 'bukhari_284', 'bukhari_255']"
C1474,"নবী সাল্লাল্লাহু আলাইহি ওয়াসাল্লাম বলেছেন, প্রতি সোমবার ও বৃহস্পতিবার জান্নাতের দরজা খোলা হয় এবং এই দিনগুলোতে আল্লাহর কাছে যারা শিরক করে না, তাদের জন্য ক্ষমা করা হয়। তবে যদি কারো মধ্যে তার ভাইয়ের প্রতি শত্রুতা থাকে, তাদেরকে তখন পর্যন্ত অপেক্ষা করতে বলা হয় যতক্ষণ না তারা একে অপরের সঙ্গে মীমাংসা না করে।","['muslim_6546', 'muslim_6544', 'muslim_6545', 'muslim_6547', 'muslim_268']",muslim_6746,"['muslim_6746', 'muslim_3822', 'muslim_3876', 'muslim_1985', 'muslim_3862', 'muslim_3671', 'bukhari_342', 'muslim_434', 'bukhari_3322', 'muslim_4406']"
C1475,"নবী (সা.) বলেছেন, যারা অর্থের পেছনে ছুটে বেড়ায়, তাদের জন্য দুঃখজনক। তারা যখন কিছু পায়, তখন খুশি হয়, আর যখন কিছু পায় না, তখন অসন্তুষ্ট হয়। তবে আল্লাহর পথে যারা সংগ্রাম করে, তাদের জন্য সুখবর রয়েছে।","['bukhari_2887', 'bukhari_2886', 'bukhari_6435', 'muslim_4128', 'muslim_4714']",muslim_789,"['muslim_789', 'muslim_3208', 'muslim_3981', 'muslim_4850', 'muslim_933', 'muslim_7167', 'muslim_913', 'muslim_2752', 'muslim_6177', 'muslim_6435']"
C1476,"আমার খালাতো বোন বললেন, তিনি নবী মুহাম্মদ (সা.)-এর কাছে গিয়েছিলেন। নবী (সা.) তার মাথায় হাত রেখে বরকতের জন্য দোয়া করেছিলেন এবং তিনি নবীর ওজু থেকে পানি পান করেছিলেন।","['muslim_6087', 'bukhari_5670', 'bukhari_3541', 'bukhari_190', 'bukhari_6352']",muslim_3731,"['muslim_3731', 'bukhari_241', 'bukhari_3994', 'bukhari_6145', 'muslim_6970', 'muslim_2762', 'bukhari_1073', 'muslim_1832', 'bukhari_5084', 'muslim_2140']"
C1477,"একজন বলেছেন, ""আপনার কি যথেষ্ট নয় যে আপনি আপনার হাত আপনার থাইয়ের উপর রাখেন এবং তারপর আপনার ডান ও বাম পাশে থাকা ভাইদের সালাম দেন?""","['muslim_970', 'muslim_1638', 'muslim_7106', 'muslim_5503', 'muslim_1230']",bukhari_155,"['bukhari_155', 'muslim_7141', 'bukhari_1993', 'bukhari_5665', 'bukhari_1196', 'bukhari_1506', 'bukhari_5345', 'bukhari_4545', 'bukhari_1534', 'bukhari_3814']"
C1478,"হজরত আবু হুরায়রা (রা) বলেছেন, রাসূলুল্লাহ (সা) বলেছেন, আব্বাস হলেন রাসূলুল্লাহ (সা) এর চাচা এবং একজন মানুষের চাচা তার বাবার সমান।","['muslim_2277', 'muslim_5791', 'muslim_6683', 'muslim_7252', 'muslim_661']",muslim_2140,"['muslim_2140', 'bukhari_3994', 'bukhari_1935', 'bukhari_7386', 'bukhari_5084', 'bukhari_2633', 'bukhari_5993', 'bukhari_6145', 'bukhari_5099', 'muslim_806']"
C1479,"আলী (রহ.) বলেছেন, ""হে রাসূলুল্লাহ! যদি আপনার পর আমার একটি সন্তান হয়, আমি তার নাম আপনার নামে রাখব এবং আপনার কুনিয়াত দিয়ে ডাকব।"" রাসূল (সা.) বলেছেন, ""হ্যাঁ,"" কিন্তু আবু বকর (রাঃ) এর নাম উল্লেখ করেননি।","['muslim_7110', 'muslim_3641', 'muslim_3500', 'muslim_4182', 'muslim_4880']",bukhari_6505,"['bukhari_6505', 'bukhari_5032.2', 'bukhari_5984', 'bukhari_4805', 'bukhari_6056', 'bukhari_1162', 'bukhari_429', 'bukhari_1073', 'bukhari_1740', 'muslim_496']"
C1481,"রাসূলুল্লাহ সাল্লাল্লাহু আলাইহি ওয়াসাল্লাম বলেছেন, ক্ষুধার্তকে খাওয়াতে হবে, অসুস্থকে দেখতে যেতে হবে এবং বন্দীকে মুক্ত করতে হবে।","['bukhari_5649', 'bukhari_5373', 'bukhari_3046', 'bukhari_5174', 'muslim_6551']",muslim_495,"['muslim_495', 'bukhari_5257', 'bukhari_342', 'muslim_450', 'muslim_4152', 'muslim_3862', 'muslim_6746', 'muslim_4406', 'muslim_3610', 'bukhari_3595.2']"
C1483,"নবী মুহাম্মদ (সা.) এর যুগে কী হয়েছিল, সে সম্পর্কে আমি কিছু জানি না। বলা হয়েছে, নামাজের ব্যাপারে কিছু আলোচনা হয়েছে, কিন্তু আমরা কি নামাজের গুরুত্বকে ভুলে গেছি?","['bukhari_529', 'muslim_4315', 'muslim_2817', 'muslim_4582', 'muslim_1380']",bukhari_4545,"['bukhari_4545', 'bukhari_7395', 'bukhari_5681', 'bukhari_1196', 'muslim_2086', 'bukhari_6459', 'bukhari_1534', 'bukhari_4923', 'bukhari_1888', 'bukhari_5345']"
C1484,"একজন ব্যক্তি বলেছেন যে কুফায় একটি লাল ঝড় উঠেছিল এবং তিনি আবদুল্লাহ বিন মাসউদকে বলেছিলেন যে কিয়ামত আসছে। তিনি আরও বলেছেন যে কিয়ামত আসার আগে মুসলমানদের মধ্যে এক ভয়াবহ যুদ্ধ হবে, যেখানে তারা মৃত্যুর জন্য প্রস্তুতি নেবে এবং শেষ পর্যন্ত তাদের মধ্যে অনেকেই নিহত হবে।","['muslim_7281', 'muslim_7278', 'muslim_7381', 'muslim_4678', 'muslim_4957']",bukhari_3638,"['bukhari_3638', 'muslim_495', 'bukhari_4867', 'bukhari_5406', 'muslim_1269', 'bukhari_2953', 'bukhari_6289', 'bukhari_4029', 'muslim_6987', 'muslim_304']"
C1485,"রাসূলুল্লাহ (সা.) বলেছেন যে, জমি ভাড়া নেওয়ার ক্ষেত্রে এক-তৃতীয়াংশ বা এক-চতুর্থাংশে চুক্তি করা নিষেধ।","['muslim_3958', 'muslim_3910', 'muslim_3922', 'muslim_530', 'muslim_3949']",muslim_1889,"['muslim_1889', 'muslim_6141', 'muslim_3478', 'muslim_789', 'muslim_6534', 'muslim_6342', 'muslim_3208', 'muslim_6521', 'muslim_3639', 'muslim_4162']"
C1488,"মরওয়ান ঈদের দিন মিম্বার বের করে আগে থেকেই খুতবা শুরু করেছিলেন, যা সঠিক পদ্ধতির বিরুদ্ধে। একজন লোক তাকে বলেছিল যে, তিনি سنتের বিরোধিতা করেছেন এবং রাসূলুল্লাহ (সা.) বলেছেন যে, যে কেউ কোনো অন্যায় দেখে, সে যেন তা হাত দিয়ে পরিবর্তন করার চেষ্টা করে; যদি না পারে, তাহলে মুখ দিয়ে এবং যদি তাও না পারে, তাহলে অন্তরে ঘৃণা করুক, কারণ এটি সবচেয়ে দুর্বল ঈমান।","['muslim_177', 'muslim_2053', 'muslim_2943', 'muslim_3487', 'muslim_1290']",muslim_4034,"['muslim_4034', 'muslim_6987', 'muslim_2822', 'muslim_3876', 'muslim_5964', 'muslim_1985', 'bukhari_4311', 'bukhari_7039', 'bukhari_5704', 'muslim_3671']"
C1491,"নবী (স.) বলেছেন, ""মহিলা হিসেবে আমার সবচেয়ে প্রিয় ব্যক্তি হলো আয়েশা।"" যখন তাকে জিজ্ঞাসা করা হলো, ""পুরুষদের মধ্যে কে?"" তিনি বললেন, ""আয়েশার বাবা।""","['muslim_6177', 'bukhari_3662', 'bukhari_4358', 'muslim_7431', 'muslim_6737']",bukhari_6145,"['bukhari_6145', 'bukhari_3994', 'bukhari_5084', 'bukhari_1073', 'muslim_4910', 'muslim_6970', 'muslim_6996', 'bukhari_4805', 'muslim_5795', 'bukhari_2633']"
C1492,"হযরত হুরায়রা (রা) বলেছেন, রাসূলুল্লাহ (সা) বলেছেন যে, যখন কেউ তাশাহুদ পড়বে, তখন তাকে চারটি বিষয়ে আল্লাহর কাছে আশ্রয় প্রার্থনা করতে হবে: জাহান্নামের শাস্তি, কবরে শাস্তি, জীবন ও মৃত্যুর ফিতনা, এবং মসীহ দাজ্জালের শত্রুতা। এরপর সে নিজের জন্য যা চায়, তা প্রার্থনা করতে পারে।","['muslim_1324', 'muslim_1326', 'muslim_1328', 'muslim_6871', 'muslim_1325']",bukhari_6791,"['bukhari_6791', 'muslim_4866', 'bukhari_6145', 'muslim_6429', 'muslim_618', 'muslim_6595', 'muslim_2129', 'muslim_3540', 'bukhari_7530', 'muslim_6136']"
C1495,"রাসূলুল্লাহ (সা.) বলেছেন, কাব বিন আশরাফ আল্লাহ ও তাঁর রাসূলকে আঘাত করেছে, তাই মুহাম্মদ বিন মুসলিমা বললেন, ""আমি তাকে হত্যা করতে চাই।"" রাসূল (সা.) তাকে অনুমতি দিলেন এবং তিনি কাবের কাছে গিয়ে তাকে হত্যা করলেন।","['muslim_4664', 'bukhari_4037', 'bukhari_3031', 'bukhari_2510', 'muslim_7386']",muslim_3265,"['muslim_3265', 'muslim_575', 'muslim_5979', 'muslim_3834', 'muslim_495', 'muslim_3509', 'muslim_3514', 'bukhari_5257', 'muslim_3811', 'muslim_4845']"
C1496,"রাসূলুল্লাহ (সা.) বলেছেন, আপনারা জানেন যে, আপনার একজন ভাই মারা গেছেন, তাই আপনাদের উচিত তার জন্য নামাজ পড়া। এরপর আমরা দাঁড়িয়ে দুই সারিতে নামাজ পড়তে শুরু করলাম।","['muslim_2209', 'muslim_2210', 'muslim_4669', 'muslim_4234', 'muslim_6549']",bukhari_6791,"['bukhari_6791', 'muslim_6970', 'muslim_575', 'muslim_5796', 'muslim_5848', 'muslim_471', 'muslim_3514', 'bukhari_6056', 'muslim_4845', 'bukhari_1162']"
C1499,"নবী সাল্লাল্লাহু আলাইহি ওয়াসাল্লাম তাঁর অসুস্থতার সময় একজনকে বলেছিলেন যে, সম্পদের সবটুকু দান করতে। নবীজি বললেন, ""না,"" তারপর তিনি বললেন, ""অর্ধেক?"" নবীজি আবার বললেন, ""না,"" শেষে বললেন, ""তৃতীয়াংশ,"" এবং বললেন, ""তৃতীয়াংশ অনেক।""","['muslim_4215', 'muslim_4214', 'bukhari_5354', 'muslim_4218', 'bukhari_2744']",bukhari_6791,"['bukhari_6791', 'bukhari_3580', 'bukhari_236', 'bukhari_1073', 'muslim_6970', 'bukhari_4805', 'bukhari_6997', 'muslim_4203', 'bukhari_6505', 'bukhari_6790']"
C1500,"নবী মুহাম্মদ (সা.) বলেছেন, যে ব্যক্তি ইচ্ছাকৃতভাবে আমার উপর মিথ্যা কথা বলে, সে যেন জাহান্নামের আসন গ্রহণ করে।","['muslim_7510', 'muslim_4', 'bukhari_1291', 'bukhari_3461', 'bukhari_6197']",bukhari_3994,"['bukhari_3994', 'muslim_789', 'muslim_1849', 'muslim_3208', 'muslim_3639', 'muslim_5118', 'muslim_6669', 'muslim_997', 'muslim_2506', 'muslim_933']"
C1501,"রাসূলুল্লাহ (সা.) বলেছেন, আল্লাহর প্রশংসা, কুরআন হল মূল বই এবং এটি সাতটি পুনরাবৃত্তি আকারে এসেছে।","['bukhari_4704', 'bukhari_5006', 'muslim_4234', 'muslim_5322', 'bukhari_4647']",muslim_3208,"['muslim_3208', 'muslim_3639', 'muslim_4850', 'muslim_5931', 'muslim_6177', 'muslim_5634', 'muslim_2752', 'muslim_997', 'muslim_5110', 'muslim_3485']"
C1504,"নবী (সা.) বলেছেন, কিয়ামতের দিন মানুষ তাদের রবের সামনে দাঁড়িয়ে থাকবে এবং একজনের ঘাম তার কান পর্যন্ত পৌঁছাবে।","['muslim_7203', 'bukhari_6531', 'bukhari_4938', 'muslim_481', 'muslim_939']",muslim_4866,"['muslim_4866', 'muslim_6945', 'muslim_6429', 'muslim_6996', 'muslim_6387', 'muslim_1849', 'muslim_7071', 'muslim_1845', 'muslim_3540', 'muslim_5211']"
C1506,"আমি শুনেছি যে, রাসূলুল্লাহ (সা.) জোহরের নামাজ পড়ার সময় বলেছেন, ""আমি জানি যে, তোমাদের মধ্যে কেউ কেউ আমার সাথে এই নামাজে অংশগ্রহণ করেনি।""","['muslim_887', 'muslim_888', 'muslim_4264', 'muslim_1380', 'muslim_5947']",muslim_495,"['muslim_495', 'muslim_3265', 'muslim_3834', 'bukhari_4545', 'muslim_5979', 'muslim_7188', 'muslim_3811', 'muslim_1279', 'bukhari_5257', 'muslim_2410']"
C1509,"আমরা শুনেছি যে, عمر মক্কায় প্রবেশ করার আগে রাতে بذي طوى তে অবস্থান করতেন এবং সকালে গোসল করে দিনের বেলায় মক্কায় প্রবেশ করতেন। তিনি নবী সাল্লাল্লাহু আলাইহি ওয়া সাল্লাম এর এই পদ্ধতি অনুসরণ করতেন।","['muslim_3045', 'bukhari_491', 'muslim_3044', 'muslim_3046', 'bukhari_1574']",muslim_4406,"['muslim_4406', 'muslim_495', 'muslim_3834', 'muslim_3862', 'muslim_3509', 'muslim_1621', 'muslim_2207', 'muslim_5694', 'muslim_3811', 'muslim_3135']"
C1510,"নবী (সা.) বলেছেন, পুরুষদের উচিত অন্য পুরুষের নগ্নতা না দেখা এবং নারীদেরও অন্য নারীর নগ্নতা না দেখা। এছাড়া, পুরুষদের একসাথে একই কাপড়ে থাকা এবং নারীদেরও একইভাবে থাকা উচিত নয়।","['muslim_768', 'muslim_3442', 'muslim_769', 'muslim_3458', 'muslim_710']",muslim_575,"['muslim_575', 'bukhari_6791', 'bukhari_6505', 'muslim_6531', 'bukhari_5257', 'muslim_471', 'bukhari_1073', 'bukhari_3307', 'bukhari_158', 'muslim_4203']"
C1511,"রাসূলুল্লাহ (সা.) বলেছেন, যদি হিজরত না হতো, তাহলে আমি আনসারদের একজন হতাম। তিনি আরও বলেন, যদি মানুষ একটি উপত্যকা দিয়ে চলে, আর আনসাররা অন্য একটি উপত্যকা দিয়ে চলে, তাহলে আমি আনসারদের উপত্যকাতেই চলতাম।","['bukhari_7244', 'muslim_2440', 'bukhari_7245', 'muslim_2446', 'muslim_2439']",muslim_4866,"['muslim_4866', 'bukhari_6145', 'muslim_6970', 'muslim_1849', 'muslim_5118', 'bukhari_6791', 'muslim_848', 'muslim_7071', 'muslim_2762', 'muslim_471']"
C1512,"নবী (সা.) বলেছেন, শয়তান কখনো বন্ধ দরজা খুলতে পারে না এবং মানুষের বাড়িতে ফোঁড়া লাগাতে পারে।","['muslim_5246', 'muslim_5250', 'muslim_6222', 'muslim_2957', 'muslim_6526']",bukhari_6791,"['bukhari_6791', 'muslim_471', 'muslim_6970', 'muslim_4866', 'muslim_6429', 'muslim_208', 'muslim_7130', 'muslim_3645', 'muslim_7440', 'muslim_5428']"
C1513,"রাসূলুল্লাহ (সা.) বলেছেন, যে দুইজন একে অপরকে গালিগালাজ করে তাদের হিসাব আল্লাহর কাছে হবে। যদি একজন সত্যি বলে, তাহলে তার জন্য কিছু নেই, কিন্তু যদি মিথ্যা বলে, তাহলে তার জন্য তা আরও দূরে।","['muslim_3748', 'bukhari_5350', 'bukhari_5312', 'muslim_3743', 'muslim_4387']",muslim_3208,"['muslim_3208', 'muslim_3981', 'muslim_789', 'muslim_2752', 'muslim_4850', 'muslim_4940', 'muslim_6177', 'muslim_3639', 'muslim_913', 'muslim_7167']"
C1520,"নবীজি বলেছেন, মহিলাদের মসজিদে আসার অধিকার থেকে বঞ্চিত করা উচিত নয়। বেলাল বলেছিলেন যে তিনি তাদের বাধা দেবেন, কিন্তু আবদুল্লাহ তাকে স্মরণ করিয়ে দিয়েছিলেন নবীজির কথা।","['muslim_995', 'muslim_989', 'muslim_992', 'muslim_2318', 'muslim_1560']",muslim_1832,"['muslim_1832', 'muslim_5159', 'bukhari_3994', 'muslim_5921', 'bukhari_2290', 'muslim_6292', 'muslim_3208', 'muslim_3731', 'muslim_5917', 'muslim_3639']"
C1521,"আমি শুনেছি যে, عمر একটি ঘোড়া আল্লাহর পথে ব্যবহার করার জন্য রাসূলুল্লাহ (সা.)-এর কাছ থেকে নিয়েছিলেন। পরে তিনি জানতে পারেন যে, ঘোড়াটি বিক্রি করতে চান, তখন রাসূলুল্লাহ (সা.) তাঁকে বলেছিলেন যে, ঘোড়াটি কিনতে না এবং তাঁর দান থেকে ফিরে না আসতে।","['bukhari_2775', 'muslim_4167', 'muslim_4169', 'bukhari_2971', 'bukhari_3002']",muslim_1985,"['muslim_1985', 'bukhari_3322', 'muslim_6746', 'bukhari_297', 'muslim_3834', 'muslim_434', 'muslim_483', 'muslim_3876', 'muslim_3671', 'muslim_3811']"
C1522,"নবীজি (সাল্লাল্লাহু আলাইহি ওয়া সাল্লাম) বলেছেন, রোগের সংক্রমণ নেই এবং অশুভ লক্ষণ তিনটি জিনিসে থাকে: নারী, বাড়ি এবং পশুতে।","['bukhari_5753', 'muslim_5805', 'bukhari_5772', 'muslim_5789', 'muslim_5803']",muslim_6794,"['muslim_6794', 'muslim_4866', 'bukhari_5944.2', 'bukhari_5084', 'bukhari_6791', 'muslim_6521', 'muslim_6141', 'muslim_3645', 'muslim_5795', 'bukhari_6145']"
C1523,"মুহাম্মদ আল-ক্বারী আবু আইয়ুবের মাধ্যমে বলেছেন, নবী সাল্লাল্লাহু আলাইহি ওয়া সাল্লাম বলেছেন, ""আগুন দ্বারা পরিবর্তিত জিনিস থেকে ওজু করো।""","['muslim_789', 'muslim_788', 'muslim_7167', 'muslim_6699', 'muslim_165']",bukhari_6791,"['bukhari_6791', 'muslim_4203', 'muslim_6970', 'muslim_208', 'muslim_5796', 'muslim_6162', 'muslim_6429', 'muslim_3265', 'muslim_5428', 'bukhari_236']"
C1527,"একজন ব্যক্তি নবী সাল্লাল্লাহু আলাইহি ওয়াসাল্লামের কাছে এসে বললেন, ""হে রাসূল, আমি রাতে স্বপ্নে দেখেছি একটি ছায়া, যা ঘি ও মধু দিয়ে পরিপূর্ণ ছিল।""","['muslim_5929', 'muslim_5928', 'muslim_5930', 'bukhari_7046', 'muslim_5927']",muslim_495,"['muslim_495', 'bukhari_7395', 'bukhari_4545', 'bukhari_429', 'muslim_3265', 'muslim_514', 'muslim_3834', 'muslim_483', 'muslim_434', 'bukhari_6056']"
C1529,"আমি শুনেছি যে, একজন ব্যক্তি বলেছিল যে, তিনি উসমানকে কথা বলার জন্য যেতে চাননি কারণ তিনি প্রথমে কিছু শুরু করতে চাননি। তিনি বলেছেন, কিয়ামতের দিন একজন মানুষকে যখন জাহান্নামে নেওয়া হবে, তখন তার পেটের অন্ত্র বেরিয়ে আসবে এবং তিনি সেখান থেকে ঘুরতে থাকবেন, আর জাহান্নামের লোকেরা তাকে বলবে, ""তুমি তো ভালো কাজের কথা বলতে এবং খারাপ কাজ থেকে বিরত থাকতে বলেছিলে, তাহলে তুমি কেন তা করনি?""","['muslim_7483', 'bukhari_3267', 'bukhari_7098', 'muslim_451', 'muslim_454']",bukhari_155,"['bukhari_155', 'muslim_7141', 'bukhari_1506', 'bukhari_3556', 'bukhari_1993', 'muslim_2086', 'bukhari_5844', 'muslim_2272', 'bukhari_5345', 'bukhari_3210']"
C1530,"রাসূলুল্লাহ (সা.) বলেছেন, যদি কেউ সফরে থাকে, তবে সে চাইলে রোজা রাখতে পারে এবং চাইলে রোজা ভঙ্গ করতে পারে।","['muslim_2626', 'muslim_2625', 'muslim_5309', 'bukhari_1943', 'bukhari_1942']",muslim_4866,"['muslim_4866', 'muslim_7130', 'muslim_3540', 'muslim_6387', 'muslim_6429', 'muslim_6945', 'muslim_6162', 'muslim_1849', 'muslim_6996', 'muslim_5211']"
C1532,"নবী (সাল্লাল্লাহু আলাইহি ওয়া সাল্লাম) তাঁর ডান ও বাম দিকে সালাম দিতেন এবং বলতেন, ""আসসালামু আলাইকুম ওয়া রাহমাতুল্লাহ""।","['muslim_970', 'muslim_7163', 'muslim_902', 'muslim_6301', 'muslim_6304']",bukhari_3994,"['bukhari_3994', 'muslim_789', 'muslim_3639', 'muslim_913', 'muslim_3731', 'muslim_3981', 'muslim_3208', 'bukhari_6145', 'muslim_2762', 'muslim_6710']"
C1533,"একজন বেদুইন রাসূলুল্লাহ (সা.)-এর কাছে ইসলাম গ্রহণের জন্য বাইয়াত করেছিলেন। কিন্তু যখন তিনি মদিনায় অসুস্থ হয়ে পড়লেন, তখন তিনি রাসূল (সা.)-এর কাছে এসে বললেন, ""আমার বাইয়াত ফিরিয়ে নিন,"" কিন্তু রাসূল (সা.) তা প্রত্যাখ্যান করলেন। এরপর রাসূল (সা.) বললেন, ""মদিনা হলো একটি কুম্ভ, যা মন্দকে দূর করে এবং ভালোকে পরিষ্কার করে।""","['muslim_3355', 'bukhari_7322', 'bukhari_7211', 'bukhari_7209', 'muslim_6229']",bukhari_4545,"['bukhari_4545', 'muslim_1985', 'muslim_3671', 'muslim_3876', 'bukhari_3322', 'muslim_5964', 'muslim_1279', 'muslim_4034', 'muslim_1280', 'muslim_3811']"
C1534,নবী মুহাম্মদ (সা.) তাঁর মাথায় পানি ঢেলে তিনবার মাটি ছিটাতেন।,"['muslim_5379', 'muslim_5137', 'muslim_5103', 'muslim_944', 'muslim_378']",muslim_1832,"['muslim_1832', 'muslim_3731', 'muslim_5274', 'bukhari_2944', 'bukhari_241', 'muslim_3208', 'muslim_789', 'bukhari_3994', 'muslim_6970', 'muslim_5917']"
C1535,"নবী মুহাম্মদ (সা.) বলেছেন যে, শুক্রবারের দিন রোজা রাখা উচিত নয়, তবে এর আগে বা পরে একদিন রোজা রাখতে পারা যায়।","['muslim_2683', 'muslim_2747', 'bukhari_1985', 'muslim_2684', 'muslim_4233']",muslim_495,"['muslim_495', 'muslim_3834', 'bukhari_284', 'muslim_6746', 'muslim_3265', 'muslim_3811', 'muslim_4406', 'muslim_3862', 'muslim_1279', 'muslim_1985']"
C1536,"রাসূলুল্লাহ (সা.) হাওয়াজেনের মুসলিম প্রতিনিধিদের বলেছিলেন যে, তারা যদি তাদের সম্পদ বা বন্দীদের মধ্যে থেকে কিছু একটিকে বেছে নিতে চান, তাহলে তাদের জন্য এটি সম্ভব। পরে, তিনি ঘোষণা করেন যে, যারা তাদের বন্দীদের ফিরিয়ে দিতে চান, তারা তা করতে পারেন।","['bukhari_2307', 'bukhari_2308', 'bukhari_4318', 'bukhari_4319', 'bukhari_3131']",muslim_495,"['muslim_495', 'bukhari_5257', 'muslim_6531', 'muslim_3509', 'muslim_3834', 'muslim_575', 'muslim_4845', 'muslim_4203', 'bukhari_1073', 'bukhari_284']"
C1537,"রাসূলুল্লাহ (সাল্লাল্লাহু আলাইহি ওয়া সাল্লাম) বলেছেন, যে ব্যক্তি আল্লাহর জন্য একনিষ্ঠভাবে জীবন যাপন করে, নামাজ পড়ে এবং যাকাত দেয়, আল্লাহ তার প্রতি সন্তুষ্ট থাকেন এবং সে মৃত্যুবরণ করলে তাকে আল্লাহর কাছে সম্মানিত অবস্থায় পাওয়া যাবে।","['muslim_113', 'muslim_199', 'muslim_124', 'bukhari_2715', 'muslim_106']",muslim_483,"['muslim_483', 'muslim_434', 'bukhari_297', 'bukhari_6989', 'muslim_6746', 'bukhari_5510', 'bukhari_6988', 'bukhari_3322', 'bukhari_284', 'bukhari_2818']"
C1541,"নবী (সা) বলেছেন, ""অতি কঠোরতার কারণে ধ্বংস হবে তারা।""","['muslim_6784', 'muslim_539', 'muslim_7012', 'muslim_538', 'muslim_5770']",muslim_5917,"['muslim_5917', 'muslim_5921', 'muslim_3776', 'muslim_3362', 'muslim_3208', 'muslim_5159', 'muslim_2559', 'muslim_4180', 'muslim_5268', 'muslim_3161']"
C1544,"রাসূলুল্লাহ (সাল্লাল্লাহু আলাইহি ওয়া সাল্লাম) ফাতিমাকে একটি খেমেল, একটি জলদানি এবং একটি খাস্তা বালিশ প্রস্তুত করেছিলেন, যা তিনি ঘাস দিয়ে ভরেছিলেন।","['muslim_6290', 'muslim_4582', 'muslim_4642', 'muslim_5446', 'muslim_6313']",muslim_6970,"['muslim_6970', 'bukhari_241', 'bukhari_2200', 'muslim_2043', 'bukhari_6145', 'muslim_471', 'bukhari_6791', 'muslim_4866', 'bukhari_158', 'muslim_3731']"
C1545,"রাসূলুল্লাহ (সাল্লাল্লাহু আলাইহি ওয়াসাল্লাম) বলেছেন যে, একজন মানুষের গঠন তার মায়ের পেটে প্রথম ৪০ দিন হয়, তারপর ৪০ দিন আলাকায় এবং এরপর ৪০ দিন মাংসের টুকরো আকারে থাকে। এরপর আল্লাহ একজন ফেরেশতাকে পাঠান, যিনি তার ভাগ্য, জীবিকা এবং মৃত্যুর সময় নির্ধারণ করেন।","['muslim_6723', 'bukhari_3208', 'bukhari_3332', 'bukhari_6594', 'bukhari_7454']",bukhari_2850,"['bukhari_2850', 'bukhari_6791', 'bukhari_4466', 'muslim_2410', 'bukhari_5769', 'muslim_495', 'muslim_6429', 'bukhari_6056', 'muslim_3514', 'muslim_4845']"
C1547,"আমি শুনেছি যে আবু বকর এবং উমর বলেছেন, যে কেউ যদি কুরআনকে তার আসল রূপে পড়তে চায়, তাহলে তাকে আবন উম আব্দের পড়ার পদ্ধতিতে পড়তে হবে।","['muslim_1904', 'muslim_1916', 'muslim_6210', 'muslim_3597', 'muslim_1890']",muslim_6746,"['muslim_6746', 'muslim_1985', 'bukhari_3322', 'muslim_3876', 'muslim_4034', 'muslim_3671', 'muslim_5964', 'muslim_2822', 'muslim_3822', 'bukhari_7040']"
C1548,"আমি শুনেছি যে, রাসূলুল্লাহ (সা.) রাতে ১৩ রাকাত নামাজ পড়েছিলেন। প্রথমে দুইটি হালকা রাকাত, তারপর দুইটি দীর্ঘ রাকাত, এবং এর পর আরও কয়েকটি রাকাত পড়েন।","['muslim_1804', 'muslim_1789', 'muslim_1792', 'muslim_1724', 'muslim_1288']",muslim_6970,"['muslim_6970', 'bukhari_5084', 'bukhari_6791', 'muslim_5795', 'bukhari_799', 'bukhari_6145', 'muslim_6794', 'muslim_1113', 'muslim_3540', 'muslim_4866']"
C1549,"আমরা শুনেছি যে আয়েশা (রা) বলেছেন, মানুষ তখন কাজের মধ্যে ছিল এবং তাদের জন্য যথেষ্ট সময় ছিল না, তাই তারা শুক্রবার গোসল করার জন্য বলা হয়েছিল।","['muslim_1959', 'bukhari_2071', 'bukhari_903', 'muslim_1982', 'muslim_3364']",muslim_495,"['muslim_495', 'bukhari_284', 'bukhari_5257', 'muslim_6531', 'bukhari_4751', 'bukhari_429', 'bukhari_2614', 'bukhari_6505', 'bukhari_7395', 'bukhari_823']"
C1551,"নবী সাল্লাল্লাহু আলাইহি ওয়াসাল্লাম বলেছেন, প্রতিটি নবীর একজন সহযোগী থাকে এবং সেই সহযোগী হলেন জুবায়র বিন আওয়াম।","['bukhari_3719', 'bukhari_2847', 'muslim_6243', 'bukhari_4113', 'bukhari_2997']",muslim_6746,"['muslim_6746', 'bukhari_3322', 'muslim_1985', 'muslim_4034', 'muslim_5964', 'bukhari_5501', 'muslim_3671', 'bukhari_4545', 'bukhari_5840', 'muslim_3876']"
C1553,"আমি শুনেছি, একজন ব্যক্তি অসুস্থ হলে নবী (সা.) এবং আবু বকর (রা.) তার খোঁজ নিতে গিয়েছিলেন। তিনি যখন জ্ঞান ফিরে পান, তখন নবী (সা.) তাকে বলেন যে আল্লাহ কিভাবে তার সম্পত্তি বণ্টন করতে হবে তা নির্দেশ দিয়েছেন।","['muslim_4145', 'muslim_4147', 'bukhari_6723', 'bukhari_7309', 'bukhari_5651']",bukhari_6145,"['bukhari_6145', 'muslim_6970', 'bukhari_6791', 'bukhari_241', 'bukhari_1073', 'bukhari_6505', 'muslim_2762', 'muslim_471', 'bukhari_158', 'muslim_618']"
C1554,"রাসূলুল্লাহ (সা.) যখন মদিনায় আসলেন, তখন তিনি সেখানে ১৪ দিন অবস্থান করেন। এরপর তিনি আনসারদের কাছে একটি জায়গা কিনতে চান, এবং তারা বললেন, ""আমরা এর মূল্য আল্লাহর কাছে চাইব।"" রাসূলুল্লাহ (সা.) সেখানে মসজিদ নির্মাণের নির্দেশ দেন এবং আনসাররা আনন্দের সঙ্গে কাজ করতে শুরু করেন।","['muslim_1173', 'bukhari_3932', 'bukhari_428', 'bukhari_2774', 'bukhari_1868']",bukhari_284,"['bukhari_284', 'muslim_3834', 'bukhari_4866', 'bukhari_3638', 'bukhari_5769', 'muslim_495', 'muslim_514', 'muslim_434', 'bukhari_6056', 'bukhari_5406']"
C1556,"রাসুলুল্লাহ (সা.) বলেছেন, আমি তোমার অনুমতি চাইছি যাতে আমি পর্দা তুলে ধরতে পারি এবং তোমার কথা শুনতে পারি।","['muslim_5666', 'muslim_2154', 'muslim_1859', 'muslim_5315', 'muslim_6202']",bukhari_6791,"['bukhari_6791', 'muslim_495', 'muslim_2410', 'muslim_208', 'muslim_6531', 'bukhari_1253', 'bukhari_5864', 'bukhari_5257', 'bukhari_518', 'bukhari_2614']"
C1559,"নবী (সা.) আমাদের কাছে এসেছিলেন, তখন আমি, আমার মা এবং আমার খালাতি আম হরাম ছিলাম। আমার মা নবী (সা.)-কে বললেন, ""হে রাসূল, আমার ছেলের জন্য আল্লাহর কাছে দোয়া করুন।"" তখন নবী (সা.) আমাকে সব ধরনের মঙ্গলের জন্য দোয়া করলেন এবং শেষে বললেন, ""হে আল্লাহ, তার সম্পদ ও সন্তান বৃদ্ধি কর এবং এতে বরকত দান কর।""","['muslim_6375', 'muslim_1501', 'muslim_6376', 'bukhari_6344', 'muslim_6396']",muslim_483,"['muslim_483', 'bukhari_5726', 'bukhari_4545', 'bukhari_5984', 'bukhari_3719', 'bukhari_254', 'bukhari_7395', 'bukhari_1923', 'bukhari_205', 'bukhari_4923']"
C1563,"রাসূলুল্লাহ (সা.) বলেছেন, আমাদের মধ্যে কেউ এক পায়ে এক জুতা বা এক স্যান্ডেল পরে হাঁটবে না। আমাদের উচিত বা একসাথে দুইটি জুতা পরা অথবা দুইটি জুতা খুলে ফেলা।","['muslim_5496', 'muslim_5500', 'bukhari_5856', 'muslim_5495', 'muslim_5499']",bukhari_5475,"['bukhari_5475', 'muslim_4850', 'muslim_4866', 'bukhari_799', 'bukhari_5084', 'muslim_789', 'bukhari_3198', 'bukhari_2612', 'muslim_2752', 'muslim_806']"
C1565,"নবী সাল্লাল্লাহু আলাইহি ওয়া সাল্লাম বলেছেন, স্বপ্ন আল্লাহর পক্ষ থেকে আসে, আর ভ্রম আল্লাহর শত্রুর পক্ষ থেকে।","['bukhari_6984', 'muslim_5897', 'muslim_5900', 'bukhari_6995', 'bukhari_6986']",muslim_4940,"['muslim_4940', 'muslim_3981', 'muslim_3208', 'muslim_7167', 'muslim_3485', 'muslim_4177', 'muslim_3776', 'muslim_6278', 'muslim_789', 'muslim_913']"
C1566,"আল্লাহ বলেছেন, একবার একটি মেয়ে কিছু আনসারদের কাছে এসে বলেছিল যে, তার প্রভু তাকে পতিতাবৃত্তিতে বাধ্য করছে। তখন আল্লাহ এই বিষয়ে নির্দেশ নাজিল করেছেন যে, তোমরা তোমাদের মেয়েদের পতিতাবৃত্তিতে বাধ্য করো না।","['muslim_7553', 'muslim_7552', 'muslim_2441', 'muslim_3080', 'muslim_5520']",muslim_6970,"['muslim_6970', 'muslim_471', 'muslim_3357', 'muslim_4866', 'muslim_6996', 'muslim_6429', 'muslim_6669', 'muslim_7130', 'bukhari_5084', 'muslim_3440']"
C1567,"নবী (সা.) বলেছেন, যখন আল্লাহর কাছে কিছু চাইতে যাবো, তখন বলবো, ""হে আল্লাহ, আমাকে মাফ করো, আমাকে দয়া করো, আমাকে সুস্থ রাখো এবং আমাকে রিজিক দাও।"" তিনি চারটি আঙুল একসাথে করতে বলেছেন, শুধু তর্জনী বাদে, কারণ এগুলো আমাদের ধর্ম ও দুনিয়ার জন্য গুরুত্বপূর্ণ।","['muslim_6851', 'muslim_6850', 'muslim_6849', 'muslim_6848', 'muslim_6406']",muslim_6162,"['muslim_6162', 'bukhari_6145', 'bukhari_5984', 'muslim_5118', 'muslim_1371', 'muslim_6429', 'muslim_990', 'muslim_5701', 'muslim_1849', 'muslim_5796']"
C1568,"মুহাম্মদ (সা.) বলেছেন, সফরের নামাজ দুই রাকাত, জুমার নামাজও দুই রাকাত এবং ঈদুল ফিতর ও ঈদুল আযহার নামাজও দুই রাকাত।","['bukhari_592', 'muslim_1596', 'muslim_1671', 'muslim_1949', 'bukhari_1657']",bukhari_6505,"['bukhari_6505', 'bukhari_6791', 'bukhari_1162', 'bukhari_5257', 'bukhari_6798', 'muslim_575', 'bukhari_717', 'bukhari_5634', 'bukhari_5984', 'muslim_495']"
C1569,"নবী মুহাম্মদ (সা.) বলেছেন, আল্লাহ তাকে তাঁর বন্ধু হিসেবে গ্রহণ করেছেন যেমনটি ইব্রাহিম (আ.)-কে গ্রহণ করেছিলেন। তিনি আরও বলেছেন, কিয়ামতের দিন তাঁর এবং ইব্রাহিমের বাড়ি একসাথে থাকবে, এবং আব্বাস (রা.) তাদের মধ্যে একজন বিশ্বাসী হিসেবে থাকবেন।","['muslim_1188', 'muslim_6172', 'muslim_6170', 'muslim_6176', 'muslim_6175']",muslim_2762,"['muslim_2762', 'muslim_3731', 'bukhari_6145', 'bukhari_241', 'muslim_6996', 'muslim_471', 'muslim_5118', 'bukhari_158', 'muslim_1371', 'muslim_848']"
C1571,"আমি শুনেছি, তিনি চারটি উমরাহ পালন করেছেন, যার মধ্যে একটি ছিল হুদায়বিয়ার সাথে এবং অন্যগুলো ছিল জিরআনা ও হুনাইন যুদ্ধের পর।","['bukhari_1780', 'muslim_3032', 'bukhari_4148', 'bukhari_1778', 'bukhari_1779']",muslim_495,"['muslim_495', 'bukhari_5840', 'muslim_6746', 'muslim_2086', 'bukhari_4545', 'muslim_434', 'muslim_1985', 'bukhari_518', 'bukhari_7395', 'bukhari_3322']"
C1576,"নবী মুহাম্মদ (সা.) বলেছেন, পুরুষদের জন্য জাফরান ব্যবহার করা নিষেধ।","['muslim_5507', 'bukhari_5846', 'muslim_3957', 'muslim_1218', 'muslim_3465']",muslim_3731,"['muslim_3731', 'muslim_6669', 'bukhari_3994', 'muslim_2762', 'muslim_789', 'muslim_3208', 'muslim_4910', 'muslim_6970', 'muslim_933', 'muslim_1832']"
C1580,"নবীজি বলেছেন, কেউ যদি তার দান ফিরিয়ে নেয়, তবে সেটা শুধুমাত্র তার সন্তানদের জন্য বৈধ। অন্যথায়, দান ফিরিয়ে নেওয়া যেমন বমি ফিরে খাওয়ার মতো।","['muslim_4174', 'bukhari_2621', 'muslim_4176', 'bukhari_2622', 'bukhari_2589']",muslim_5730,"['muslim_5730', 'muslim_5917', 'muslim_4175', 'bukhari_457', 'muslim_5659', 'muslim_3484', 'muslim_2133', 'muslim_3622', 'muslim_4833', 'muslim_4180']"
C1581,নবী মুহাম্মদ (সা.) একটি বাগানে প্রবেশ করেছিলেন এবং তাঁর সঙ্গে একজন ছোট ছেলে ছিল। নবী (সা.) সেখানে পানি ব্যবহার করে নিজেকে পরিষ্কার করে বের হন।,"['muslim_619', 'muslim_6214', 'muslim_6210', 'muslim_306', 'muslim_7356']",muslim_6012,"['muslim_6012', 'muslim_1832', 'muslim_5159', 'muslim_3731', 'muslim_855', 'bukhari_3994', 'bukhari_2944', 'muslim_3208', 'muslim_5917', 'muslim_6970']"
C1582,"নবী মুহাম্মদ (সা.) এত বেশি রোজা রাখতেন যে আমরা ভাবতে শুরু করতাম তিনি কখনও ইফতার করবেন না, আবার কখনও ইফতার করতেন এমনভাবে যে আমরা মনে করতাম তিনি রোজা রাখতে চান না। তিনি মদিনায় আসার পর রমজান ছাড়া কখনো এক মাসের জন্য ধারাবাহিক রোজা রাখেননি।","['muslim_2719', 'muslim_2721', 'muslim_2726', 'bukhari_1969', 'muslim_2724']",bukhari_255,"['bukhari_255', 'bukhari_5406', 'bukhari_297', 'bukhari_4866', 'bukhari_1073', 'bukhari_4410', 'bukhari_430', 'bukhari_1011', 'bukhari_6996', 'muslim_483']"
C1585,"আমি শুনেছি যে, মঘিরা বিন শোবা বলেছেন, তিনি নবী মুহাম্মদ (সা.)-কে মিম্বারে বলতে শুনেছেন।","['muslim_465', 'muslim_4485', 'muslim_6198', 'muslim_6436', 'muslim_387']",bukhari_1073,"['bukhari_1073', 'bukhari_5984', 'bukhari_1162', 'bukhari_6242', 'bukhari_6505', 'bukhari_6145', 'muslim_6970', 'muslim_5428', 'muslim_4203', 'muslim_3612']"
C1588,"কুফার লোকেরা এই আয়াত নিয়ে বিতর্ক করেছিল যে, ""যে ব্যক্তি ইচ্ছাকৃতভাবে একজন মুমিনকে হত্যা করে।"" আমি ইবন আব্বাসের কাছে গিয়েছিলাম এবং তিনি বললেন, এটি শেষ যে আয়াতগুলোর মধ্যে একটি যা অবতীর্ণ হয়েছে এবং এর কোনো পরিবর্তন হয়নি।","['muslim_7541', 'bukhari_4590', 'muslim_7543', 'muslim_7545', 'bukhari_4766']",muslim_495,"['muslim_495', 'muslim_6970', 'muslim_208', 'muslim_471', 'bukhari_5037.2', 'muslim_5428', 'muslim_6806', 'bukhari_6791', 'bukhari_489', 'muslim_7442']"
C1589,"হযরত আবু হুরায়রা (রা) বলেছেন, রাসূলুল্লাহ (সা) বলেছেন, তোমরা পরস্পরের সঙ্গে বিরোধী আচরণ করো না, একে অপরের পেছনে দৌড়াও না, এবং একে অপরের ব্যবসায় হস্তক্ষেপ করো না। বরং তোমরা আল্লাহর বান্দা হিসেবে ভাই ভাই হয়ে থাকো।","['muslim_6537', 'muslim_6541', 'muslim_6536', 'muslim_6538', 'muslim_6526']",bukhari_6791,"['bukhari_6791', 'bukhari_158', 'bukhari_6145', 'bukhari_1162', 'bukhari_4805', 'bukhari_6505', 'bukhari_3541', 'bukhari_7259', 'bukhari_7258', 'muslim_618']"
C1591,"আবু তালহা নবী (সাল্লাল্লাহু আলাইহি ওয়া সাল্লাম) কে জিজ্ঞেস করেছিলেন যে, যদি এতিমরা মদ পায়, তাহলে কী করতে হবে। নবী (সাল্লাল্লাহু আলাইহি ওয়া সাল্লাম) বলেছেন, সেটি ঢেলে ফেলতে হবে, এবং তা ভিনেগার বানানোর জন্য ব্যবহার করা যাবে না।","['muslim_6322', 'muslim_1542', 'muslim_5517', 'muslim_4050', 'muslim_5358']",bukhari_6791,"['bukhari_6791', 'muslim_2762', 'muslim_4866', 'muslim_848', 'bukhari_158', 'bukhari_4805', 'bukhari_1162', 'muslim_575', 'bukhari_6505', 'bukhari_241']"
C1593,"আমি শুনেছি, রাসূলুল্লাহ (সা.) বলেছেন যে, আবু বকর, উমর এবং উসমানকে জান্নাতের সুসংবাদ দেওয়া হয়েছে। তারা যখন রাসূলুল্লাহ (সা.) এর কাছে এসেছিলেন, তখন তিনি তাদেরকে জান্নাতের খুশির খবর দিয়েছিলেন।","['muslim_6214', 'bukhari_3674', 'muslim_3692', 'muslim_6212', 'muslim_3696']",muslim_495,"['muslim_495', 'bukhari_4923', 'muslim_3834', 'bukhari_4545', 'bukhari_5257', 'muslim_434', 'muslim_483', 'muslim_1985', 'bukhari_5681', 'muslim_3671']"
C1594,"আমার জানা মতে, রাসূলুল্লাহ (সা.) عمرের মেয়ে عاصيةকে 'জামিলা' নামে ডাকতেন।","['muslim_5605', 'muslim_5604', 'muslim_6290', 'muslim_6318', 'muslim_4573']",bukhari_6791,"['bukhari_6791', 'bukhari_6145', 'bukhari_5864', 'bukhari_158', 'bukhari_241', 'muslim_471', 'muslim_6970', 'muslim_4866', 'muslim_5796', 'bukhari_3752']"
C1598,"আমি শুনেছি, রাসূলুল্লাহ (সা.) বলেছেন যে, তিনি কুরাইশদের বিরুদ্ধে অভিযান পরিচালনা করবেন। তিনি তিনবার এই কথা বলেছেন এবং তারপর আল্লাহর ইচ্ছার কথা উল্লেখ করেছেন।","['muslim_2641', 'muslim_3957', 'muslim_5938', 'muslim_1921', 'muslim_4263']",muslim_3208,"['muslim_3208', 'muslim_2752', 'bukhari_3994', 'muslim_6292', 'muslim_5917', 'muslim_1832', 'muslim_3639', 'muslim_4850', 'muslim_3981', 'muslim_6177']"
C1600,"নবী মুহাম্মদ (সা.) বলেছেন, পাঁচটি উট, পাঁচটি ওজন বা পাঁচটি মাপের কম সম্পদের উপর জাকাত নেই।","['muslim_2266', 'muslim_2263', 'bukhari_1459', 'muslim_2268', 'muslim_2271']",muslim_495,"['muslim_495', 'muslim_3834', 'muslim_3265', 'muslim_6746', 'muslim_3811', 'muslim_2207', 'bukhari_284', 'muslim_4406', 'bukhari_518', 'muslim_3862']"
C1602,"নবী (সা.) বলেছেন, যে কেউ এমন একটি জমি উন্নত করে যা কারও নয়, সে সেই জমির অধিকারের অধিকারী। عمر (রা.) তার খিলাফতের সময় এ বিষয়ে সিদ্ধান্ত দিয়েছিলেন।","['bukhari_2335', 'muslim_4128', 'muslim_4087', 'bukhari_2402', 'muslim_583']",muslim_6970,"['muslim_6970', 'muslim_4866', 'muslim_471', 'bukhari_6791', 'muslim_6996', 'muslim_6194', 'bukhari_6145', 'bukhari_241', 'muslim_6136', 'muslim_6521']"
C1603,"আমি শুনেছি, রাসূলুল্লাহ (সা.) বলেছেন, যে ব্যক্তি আসরের নামাজ মিস করে, সে যেন তার পরিবার ও সম্পদ হারানোর মতো।","['muslim_1417', 'bukhari_552', 'muslim_1419', 'muslim_6129', 'muslim_7424']",muslim_6162,"['muslim_6162', 'muslim_6970', 'muslim_5848', 'muslim_1371', 'muslim_5796', 'muslim_6429', 'muslim_495', 'muslim_6595', 'muslim_575', 'muslim_6136']"
C1604,"রাসূলুল্লাহ (সা.) একবার আনসারদের একজনের কাছে গিয়েছিলেন। তিনি যখন একটি ছুরি নিয়ে কোরবানি দিতে যাচ্ছিলেন, তখন রাসূলুল্লাহ (সা.) তাকে বললেন, ""তুমি দুধ দেওয়া গাভীকে হত্যা করো না।""","['muslim_5313', 'muslim_4271', 'muslim_7167', 'muslim_1690', 'muslim_7072']",muslim_495,"['muslim_495', 'muslim_3265', 'muslim_5979', 'muslim_3834', 'bukhari_6791', 'muslim_2410', 'muslim_6531', 'muslim_3514', 'muslim_4203', 'muslim_6970']"
C1608,"আমি শুনেছি, নবী (সা.) বলেছেন যে, এক কিরাতের মূল্য উহুদ পর্বতের সমান।","['muslim_2197', 'muslim_2196', 'muslim_6787', 'muslim_5213', 'muslim_5799']",muslim_3208,"['muslim_3208', 'bukhari_5475', 'muslim_4850', 'muslim_6342', 'muslim_2752', 'muslim_7167', 'muslim_6177', 'muslim_5917', 'muslim_2751', 'muslim_1875']"
C1609,"নবীজি (সাল্লাল্লাহু আলাইহি ওয়াসাল্লাম) বলেছেন, যে ব্যক্তি হজ ও উমরার জন্য ইহরাম বাঁধে, তার জন্য একটি তাওয়াফ যথেষ্ট এবং সে তার হজ সম্পন্ন না হওয়া পর্যন্ত নিষিদ্ধ অবস্থায় থাকবে।","['muslim_2991', 'muslim_2910', 'muslim_2912', 'muslim_2911', 'muslim_2982']",bukhari_1162,"['bukhari_1162', 'bukhari_6056', 'muslim_5866', 'bukhari_6505', 'bukhari_5257', 'bukhari_284', 'bukhari_3595.2', 'bukhari_4805', 'bukhari_921', 'bukhari_3307']"
C1610,"রাসুলুল্লাহ (সা.) বলেছেন যে, কবরকে প্লাস্টার করা, তার উপর বসা এবং কবরের উপর বিল্ডিং নির্মাণ করা নিষেধ।","['muslim_2245', 'muslim_3899', 'muslim_4589', 'muslim_5499', 'muslim_6638']",muslim_495,"['muslim_495', 'muslim_6531', 'bukhari_6791', 'muslim_2410', 'muslim_208', 'muslim_471', 'muslim_6970', 'muslim_7440', 'muslim_3514', 'muslim_4203']"
C1613,"নবী সাল্লাল্লাহু আলাইহি ওয়াসাল্লাম বলেছেন, আয়েশা আমাকে বলেছেন যে, তিনি একটি কুরআন লিখতে চান। তিনি আমাকে নির্দেশ দিয়েছেন যে, যখন আমি একটি নির্দিষ্ট আয়াতে পৌঁছাব, তখন তাকে জানাতে। তিনি বললেন, ""নামাজগুলো রক্ষা করো, বিশেষ করে মধ্যম নামাজ এবং আসর নামাজ, এবং আল্লাহর জন্য দাঁড়াও।""","['muslim_1427', 'bukhari_4534', 'muslim_6290', 'muslim_3679', 'muslim_6313']",bukhari_6996,"['bukhari_6996', 'muslim_3811', 'muslim_483', 'muslim_514', 'bukhari_430', 'muslim_434', 'muslim_3834', 'bukhari_1069', 'bukhari_109', 'bukhari_2432']"
C1614,"আমি শুনেছি, রাসূলুল্লাহ (সা.) বলেছেন যে, যখন কেউ অজু করে, তখন তাকে পানি ছিটাতে হবে এবং যখন সে পায়খানা থেকে বের হয়, তখন তাকে তিনবার পরিষ্কার করতে হবে।","['muslim_7007', 'muslim_6807', 'muslim_6370', 'muslim_5651', 'muslim_1750']",muslim_495,"['muslim_495', 'bukhari_5257', 'muslim_3265', 'muslim_483', 'bukhari_284', 'muslim_3834', 'bukhari_4545', 'muslim_1279', 'muslim_434', 'muslim_3539']"
C1624,"নবী সাল্লাল্লাহু আলাইহি ওয়াসাল্লাম বলেছেন যে, আরবান বিক্রি করা নিষেধ। অর্থাৎ, যদি কেউ একটি পশু একশ' দিনার দামে কিনতে চায় এবং দুই দিনার অগ্রিম দেয়, তাহলে যদি সে পশু না কেনে, তাহলে সেই দুই দিনার বিক্রেতার হবে।","['muslim_3883', 'muslim_3788', 'muslim_3878', 'muslim_6514', 'muslim_3910']",muslim_4845,"['muslim_4845', 'muslim_5222', 'muslim_5694', 'muslim_1477', 'bukhari_5257', 'muslim_2709', 'muslim_4203', 'muslim_6429', 'muslim_3509', 'muslim_3853']"
C1625,"নবীজি (সাল্লাল্লাহু আলাইহি ওয়া সাল্লাম) বলেছেন, জান্নাতের অধিকারী হবে দুর্বল ও বিনম্র মানুষ, যারা আল্লাহর নামে শপথ করলে আল্লাহ তাদের কথা রাখবেন। আর জাহান্নামের অধিকারী হবে গর্বিত ও অহংকারী মানুষ।","['muslim_7189', 'muslim_7187', 'bukhari_4918', 'bukhari_6071', 'bukhari_6657']",muslim_789,"['muslim_789', 'muslim_3981', 'muslim_3208', 'muslim_913', 'muslim_4940', 'muslim_4036', 'muslim_6451', 'muslim_4177', 'muslim_6435', 'muslim_4850']"
C1627,"আমি শুনেছি, যে যখন কেউ ইমাম খুতবা দিচ্ছে, তখন তাকে দুই রাকাত নামাজ পড়া উচিত।","['muslim_2024', 'bukhari_1170', 'muslim_2022', 'muslim_1956', 'muslim_1965']",muslim_3612,"['muslim_3612', 'muslim_5428', 'muslim_1336', 'muslim_3539', 'muslim_495', 'muslim_6970', 'muslim_6162', 'muslim_3576', 'bukhari_1162', 'bukhari_6505']"
C1628,"একজন বেদুইন নবী মুহাম্মদ (সা.)-এর কাছে একটি ভাজা খরগোশ নিয়ে এসেছিল। নবী (সা.) তা খাওয়ার জন্য বললেও বেদুইনটি বলেছিল যে সে মাসের তিন দিন রোজা রেখেছে, তখন নবী (সা.) তাকে বলেছিলেন, যদি তুমি রোজা রাখো, তাহলে গরবের দিনগুলোতে রোজা রেখো।","['muslim_6405', 'muslim_6025', 'muslim_3743', 'muslim_7356', 'muslim_3055']",muslim_495,"['muslim_495', 'bukhari_6505', 'bukhari_5984', 'bukhari_6791', 'bukhari_5257', 'muslim_281', 'muslim_3265', 'muslim_5979', 'muslim_6970', 'bukhari_6056']"
C1629,"রাসূলুল্লাহ (সা.) বলেছেন, প্রতিটি আরবি ঘোড়া সকালে দুইবার ডাক দেয়। তিনি আল্লাহর কাছে প্রার্থনা করেন, ""হে আল্লাহ, তুমি যাদেরকে আমার জন্য নির্বাচিত করেছ, তাদের প্রতি আমাকে প্রিয় করো।""","['muslim_6129', 'muslim_5353', 'muslim_5703', 'muslim_6826', 'bukhari_6442']",bukhari_6791,"['bukhari_6791', 'bukhari_6145', 'muslim_6970', 'bukhari_6505', 'muslim_471', 'muslim_281', 'muslim_6162', 'muslim_6429', 'muslim_6136', 'muslim_618']"
C1639,"নবী সাল্লাল্লাহু আলাইহি ওয়া সাল্লাম বলেছেন, আমাদের মধ্যে কেউ যেন কষ্টের কারণে মৃত্যুর কামনা না করে। যদি মৃত্যুর কামনা করতে হয়, তবে বলুক, 'হে আল্লাহ, আমাকে জীবিত রাখো যতক্ষণ জীবন আমার জন্য ভালো, আর আমাকে মৃত্যুর দিকে নিয়ে যাও যদি মৃত্যু আমার জন্য ভালো হয়।'","['muslim_6814', 'bukhari_5671', 'bukhari_6351', 'muslim_6819', 'muslim_2127']",muslim_3811,"['muslim_3811', 'bukhari_3322', 'muslim_6746', 'muslim_3834', 'muslim_514', 'muslim_434', 'muslim_483', 'bukhari_4545', 'muslim_495', 'muslim_3265']"
C1641,"নবী মুহাম্মদ (সা.) বলেছেন, যখন কেউ নামাজে দাঁড়িয়ে থাকে, তখন তার সামনে যদি একটি জিনিস থাকে যা উটের পেছনের অংশের মতো, তাহলে তা তার নামাজকে রক্ষা করে। কিন্তু যদি এমন কিছু না থাকে, তাহলে নারী, ঘোড়া এবং কালো কুকুর নামাজ ভঙ্গ করে। নবী (সা.) বলেন, কালো কুকুর হলো শয়তান।","['muslim_1137', 'muslim_1111', 'muslim_1112', 'muslim_1129', 'muslim_949']",bukhari_297,"['bukhari_297', 'bukhari_1069', 'muslim_1985', 'muslim_6746', 'bukhari_1923', 'bukhari_3122', 'muslim_3822', 'bukhari_6996', 'bukhari_430', 'muslim_483']"
C1643,"নবী মুহাম্মদ (সা.) বলেছেন যে, তিনি আজকের দিনেই আবিসিনিয়ার রাজা নাজাশি সম্পর্কে জানিয়েছেন যে তিনি মারা গেছেন। তিনি আমাদের বলেছেন, আমাদের উচিত তার জন্য দোয়া করা।","['muslim_2205', 'bukhari_3880', 'bukhari_1327', 'bukhari_1328', 'muslim_2204']",bukhari_2944,"['bukhari_2944', 'bukhari_3994', 'muslim_1832', 'muslim_5159', 'muslim_3208', 'muslim_6292', 'muslim_3639', 'muslim_913', 'muslim_6342', 'muslim_789']"
C1644,"নবী সাল্লাল্লাহু আলাইহি ওয়া সাল্লাম বলেছেন যে, যে ব্যক্তি মিথ্যা কথা বলবে, তাকে জাহান্নামের আগুনে নিক্ষেপ করা হবে।","['muslim_1495', 'muslim_1493', 'muslim_5385', 'muslim_1494', 'muslim_2638']",muslim_495,"['muslim_495', 'muslim_3265', 'bukhari_5257', 'muslim_3811', 'muslim_3862', 'muslim_4406', 'muslim_4070', 'muslim_4152', 'muslim_5694', 'muslim_1477']"
C1646,"আবু বুরদা এবং আবদুল্লাহ বিন শাদাদ বলেছেন যে, তারা আবদুর রহমান বিন আবজি এবং আবদুল্লাহ বিন আবী আওফার কাছে গিয়েছিলেন। সেখানে তারা জানিয়েছেন যে, তারা রাসূলুল্লাহ (সা.)-এর সাথে মাগানিম লাভ করতেন এবং তখন শাম অঞ্চলের কিছু লোক তাদের কাছে এসে গম, বার্লি এবং কিশমিশের জন্য নির্দিষ্ট সময়ে ঋণ নিতেন।","['bukhari_2254', 'bukhari_2255', 'bukhari_2244', 'bukhari_2242', 'bukhari_2243']",bukhari_4029,"['bukhari_4029', 'muslim_3834', 'muslim_483', 'bukhari_3999', 'bukhari_4923', 'bukhari_5257', 'muslim_1985', 'muslim_434', 'bukhari_5764', 'bukhari_517']"
C1648,"আয়েশা বললেন, তিনি বারিরা নামের একটি নারীকে কিনেছিলেন এবং তার পরিবার শর্ত দিয়েছিল যে, তিনি তাদের অধীনে থাকবেন। তখন তিনি নবীকে জানালে নবী বললেন, ""তাকে মুক্ত করো, কারণ মুক্তির অধিকার তার, যে টাকা দিয়েছে।"" এরপর আয়েশা তাকে মুক্ত করে দেন এবং নবী তাকে তার স্বামীর থেকে স্বাধীনভাবে বেছে নিতে বলেন, তিনি নিজেকে বেছে নেন, কারণ তার স্বামী মুক্ত ছিলেন।","['bukhari_2536', 'bukhari_6758', 'muslim_3781', 'muslim_3783', 'muslim_3782']",muslim_6970,"['muslim_6970', 'bukhari_1073', 'bukhari_6145', 'muslim_4910', 'muslim_6635', 'muslim_7168', 'muslim_3357', 'muslim_471', 'muslim_5118', 'muslim_3440']"
C1650,"রাসূলুল্লাহ (সা.) প্রতি শুক্রবার এই বক্তব্য দিতেন। তিনি বলেছিলেন যে, তাঁর এবং আমাদের তন্দুর এক।","['muslim_2014', 'muslim_2015', 'muslim_4182', 'muslim_1694', 'muslim_4603']",muslim_5159,"['muslim_5159', 'muslim_5921', 'muslim_5917', 'muslim_3776', 'muslim_1094', 'muslim_6431', 'muslim_7187', 'muslim_3208', 'muslim_5730', 'muslim_2559']"
C1652,"আমি শুনেছি যে, একজন ব্যক্তি বলেছিলেন যে তিনি নামাজ পড়ছেন, কিন্তু আসলে তিনি নামাজের উদ্দেশ্যে পড়ছেন না; বরং তিনি আমাদেরকে দেখাতে চান যে কিভাবে তিনি রাসূলুল্লাহ (সা.)-কে নামাজ পড়তে দেখেছেন।","['bukhari_677', 'bukhari_824', 'muslim_1060', 'muslim_2091', 'muslim_3690']",bukhari_4545,"['bukhari_4545', 'bukhari_3322', 'bukhari_2950', 'bukhari_7040', 'bukhari_4311', 'muslim_6746', 'muslim_2086', 'bukhari_5501', 'muslim_1985', 'bukhari_1534']"
C1654,"রাসূলুল্লাহ (সাল্লাল্লাহু আলাইহি ওয়া সাল্লাম) হজের উদ্দেশ্যে বের হয়েছিলেন এবং তাঁর সঙ্গীরা ছিলেন। এ সময় আবু কাতাদা একটি বন্য গাধাকে শিকার করেন এবং তার মাংস খান, যদিও তারা সবাই ইহরাম অবস্থায় ছিলেন। রাসূলুল্লাহ (সাল্লাল্লাহু আলাইহি ওয়া সাল্লাম) বললেন, তারা যদি কেউ তাকে নির্দেশ না দেয়, তবে তাদের জন্য মাংস খাওয়া বৈধ।","['muslim_2855', 'bukhari_1824', 'muslim_1562', 'muslim_2854', 'muslim_4998']",bukhari_5406,"['bukhari_5406', 'bukhari_1162', 'bukhari_3307', 'bukhari_6505', 'bukhari_6056', 'muslim_370', 'bukhari_6798', 'bukhari_7258', 'bukhari_7259', 'muslim_967']"
C1656,"নবী (সাল্লাল্লাহু আলাইহি ওয়া সাল্লাম) আব্দুল্লাহ বিন হুদাফা বিন কিস বিন আদীকে একটি বিশেষ মিশনে পাঠিয়েছিলেন। এটা আমাদের জন্য একটি গুরুত্বপূর্ণ শিক্ষা যে, আল্লাহ এবং তাঁর রাসূলের আদেশ মানা উচিত।","['muslim_4746', 'bukhari_4584', 'muslim_3410', 'muslim_314', 'muslim_7219']",bukhari_3994,"['bukhari_3994', 'muslim_3731', 'muslim_1832', 'bukhari_6145', 'muslim_2762', 'muslim_1998', 'muslim_1329', 'muslim_5552', 'muslim_2568', 'muslim_6041']"
C1659,"রাসূলুল্লাহ (সা.) ফজরের নামাজ পড়তেন, এবং সেই সময়ে কিছু মুমিন নারীরা তাঁর সাথে নামাজে অংশ নিতেন, কিন্তু কেউ তাঁদের চিনতে পারতো না।","['bukhari_372', 'muslim_1458', 'muslim_1457', 'bukhari_578', 'muslim_4640']",muslim_495,"['muslim_495', 'muslim_6531', 'bukhari_6791', 'muslim_208', 'muslim_2410', 'muslim_471', 'bukhari_5424', 'bukhari_5864', 'bukhari_3088', 'bukhari_5257']"
C1663,"আমি শুনেছি, রাসূলুল্লাহ (সা.) আমাদেরকে জাকাতুল ফিতর দেওয়ার সময় খাদ্য, গম, খেজুর, কিশমিশ বা দইয়ের একটি সা' পরিমাণ দিতে নির্দেশ দিয়েছিলেন।","['muslim_2284', 'bukhari_1506', 'muslim_2287', 'muslim_2279', 'muslim_2285']",muslim_495,"['muslim_495', 'muslim_3265', 'muslim_6970', 'muslim_3834', 'muslim_5979', 'muslim_575', 'muslim_2207', 'muslim_3539', 'muslim_3754', 'muslim_5848']"
C1666,"আমি শুনেছি আবু দারদা বলেছেন যে, আল্লাহ তাঁর নবী (সাল্লাল্লাহু আলাইহি ওয়াসাল্লাম) এর মাধ্যমে আম্মারকে শয়তানের হাত থেকে রক্ষা করেছেন। এটা সত্যিই আশ্চর্যজনক!","['bukhari_3287', 'muslim_905', 'bukhari_3743', 'muslim_6691', 'muslim_906']",bukhari_3322,"['bukhari_3322', 'bukhari_4545', 'muslim_6746', 'muslim_1985', 'muslim_434', 'bukhari_3266', 'bukhari_2950', 'bukhari_6459', 'bukhari_4957', 'muslim_483']"
C1667,"আমি শুনেছি, রাসূলুল্লাহ (সা.) হজের সময় মক্কায় প্রবেশ করার পর তাঁর স্ত্রীদের জন্য গরুর মাংস কোরবানি দিয়েছিলেন। আয়েশা (রা.) বলেছিলেন যে, তিনি এই ঘটনা সম্পর্কে জানিয়েছিলেন।","['bukhari_1720', 'bukhari_2952', 'muslim_2925', 'bukhari_1709', 'muslim_2919']",muslim_495,"['muslim_495', 'muslim_3834', 'muslim_6987', 'muslim_6531', 'muslim_2207', 'muslim_450', 'muslim_6652', 'muslim_1666', 'muslim_3265', 'muslim_7188']"
C1668,"আমি শুনেছি যে, যখন মুঅাজ্জিন আজান দিচ্ছিল, তখন মাওয়িয়া বলেছিলেন, ""আল্লাহু আকবার"" এবং ""আমি সাক্ষ্য দিচ্ছি যে আল্লাহ ছাড়া কোনো ইলাহ নেই""। এরপর তিনি আরও বলেছিলেন, ""আমি সাক্ষ্য দিচ্ছি যে মুহাম্মদ আল্লাহর রাসূল""। তিনি বলেছেন যে, তিনি এই কথাগুলো রাসূলুল্লাহর মুখ থেকে শুনেছেন।","['bukhari_914', 'muslim_850', 'muslim_847', 'muslim_842', 'muslim_851']",bukhari_6996,"['bukhari_6996', 'bukhari_6056', 'bukhari_1073', 'muslim_495', 'bukhari_6997', 'muslim_3509', 'muslim_3811', 'muslim_3265', 'bukhari_5984', 'muslim_575']"
C1669,"রাসূলুল্লাহ (সা.) বলেছেন, কিছু পশু কোরবানির জন্য উপযুক্ত নয়। তিনি চারটি ধরনের পশুর কথা উল্লেখ করেছেন: যেগুলোর চোখের দৃষ্টি স্পষ্ট নয়, যেগুলো অসুস্থ, যেগুলো পঙ্গু, এবং যেগুলো ক্ষতিগ্রস্ত। তিনি বলেছেন, এসব পশু কোরবানি দেওয়া উচিত নয়।","['muslim_3691', 'muslim_6479', 'muslim_4678', 'muslim_3743', 'muslim_4834']",muslim_6342,"['muslim_6342', 'muslim_3208', 'muslim_6177', 'muslim_4850', 'muslim_789', 'muslim_3478', 'muslim_7115', 'muslim_6292', 'muslim_1281', 'muslim_5248']"
C1670,"নবী (সা.) বলেছেন, যে নারী আল্লাহ ও পরকালের উপর বিশ্বাসী, সে তিন দিনের বেশি মৃতের জন্য শোক পালন করতে পারবে না, কেবল তার স্বামী মারা গেলে সে চার মাস দশ দিন শোক পালন করবে।","['muslim_3734', 'muslim_3729', 'muslim_3728', 'bukhari_1281', 'bukhari_1282']",bukhari_6791,"['bukhari_6791', 'bukhari_5984', 'bukhari_6505', 'muslim_471', 'bukhari_158', 'bukhari_6056', 'muslim_3514', 'muslim_2410', 'muslim_575', 'muslim_7440']"
C1671,"আম্মা সুলেমা নবী সাল্লাল্লাহু আলাইহি ওয়াসাল্লামের কাছে প্রশ্ন করেছিলেন যে, যদি কোনো নারী স্বপ্নে পুরুষের মতো কিছু দেখে, তাহলে কি তাকে গোসল করতে হবে? নবীজি উত্তর দিয়েছিলেন, হ্যাঁ, যদি সে পানি দেখে।","['muslim_709', 'muslim_710', 'bukhari_130', 'muslim_712', 'muslim_711']",muslim_2822,"['muslim_2822', 'bukhari_5704', 'bukhari_3322', 'bukhari_4311', 'muslim_6746', 'muslim_3876', 'muslim_4034', 'muslim_1985', 'bukhari_7039', 'bukhari_288']"
C1672,"রাসূলুল্লাহ (সাল্লাল্লাহু আলাইহি ওয়া সাল্লাম) বলেছেন, ""যদি কোনো মহিলা অস্বাভাবিক রক্তপাতের সম্মুখীন হয়, তবে এটি মাসিক রক্তপাত নয়। মাসিক শুরু হলে নামাজ বন্ধ করতে হবে এবং শেষ হলে রক্ত পরিষ্কার করে নামাজ পড়তে হবে।""","['muslim_753', 'bukhari_306', 'bukhari_228', 'bukhari_320', 'bukhari_331']",muslim_3265,"['muslim_3265', 'muslim_3811', 'muslim_575', 'bukhari_6996', 'bukhari_6997', 'muslim_5694', 'muslim_857', 'muslim_3509', 'bukhari_106', 'bukhari_5257']"
C1673,"আমি শুনেছি, নবী মুহাম্মদ (সা.) বলেছেন যে, যদি কেউ অসুবিধায় পড়ে, তাহলে সে মাথার চুল কেটে একটি পশু জবাই করতে পারে, অথবা তিন দিন রোজা রাখতে পারে, অথবা ছয়টি মিসকিনকে তিন সা' খেজুর খাওয়াতে পারে।","['muslim_2882', 'muslim_2877', 'muslim_2881', 'muslim_2880', 'bukhari_1814']",muslim_3265,"['muslim_3265', 'bukhari_5257', 'muslim_575', 'muslim_3509', 'muslim_3811', 'muslim_3834', 'muslim_495', 'bukhari_6996', 'bukhari_284', 'muslim_857']"
C1676,"একজন ব্যক্তি রাসূলুল্লাহ (সা.)-এর কাছে রাতের নামাজ সম্পর্কে জানতে চেয়েছিলেন। রাসূল (সা.) বললেন, রাতের নামাজ দুটি রাকাত করে পড়তে হবে, এবং যদি সকালে উঠার ভয় হয়, তাহলে এক রাকাত পড়ে নিতে হবে।","['muslim_1748', 'bukhari_990', 'muslim_1751', 'muslim_1750', 'muslim_1749']",bukhari_6791,"['bukhari_6791', 'muslim_6970', 'muslim_6531', 'muslim_208', 'muslim_471', 'muslim_4203', 'muslim_495', 'muslim_2410', 'muslim_4866', 'muslim_7440']"
C1677,"নবী সাল্লাল্লাহু আলাইহি ওয়াসাল্লাম বলেছেন যে, তিনি মসজিদের কিবলার দিকে থুতু দেখতে পেয়েছিলেন। তবে, ধুহাকের বক্তব্য অনুযায়ী, এতে কিবলার দিকে থুতুর বিষয়টি উল্লেখ করা হয়েছে।","['muslim_1224', 'muslim_1225', 'bukhari_407', 'muslim_1228', 'bukhari_753']",muslim_6970,"['muslim_6970', 'muslim_3357', 'muslim_471', 'muslim_6139', 'muslim_4910', 'muslim_3440', 'muslim_4866', 'muslim_3645', 'muslim_6905', 'muslim_6635']"
C1679,"রাসূলুল্লাহ সাল্লাল্লাহু আলাইহি ওয়াসাল্লাম বলেছেন, যে গৃহকর্মী আমাদের কাছে আছে, তার খাবার ও পোশাকের ব্যবস্থা করতে হবে এবং তাকে এমন কাজ করতে বলা উচিত যা সে করতে পারে।","['muslim_4316', 'muslim_4324', 'muslim_5301', 'muslim_5262', 'bukhari_1987']",muslim_6746,"['muslim_6746', 'muslim_3876', 'muslim_1985', 'bukhari_3322', 'muslim_3822', 'muslim_5964', 'muslim_3671', 'muslim_4034', 'muslim_2822', 'muslim_1280']"
C1680,"রাসূলুল্লাহ (সা.) বলেছেন, ""হে কুরাইশ, তোমরা আল্লাহর কাছে নিজেদের রক্ষা করো, আমি তোমাদের জন্য আল্লাহর কাছে কিছুই করতে পারবো না।"" তিনি তাঁর পরিবারের সদস্যদেরও একই কথা বলেছেন, যে আমি তোমাদের জন্য আল্লাহর কাছে কিছুই করতে পারবো না।","['muslim_504', 'bukhari_2753', 'bukhari_4771', 'muslim_503', 'muslim_501']",bukhari_6145,"['bukhari_6145', 'bukhari_5984', 'muslim_5796', 'muslim_575', 'muslim_6162', 'bukhari_6791', 'bukhari_6505', 'muslim_281', 'bukhari_1073', 'muslim_848']"
C1686,"নবী সাল্লাল্লাহু আলাইহি ওয়া সাল্লাম বলেছেন, নামাজের সময় যদি কিছু করতে হয়, তাহলে একবার মাটির খোড়া সমান করতে হবে।","['muslim_1219', 'bukhari_1207', 'muslim_1220', 'bukhari_5671', 'muslim_6814']",muslim_6746,"['muslim_6746', 'muslim_495', 'bukhari_284', 'muslim_3822', 'muslim_5964', 'bukhari_3322', 'muslim_3811', 'muslim_3876', 'muslim_4406', 'muslim_3671']"
C1687,"রাসূলুল্লাহ (সা.) রমজানের প্রথম অংশে আমাদের সাথে নামাজ পড়েননি, কিন্তু মাসের শেষের দিকে তিনি আমাদের জন্য বিশেষভাবে দাঁড়িয়েছিলেন। তিনি বলেছিলেন, যে ব্যক্তি ইমামের সাথে নামাজ পড়বে, তার জন্য পুরো রাতের নামাজের সওয়াব হবে।","['muslim_411', 'muslim_1563', 'muslim_3115', 'muslim_1739', 'muslim_5362']",muslim_495,"['muslim_495', 'muslim_483', 'bukhari_284', 'bukhari_4545', 'muslim_3834', 'bukhari_5257', 'muslim_434', 'bukhari_342', 'muslim_6746', 'muslim_514']"
C1689,"নবী মুহাম্মদ (সা.) বলেছেন যে, ফজরের নামাজের পর সূর্য ওঠা পর্যন্ত এবং আসরের নামাজের পর সূর্য ডোবার আগে নামাজ পড়া নিষেধ। এছাড়াও, তিনি এক কাপড়ে বসে থাকার এবং কিছু বিশেষ ধরনের ব্যবসা করার ব্যাপারেও নিষেধ করেছেন।","['bukhari_584', 'muslim_1921', 'bukhari_588', 'bukhari_6284', 'muslim_1374']",muslim_6746,"['muslim_6746', 'muslim_1985', 'muslim_3822', 'bukhari_297', 'muslim_3876', 'bukhari_5447', 'bukhari_4866', 'bukhari_284', 'bukhari_1923', 'muslim_5964']"
C1691,"আল্লাহর রাসূল (সা.) উম্ম সাইব বা উম্ম মুসাইব-এর কাছে গিয়ে জিজ্ঞেস করলেন, ""তুমি কেন এত উদ্বিগ্ন?"" তিনি বললেন, ""জ্বরের কারণে, আল্লাহ এতে বরকত দান করুন না।"" রাসূল (সা.) তখন বললেন, ""জ্বরকে গালি দিও না, কারণ এটি আদম সন্তানের গুনাহ মুছে ফেলে যেমন লোহা থেকে ময়লা দূর হয়।""","['muslim_6570', 'muslim_6627', 'muslim_4374', 'muslim_4934', 'muslim_3603']",muslim_3514,"['muslim_3514', 'muslim_5796', 'muslim_3265', 'muslim_5848', 'muslim_6429', 'muslim_857', 'muslim_2410', 'muslim_575', 'muslim_1371', 'muslim_5979']"
C1697,"রাসূলুল্লাহ (সা.) বলেছেন, আমার উম্মতের মধ্যে সেরা হলো আমার যুগের মানুষ, তারপর যারা তাদের পরবর্তী যুগে আসবে। তিনি কিছু লোকের কথা উল্লেখ করেছেন যারা বিশ্বাসঘাতকতা করবে এবং প্রতিশ্রুতি পালন করবে না।","['muslim_6475', 'bukhari_2651', 'bukhari_3650', 'bukhari_6428', 'bukhari_6695']",bukhari_6791,"['bukhari_6791', 'muslim_2410', 'muslim_471', 'muslim_3514', 'muslim_7440', 'muslim_6531', 'muslim_6736', 'bukhari_5864', 'muslim_495', 'muslim_5962']"
C1698,"আবু হুরাইরা মক্কায় শুক্রবারের নামাজে দুইটি সূরা পড়েছিলেন। তিনি বললেন, তিনি নবী মুহাম্মদ (সা.)-কে এই সূরাগুলি পড়তে শুনেছেন।","['muslim_2026', 'muslim_2027', 'muslim_2035', 'muslim_2031', 'muslim_2028']",muslim_1832,"['muslim_1832', 'bukhari_3994', 'muslim_5159', 'muslim_3731', 'bukhari_2944', 'bukhari_2290', 'muslim_3208', 'muslim_3639', 'muslim_2140', 'muslim_5921']"
C1700,"নবী সাল্লাল্লাহু আলাইহি ওয়াসাল্লাম হিজামা করেছেন এবং যাকে হিজামা করেছেন তাকে উপহার দিয়েছেন। যদি এটি হারাম হত, তাহলে তিনি তাকে উপহার দিতেন না।","['bukhari_2103', 'bukhari_2279', 'muslim_4042', 'muslim_5749', 'muslim_4041']",muslim_3208,"['muslim_3208', 'muslim_5917', 'muslim_3981', 'muslim_3639', 'muslim_6292', 'muslim_789', 'bukhari_3994', 'muslim_2752', 'muslim_4850', 'muslim_913']"
C1705,"আমি শুনেছি, যখন একজন ব্যক্তি অসুস্থ ছিলেন, তখন রাসূলুল্লাহ (সা.) এবং আবু বকর (রা.) তার খোঁজে আসেন। তারা তাকে দেখে পানির সাহায্যে তাওয়াজ্জুহ করেন।","['muslim_4145', 'bukhari_5651', 'bukhari_6723', 'bukhari_7309', 'muslim_4147']",bukhari_3994,"['bukhari_3994', 'muslim_3731', 'bukhari_5084', 'bukhari_6145', 'muslim_1832', 'muslim_6970', 'bukhari_7386', 'bukhari_2944', 'muslim_2140', 'muslim_3208']"
C1708,"আমি শুনেছি যে, নবী মুহাম্মদ (সা.) বলেছেন, একজন মুসলিম নারীকে তার স্বামীর মৃত্যুর পর তিন দিনের বেশি শোক পালন করা উচিত নয়, তবে স্বামী মারা গেলে চার মাস এবং দশ দিন শোক পালন করা যাবে।","['muslim_3728', 'muslim_3725', 'muslim_3726', 'muslim_3727', 'bukhari_1281']",bukhari_5406,"['bukhari_5406', 'bukhari_5838', 'bukhari_5860', 'bukhari_5764', 'bukhari_1011', 'bukhari_5984', 'bukhari_297', 'bukhari_1740', 'bukhari_4455', 'bukhari_4456']"
C1710,"নবী সাল্লাল্লাহু আলাইহি ওয়াসাল্লাম বলেছেন, যে আমাদের বিরুদ্ধে অস্ত্র তুলে সে আমাদের দলের নয়।","['muslim_282', 'bukhari_6874', 'bukhari_7071', 'bukhari_7070', 'muslim_280']",muslim_5919,"['muslim_5919', 'muslim_1849', 'muslim_5118', 'muslim_3332', 'muslim_1566', 'muslim_933', 'muslim_2506', 'muslim_4009', 'muslim_6816', 'muslim_5395']"
C1711,"আম্মা আতিয়া বলেছেন, আমরা মৃতের জানাজার পিছনে যাওয়া থেকে বিরত থাকার জন্য বলা হয়েছিল, কিন্তু আমাদের উপর এটি বাধ্যতামূলক করা হয়নি।","['muslim_2167', 'bukhari_1278', 'muslim_2166', 'bukhari_313', 'bukhari_5341']",muslim_495,"['muslim_495', 'bukhari_4751', 'muslim_4249', 'muslim_3265', 'muslim_3834', 'bukhari_6289', 'muslim_6531', 'bukhari_5257', 'bukhari_1073', 'muslim_7442']"
C1712,"আমি শুনেছি যে, নবী মুহাম্মদ (সা.) বলেছেন, ""মুহাম্মদ এবং তাঁর পরিবারে সালাত পাঠাও যেমন তুমি ইব্রাহিমের উপর সালাত পাঠাও।""","['muslim_911', 'muslim_907', 'muslim_908', 'bukhari_4798', 'bukhari_4797']",muslim_3265,"['muslim_3265', 'muslim_495', 'muslim_575', 'muslim_5979', 'muslim_5848', 'muslim_3514', 'muslim_6970', 'muslim_2410', 'muslim_6162', 'bukhari_5984']"
C1714,"যখন আল্লাহ বলেন যে, যারা খারাপ কাজ করবে তাদের জন্য শাস্তি আছে, তখন মুসলিমরা এই বিষয়ে নবী (সা.)-এর কাছে অভিযোগ করেছিল। নবী (সা.) বলেছেন, আমাদের উচিত চেষ্টা করা এবং সঠিক পথে চলা, কারণ একজন মুমিনের জন্য যা কিছু ঘটে, তা তার জন্য পাপ মাফের কারণ হয়, এমনকি যদি একটি কাঁটা তার শরীরে বিঁধে।","['muslim_6569', 'muslim_6566', 'muslim_6567', 'muslim_327', 'muslim_6565']",muslim_2762,"['muslim_2762', 'muslim_848', 'muslim_5118', 'muslim_1148', 'muslim_4866', 'muslim_1849', 'muslim_5796', 'muslim_3357', 'muslim_7307', 'muslim_6996']"
C1715,"রাসূলুল্লাহ (সা.) যখন ওযু করলেন, তখন তিনি প্রথমে তিনবার হাত ধোয়া, তিনবার মুখে পানি নেওয়া এবং তিনবার নাকের মধ্যে পানি দেওয়া করলেন। এরপর তিনবার মুখ ধোয়ার পর তিনবার হাতের কনুই পর্যন্ত ধোয়া এবং শেষে মাথা ও কান মুছে দিলেন।","['muslim_555', 'muslim_559', 'bukhari_1934', 'bukhari_164', 'muslim_538']",bukhari_6791,"['bukhari_6791', 'bukhari_6505', 'muslim_6970', 'muslim_471', 'bukhari_158', 'muslim_6531', 'muslim_495', 'bukhari_1073', 'bukhari_5257', 'muslim_575']"
C1723,"ফাতিমা নবী মুহাম্মদ (সা.)-এর কাছে এসে তাঁর হাতে ব্যথার কথা বললেন। নবী (সা.) তাঁকে জিকির, আল্লাহর গুণগান এবং প্রশংসা করার নির্দেশ দিলেন।","['muslim_3702', 'muslim_5584', 'muslim_7155', 'muslim_675', 'muslim_6290']",bukhari_3994,"['bukhari_3994', 'muslim_3731', 'muslim_1832', 'muslim_3208', 'bukhari_6145', 'muslim_913', 'muslim_3639', 'muslim_789', 'muslim_2140', 'muslim_2762']"
C1725,"রাসুলুল্লাহ (সা.) আমাকে, আবু মার্থদ গনওয়ী এবং জুবায়ের বিন আওয়ামকে পাঠিয়েছিলেন। তিনি বলেছিলেন, ""তোমরা রওদাতুল খাখে যাও, সেখানে এক মুশরিক মহিলা আছে যার কাছে হাতিবের একটি চিঠি রয়েছে।""","['muslim_6402', 'muslim_6401', 'bukhari_3983', 'bukhari_6259', 'bukhari_3007']",bukhari_6505,"['bukhari_6505', 'muslim_6970', 'muslim_495', 'bukhari_5984', 'muslim_5979', 'muslim_575', 'muslim_3834', 'bukhari_4029', 'bukhari_1073', 'bukhari_6056']"
C1729,"আবদুল্লাহ বিন উমর ইবনে আমিরকে দেখতে গিয়েছিলেন যখন তিনি অসুস্থ ছিলেন। তিনি বললেন, ""তুমি কি আমার জন্য আল্লাহর কাছে দোয়া করবে?"" আবদুল্লাহ বিন উমর উত্তর দিলেন, ""আমি রাসূলুল্লাহ (সা.)-কে বলতে শুনেছি, 'যে ব্যক্তি পবিত্রতা ছাড়া নামাজ পড়ে, তার নামাজ গ্রহণ হয় না এবং গলুলের অর্থ দান করা হয় না।'""","['muslim_535', 'bukhari_3616', 'bukhari_5656', 'muslim_4147', 'muslim_2137']",bukhari_4545,"['bukhari_4545', 'bukhari_3322', 'bukhari_4311', 'bukhari_5396', 'muslim_1985', 'bukhari_3751', 'bukhari_6485', 'muslim_3876', 'muslim_1280', 'muslim_1279']"
C1730,"হজ্জাজ বিন ইউসুফ একবার আব্দুল্লাহকে জিজ্ঞেস করেছিলেন, আরাফার দিন কীভাবে নামাজ পড়বেন। আব্দুল্লাহ বলেছিলেন, তারা সাধারণত যোহর ও আসর একত্রে পড়তেন। সালেম বললেন, এটা তো রাসূলুল্লাহর সুন্নাহ।","['bukhari_1662', 'bukhari_3665', 'muslim_2747', 'bukhari_1660', 'muslim_2636']",muslim_6970,"['muslim_6970', 'muslim_3731', 'bukhari_6145', 'bukhari_7259', 'bukhari_7258', 'bukhari_158', 'muslim_2762', 'bukhari_5084', 'muslim_3348', 'bukhari_6505']"
C1731,"নবীজি বলেছেন, জামাতের নামাজ একা নামাজের চেয়ে পঁচিশ গুণ বেশি সওয়াবের। তিনি আরও বলেছেন, ফজরের নামাজে রাত ও দিনের ফেরেশতারা উপস্থিত হন।","['muslim_1473', 'bukhari_648', 'bukhari_4717', 'muslim_1472', 'muslim_1432']",bukhari_799,"['bukhari_799', 'bukhari_5084', 'bukhari_5475', 'bukhari_7386', 'muslim_6794', 'muslim_2140', 'bukhari_2612', 'bukhari_3430', 'bukhari_114', 'muslim_4162']"
C1733,"আমি শুনেছি যে, নবী সাল্লাল্লাহু আলাইহি ওয়াসাল্লাম বলেছেন, যদি কেউ তার জমি দান করতে চায়, তবে সে তার মূল জমিটি বিক্রি বা হস্তান্তর না করে গরিবদের জন্য দান করতে পারে। তিনি আরও বলেছেন যে, যারা এই জমির তত্ত্বাবধান করবে, তারা এর থেকে সাধারণভাবে খেতে বা বন্ধুদের খাওয়াতে পারে।","['muslim_4224', 'bukhari_2772', 'bukhari_2737', 'bukhari_2764', 'bukhari_2773']",muslim_3509,"['muslim_3509', 'bukhari_297', 'bukhari_921', 'bukhari_5257', 'muslim_3834', 'bukhari_342', 'muslim_6746', 'muslim_5866', 'muslim_483', 'bukhari_1835']"
C1734,"আয়েশা বলেছেন, রাসূলুল্লাহ (সা.) সব সময় ডান দিককে পছন্দ করতেন, বিশেষ করে যখন তিনি পরিষ্কার হতেন, চুল বাঁধতেন এবং জুতা পরতেন।","['muslim_617', 'bukhari_426', 'bukhari_5380', 'bukhari_168', 'bukhari_5854']",muslim_495,"['muslim_495', 'muslim_3265', 'muslim_3834', 'bukhari_5257', 'bukhari_518', 'bukhari_284', 'muslim_2410', 'muslim_2207', 'muslim_7188', 'muslim_3610']"
C1737,"আমি শুনেছি, নবী (সা.) যখন শহরে প্রবেশ করছিলেন, তখন তাঁর কাছে আবু বকর (রা.) এসে বললেন যে, আমি তাঁর জন্য অপেক্ষা করছি। নবী (সা.) তখন তাঁর মাথা আমার কোলে রেখে ঘুমিয়ে পড়লেন। এরপর সকালে যখন পানি খুঁজে পাওয়া গেল না, তখন নবী (সা.) আয়াত পড়লেন। আবু বকর (রা.) বললেন, ""তোমরা আল্লাহর কাছে বরকত।""","['bukhari_4608', 'bukhari_6845', 'muslim_817', 'muslim_816', 'muslim_3691']",muslim_483,"['muslim_483', 'bukhari_4545', 'bukhari_254', 'bukhari_5726', 'muslim_434', 'bukhari_3322', 'bukhari_297', 'bukhari_4923', 'bukhari_205', 'bukhari_7395']"
C1738,"আমি শুনেছি, রাসূলুল্লাহ (সা.) বলেছেন, রোজা রাখার কাজটি এমন একটি আমল যা অন্য কোনো আমলের সাথে তুলনা করা যায় না।","['muslim_3398', 'muslim_3400', 'muslim_3679', 'muslim_1093', 'muslim_2730']",muslim_495,"['muslim_495', 'muslim_3834', 'muslim_6746', 'bukhari_4545', 'bukhari_518', 'muslim_3265', 'bukhari_3322', 'bukhari_284', 'muslim_1279', 'muslim_434']"
C1740,নবী মুহাম্মদ (সা.) বিলালকে আজান দেওয়ার জন্য নির্দেশ দিয়েছিলেন এবং ইকামাতকে তিনবার বলার জন্যও বলেছেন।,"['bukhari_607', 'bukhari_605', 'muslim_838', 'bukhari_3457', 'muslim_3652']",muslim_495,"['muslim_495', 'muslim_3834', 'muslim_6531', 'muslim_6970', 'muslim_5979', 'muslim_3265', 'muslim_575', 'muslim_2207', 'bukhari_284', 'bukhari_5257']"
C1742,"আমি শুনেছি, যিনি আল্লাহর জন্য মসজিদ নির্মাণ করেন, আল্লাহ তার জন্য জান্নাতে এর মতো একটি মসজিদ তৈরি করেন।","['muslim_1190', 'muslim_7471', 'muslim_1189', 'muslim_7470', 'bukhari_450']",bukhari_297,"['bukhari_297', 'muslim_495', 'muslim_434', 'muslim_6746', 'bukhari_284', 'bukhari_3322', 'muslim_483', 'bukhari_643', 'bukhari_7395', 'bukhari_254']"
C1744,"আমি শুনেছি যে, একজন সাহাবী রাসূলুল্লাহকে জিজ্ঞেস করেছিলেন যে, ابن جدعان জাহেলিয়াতে আত্মীয়দের সাথে সম্পর্ক রেখেছিলেন এবং গরিবদের খাওয়াতেন, তাহলে কি তার এই কাজ উপকারে আসবে? রাসূলুল্লাহ বলেছেন, তার এই কাজ উপকারে আসবে না, কারণ তিনি কখনো বলতেন না, ""হে আমার রব, আমাকে কিয়ামতের দিন আমার গুনাহ মাফ করে দিন।""","['muslim_518', 'muslim_3079', 'muslim_5707', 'muslim_6901', 'muslim_2714']",muslim_2822,"['muslim_2822', 'bukhari_3322', 'bukhari_5704', 'bukhari_7253', 'bukhari_1534', 'bukhari_4545', 'bukhari_7039', 'bukhari_2399', 'bukhari_4311', 'muslim_2086']"
C1745,"আয়েশা বলেছিলেন, একজন নারীর কি লজ্জা নেই যে তিনি নবীকে নিজেকে উৎসর্গ করবেন? আল্লাহ তখন বললেন, ""তুমি যাকে চাও তাকে বেছে নিতে পারো।"" আয়েশা মন্তব্য করেছিলেন, ""তোমার রব তো তোমার ইচ্ছার প্রতি দ্রুত সাড়া দেন।""","['muslim_3632', 'muslim_3631', 'muslim_3682', 'bukhari_5113', 'bukhari_4788']",muslim_495,"['muslim_495', 'muslim_6970', 'muslim_5979', 'muslim_3265', 'muslim_471', 'bukhari_6791', 'muslim_3514', 'bukhari_1073', 'muslim_2410', 'muslim_5796']"
C1747,"আমার এক বন্ধু বলল, উমর রাদিয়াল্লাহু আনহু নবী সাল্লাল্লাহু আলাইহি ওয়াসাল্লামের কাছে বলেছিলেন যে, রাতে তার ওপর জ্ঞান হারানোর অবস্থা ঘটে। নবীজি তাকে বললেন, ""তুমি ওজু করো এবং তোমার অঙ্গ পরিষ্কার করো, তারপর শুয়ে পড়ো।""","['muslim_704', 'bukhari_290', 'muslim_7356', 'muslim_6214', 'muslim_5312']",bukhari_4545,"['bukhari_4545', 'muslim_1279', 'muslim_495', 'bukhari_3322', 'bukhari_6485', 'muslim_3811', 'muslim_514', 'bukhari_2432', 'muslim_3834', 'bukhari_1950']"
C1749,"রাসূলুল্লাহ (সা.) একবার একজন সাহাবীর বাড়িতে গিয়ে দুই রাকাত নামাজ পড়েছিলেন। সাহাবীটি বলেছিলেন যে, তার চোখের দৃষ্টিশক্তি কমে গেছে এবং তিনি মসজিদে যেতে পারছেন না, তাই রাসূল (সা.) তার বাড়িতে নামাজ পড়ার জন্য এসেছিলেন।","['muslim_1496', 'bukhari_839', 'bukhari_840', 'muslim_1498', 'bukhari_425']",muslim_495,"['muslim_495', 'muslim_6531', 'muslim_483', 'muslim_3834', 'muslim_514', 'bukhari_2614', 'bukhari_4545', 'bukhari_4923', 'bukhari_518', 'bukhari_5257']"
C1752,নবী মুহাম্মদ (সা.)-এর আংটি ছিল রূপার এবং তার পাথরও রূপার ছিল।,"['muslim_5481', 'bukhari_5870', 'muslim_5487', 'muslim_5486', 'muslim_5480']",muslim_1832,"['muslim_1832', 'bukhari_3994', 'muslim_3731', 'muslim_3208', 'bukhari_6145', 'muslim_2140', 'bukhari_241', 'bukhari_7386', 'muslim_3639', 'muslim_6012']"
C1753,"জায়েদ বিন সাবিত বলেছেন, তারা নবী সাল্লাল্লাহু আলাইহি ওয়া সাল্লামের সাথে সেহরি করেছেন এবং তারপর নামাজে দাঁড়িয়েছেন। আমি জিজ্ঞেস করেছিলাম, নামাজের মধ্যে কতটুকু সময় ছিল, তিনি বললেন, প্রায় পঞ্চাশ বা ষাট আয়াতের সমান।","['bukhari_575', 'muslim_2552', 'bukhari_1921', 'bukhari_576', 'bukhari_1134']",muslim_6970,"['muslim_6970', 'bukhari_6505', 'muslim_471', 'bukhari_1073', 'bukhari_158', 'bukhari_6145', 'bukhari_7258', 'bukhari_7259', 'bukhari_1162', 'bukhari_6056']"
C1755,"নবী সাল্লাল্লাহু আলাইহি ওয়াসাল্লাম বলেছেন যে, একটি ভিন্ন মতাবলম্বী গোষ্ঠী বের হবে এবং তাদের মধ্যে থেকে সত্যের সবচেয়ে নিকটবর্তী গোষ্ঠী তাদের হত্যা করবে।","['muslim_2461', 'muslim_2457', 'muslim_2460', 'muslim_6867', 'muslim_4956']",muslim_6746,"['muslim_6746', 'muslim_3876', 'bukhari_3322', 'muslim_5964', 'muslim_4034', 'muslim_3822', 'muslim_1985', 'muslim_3671', 'muslim_3862', 'muslim_450']"
C1757,"নবীজি সাল্লাল্লাহু আলাইহি ওয়া সাল্লাম বলেছেন, ফিতরার জাকাত হিসেবে এক সা' খেজুর বা এক সা' যব দেওয়া উচিত। ইবন উমর বলেন, মানুষরা এর পরিবর্তে দুই মদীন গম দিতে শুরু করেছিল।","['muslim_2281', 'bukhari_1507', 'muslim_2284', 'muslim_2287', 'muslim_2279']",muslim_4203,"['muslim_4203', 'muslim_3576', 'muslim_3645', 'muslim_6531', 'muslim_2043', 'muslim_6970', 'bukhari_3299', 'bukhari_336', 'muslim_6194', 'muslim_1740']"
C1759,"আমি শুনেছি যে, ইবন উমর বলেছেন, রাসূলুল্লাহ (সা.) নাবীজের বিষয়ে নিষেধ করেছেন। তিনি বলেছিলেন যে, কিছু লোক এ বিষয়ে দাবি করেছে।","['muslim_5190', 'muslim_5187', 'muslim_3058', 'muslim_5191', 'muslim_5194']",muslim_6970,"['muslim_6970', 'muslim_495', 'muslim_471', 'muslim_6531', 'muslim_5848', 'bukhari_1073', 'bukhari_6791', 'muslim_5796', 'muslim_4203', 'muslim_5979']"
C1760,"আমি শুনেছি, রাসূলুল্লাহ (সা.) বলেছেন যে, কিছু মানুষ ভুল লেখে, কিন্তু পূর্বে এক নবী ছিলেন যিনি ভুল লেখতেন। যাঁর লেখার সাথে মিলে যায়, তিনি সেই নবীর মতো।","['muslim_5815', 'muslim_1199', 'muslim_3642', 'muslim_3636', 'muslim_1888']",bukhari_6791,"['bukhari_6791', 'muslim_495', 'muslim_208', 'muslim_2410', 'bukhari_5257', 'muslim_471', 'muslim_3514', 'muslim_4203', 'muslim_5428', 'muslim_6531']"
C1762,"আমি শুনেছি যে, উমর রাদিয়াল্লাহু আনহু নবী সাল্লাল্লাহু আলাইহি ওয়াসাল্লামের কাছে জানতে চেয়েছিলেন, একজন জ্ঞানী অবস্থায় ঘুমাতে পারবে কি না। নবীজি বলেছেন, যদি সে ওজু করে তাহলে ঘুমাতে পারে।","['bukhari_289', 'muslim_703', 'bukhari_287', 'muslim_699', 'muslim_824']",muslim_495,"['muslim_495', 'bukhari_6056', 'bukhari_5257', 'bukhari_1162', 'bukhari_3595.2', 'bukhari_6996', 'bukhari_5406', 'bukhari_643', 'muslim_3509', 'muslim_3834']"
C1763,"নবী মুহাম্মদ (সা.) বলেছেন যে, মুসলিমদের উচিত তাদের স্ত্রীদের কুফারদের কাছে ফিরিয়ে দেওয়া, যদি তারা তাদের স্বামীদের জন্য খরচ করা টাকা ফেরত না দেয়। উমর (রা.) দুইজন স্ত্রীকে তালাক দেন এবং পরে তারা অন্যদের সাথে বিয়ে করেন।","['bukhari_2733', 'bukhari_4182', 'muslim_4440', 'muslim_4612', 'muslim_4588']",bukhari_5406,"['bukhari_5406', 'bukhari_4410', 'bukhari_255', 'bukhari_1011', 'bukhari_1740', 'bukhari_6798', 'bukhari_297', 'bukhari_1094', 'bukhari_6505', 'bukhari_5764']"
C1768,"রাসূলুল্লাহ (সাল্লাল্লাহু আলাইহি ওয়াসাল্লাম) আমাকে বলেছিলেন, ""হে আল্লাহ, আমি তোমার কাছে হিদায়াত ও সঠিক পথের জন্য প্রার্থনা করছি।""","['muslim_6912', 'muslim_6911', 'muslim_6904', 'muslim_1652', 'muslim_1021']",bukhari_6997,"['bukhari_6997', 'bukhari_5984', 'muslim_6140', 'bukhari_6056', 'bukhari_6505', 'muslim_6970', 'muslim_6162', 'bukhari_7435', 'muslim_575', 'muslim_5848']"
C1771,"নবী সাল্লাল্লাহু আলাইহি ওয়াসাল্লাম বলেছেন, ""তোমাদের মধ্যে সবচেয়ে ভালো আমার সময়ের লোকেরা, তারপর যারা তাদের পরে আসবে।"" তিনি আরও বলেছেন যে, পরে কিছু লোক আসবে যারা সত্য বলবে না, বিশ্বাসঘাতকতা করবে এবং প্রতিশ্রুতি রক্ষা করবে না।","['muslim_6475', 'bukhari_6428', 'bukhari_3650', 'bukhari_2651', 'bukhari_6695']",muslim_4203,"['muslim_4203', 'muslim_3265', 'bukhari_1162', 'muslim_6162', 'muslim_6834', 'bukhari_5257', 'muslim_991', 'bukhari_6056', 'muslim_857', 'muslim_5428']"
C1773,"নবীজি (সাল্লাল্লাহু আলাইহি ওয়া সাল্লাম) বলেছেন, খন্দকের দিন আমাদেরকে মধ্যবর্তী নামাজ, অর্থাৎ আসরের নামাজ থেকে বিরত রাখা হয়েছিল। আল্লাহ তাদের ঘর ও কবরগুলোকে আগুনে পূর্ণ করবেন।","['muslim_1425', 'bukhari_4111', 'muslim_1426', 'muslim_1422', 'bukhari_4533']",muslim_3208,"['muslim_3208', 'muslim_1889', 'muslim_789', 'muslim_6342', 'muslim_3921', 'muslim_6794', 'muslim_1085', 'muslim_3639', 'muslim_4850', 'muslim_4183']"
C1774,"আয়েশা বলেছেন, একজন ব্যক্তি যখন ইতিকাফে থাকে, তখন তাকে শুধুমাত্র জরুরি প্রয়োজনের জন্যই বের হতে হবে। কিছু আলেম মনে করেন যে, ইতিকাফকারীকে অসুস্থ ব্যক্তির খোঁজ নিতে এবং জানাজায় অংশ নিতে অনুমতি দেওয়া যেতে পারে, তবে অন্যরা মনে করেন, তাকে এসব কিছুই করতে হবে না।","['muslim_4871', 'muslim_6799', 'muslim_3081', 'muslim_451', 'muslim_2306']",bukhari_5084,"['bukhari_5084', 'muslim_6342', 'muslim_3762', 'muslim_4866', 'muslim_6970', 'muslim_6669', 'muslim_4910', 'muslim_3645', 'muslim_3357', 'muslim_5795']"
C1775,"নবী (সা.) বলেছেন, আল্লাহর কাছে ন্যায়পরায়ণরা نورের মঞ্চে থাকবেন এবং তারা তাদের বিচার ও পরিবারে ন্যায়বিচার করেন।","['muslim_4721', 'muslim_355', 'muslim_2309', 'muslim_4265', 'muslim_4263']",muslim_471,"['muslim_471', 'muslim_4866', 'muslim_6794', 'muslim_6996', 'muslim_6521', 'muslim_7071', 'bukhari_6791', 'bukhari_6145', 'muslim_6141', 'muslim_6194']"
C1777,"হযরত হুযায়ফা (রা) বলেছেন, নবী (সা) বলেছেন, আমার কাছে যদি তিনটি স্বর্ণের চেয়ে একটি দীনার থাকত, তবে আমি সেই দীনারটি ঋণের জন্য সংরক্ষণ করতাম।","['muslim_2302', 'bukhari_2389', 'bukhari_6445', 'muslim_2304', 'bukhari_7228']",bukhari_6791,"['bukhari_6791', 'bukhari_6145', 'muslim_2129', 'bukhari_5984', 'muslim_6595', 'muslim_6162', 'muslim_6429', 'bukhari_6505', 'muslim_471', 'muslim_5796']"
C1778,"নবী (সা.) বলেছেন, দুই মুখো ব্যক্তিরা সবচেয়ে খারাপ মানুষ। তারা একদলকে একভাবে এবং অন্যদলকে আরেকভাবে মুখ দেখায়।","['muslim_6630', 'muslim_6631', 'muslim_6632', 'bukhari_7179', 'muslim_6454']",muslim_3208,"['muslim_3208', 'muslim_4180', 'muslim_4177', 'muslim_5917', 'muslim_5312', 'muslim_2751', 'muslim_3362', 'muslim_6177', 'muslim_2658', 'muslim_3161']"
C1781,"একজন ব্যক্তি নবী সাল্লাল্লাহু আলাইহি ওয়াসাল্লামকে বলেছিলেন যে, তিনি বাণিজ্যে প্রতারিত হচ্ছেন। নবী তাকে বলেছেন, যখন তুমি বেচাকেনা করবে, তখন বলো ""কোনো প্রতারণা নেই।""","['bukhari_6964', 'bukhari_2117', 'muslim_3860', 'bukhari_2407', 'bukhari_2414']",muslim_848,"['muslim_848', 'muslim_6429', 'muslim_5118', 'muslim_1371', 'muslim_5796', 'muslim_6970', 'bukhari_6997', 'muslim_4866', 'muslim_4203', 'muslim_6996']"
C1782,"রাসূলুল্লাহ (সা.) আমাদের সাথে চলার সময় একটি বন্য গাধা দেখতে পান এবং বলেন, ""এটি ছেড়ে দাও, এর মালিক শীঘ্রই আসবে।"" পরে, একজন ব্যক্তি এসে বলেন, ""হে রাসূলullah, এই গাধার ব্যাপারে আপনার কি নির্দেশ?"" তখন রাসূল (সা.) আবু বকরকে নির্দেশ দেন, গাধাটি মানুষের মধ্যে ভাগ করে দিতে।","['muslim_936', 'muslim_661', 'muslim_949', 'muslim_5895', 'muslim_2857']",bukhari_4545,"['bukhari_4545', 'bukhari_4923', 'muslim_495', 'muslim_483', 'bukhari_5681', 'muslim_3834', 'muslim_3265', 'bukhari_7395', 'bukhari_5257', 'muslim_1279']"
C1783,"আমি শুনেছি যে, যখন এই আয়াত নাজিল হয়েছিল, তখন একজন ব্যক্তি দুটি রশি, একটি কালো এবং একটি সাদা, তার বালিশের নিচে রেখেছিল এবং রাতের অন্ধকারে সেগুলো দেখার চেষ্টা করছিল। পরে তিনি নবী মুহাম্মদ (সা.)-এর কাছে গিয়ে এই বিষয়ে বললে, তিনি জানিয়েছিলেন যে, এটি রাতের অন্ধকার এবং দিনের আলো।","['bukhari_1916', 'muslim_2533', 'muslim_2535', 'muslim_2534', 'bukhari_4511']",muslim_495,"['muslim_495', 'bukhari_6996', 'bukhari_284', 'muslim_3811', 'muslim_3834', 'muslim_514', 'bukhari_6056', 'bukhari_5257', 'muslim_483', 'muslim_3509']"
C1785,"আমি শুনেছি যে, যখন তিনি ফিতনার সময় মক্কায় উমরাহ করতে গিয়েছিলেন, তখন তিনি বলেছিলেন যে, যদি তিনি কাবা থেকে বিরত থাকেন, তবে তিনি রাসূলুল্লাহ (সা.) এর মতো উমরাহ করবেন। কারণ রাসূলুল্লাহ (সা.) হুদাইবিয়ার সময় উমরাহ করেছিলেন।","['bukhari_1806', 'bukhari_4183', 'muslim_2989', 'bukhari_1813', 'muslim_2939']",muslim_495,"['muslim_495', 'muslim_3834', 'muslim_6746', 'muslim_3811', 'bukhari_3322', 'muslim_3862', 'muslim_2207', 'muslim_1985', 'muslim_4406', 'muslim_3876']"
C1787,"আমি শুনেছি যে, নবী (সা.) এর সাথে তাবুকের যুদ্ধে অংশগ্রহণ করার সময় একজন যোদ্ধা অন্য একজনের দাঁত টেনে নিয়ে গিয়েছিল। নবী (সা.) তখন সেই দাঁতটি হারানোর জন্য তার ক্ষতিপূরণ দেননি।","['muslim_4372', 'bukhari_4417', 'bukhari_2265', 'bukhari_2266', 'bukhari_2973']",muslim_495,"['muslim_495', 'bukhari_5257', 'muslim_6531', 'muslim_3834', 'muslim_6970', 'muslim_5979', 'bukhari_3595.2', 'bukhari_1073', 'muslim_575', 'bukhari_5984']"
C1789,"আমি শুনেছি নবী সাল্লাল্লাহু আলাইহি ওয়া সাল্লাম বলেছেন, জ্বর জাহান্নামের উত্তাপ থেকে, তাই এটিকে পানি দিয়ে ঠান্ডা করতে হবে। তিনি ইবন লামার-এর কাছে গিয়ে বললেন, ""হে মানুষের রব, মানুষের ইলাহ, আমাদের দুঃখ দূর করুন।""","['muslim_5755', 'muslim_5751', 'muslim_5752', 'bukhari_5725', 'bukhari_3264']",muslim_281,"['muslim_281', 'bukhari_6056', 'bukhari_1162', 'muslim_4203', 'muslim_6970', 'muslim_496', 'muslim_4845', 'bukhari_6505', 'bukhari_3307', 'bukhari_4805']"
C1790,আমি দেখেছি যে রাসূলুল্লাহ (সা.) খাইবারের দিকে যাওয়ার সময় একটি গাধার উপর নামাজ পড়ছেন।,"['muslim_1614', 'muslim_1620', 'muslim_4582', 'muslim_5018', 'muslim_3966']",muslim_495,"['muslim_495', 'muslim_3834', 'muslim_6746', 'muslim_3862', 'muslim_2207', 'bukhari_284', 'muslim_3265', 'muslim_4406', 'muslim_2062', 'muslim_450']"
C1791,"নবী (সা.) বলেছেন যে, তিনি আল্লাহর কাছে পৃথিবীর সব ধন-সম্পদের চাবি পেয়েছেন এবং তিনি রাতের বেলায় স্বপ্নে সেই চাবিগুলো হাতে পেয়েছিলেন। আবু হুরায়রা (রা.) বলেছেন, তখন নবী (সা.) চলে গিয়েছিলেন এবং আমরা সেই চাবিগুলো নিয়ে আলোচনা করছিলাম।","['bukhari_6998', 'muslim_1171', 'bukhari_2977', 'bukhari_7273', 'muslim_1168']",bukhari_6791,"['bukhari_6791', 'bukhari_6505', 'bukhari_5984', 'muslim_2410', 'bukhari_158', 'muslim_281', 'bukhari_6056', 'bukhari_5864', 'muslim_6531', 'muslim_495']"
C1792,"নবী মুহাম্মদ (সা.) নতুন পোশাক পরলে তার নাম ধরে ডাকতেন এবং আল্লাহর কাছে শুকরিয়া আদায় করতেন। তিনি বলতেন, ""হে আল্লাহ, তুমি আমাকে এটি পরিধান করার সুযোগ দিয়েছো, এর ভালো দিকের জন্য আমি তোমার কাছে প্রার্থনা করছি এবং এর খারাপ দিক থেকে তোমার কাছে আশ্রয় চাইছি।"" নবীর সাহাবীরা যখন নতুন পোশাক পরতেন, তখন তাদের বলা হতো, ""ভালোভাবে ব্যবহার করো এবং আল্লাহ তোমাকে প্রতিদান দেবেন।""","['muslim_6909', 'muslim_6908', 'muslim_6907', 'muslim_2085', 'muslim_1325']",bukhari_5984,"['bukhari_5984', 'bukhari_4805', 'bukhari_6505', 'bukhari_6996', 'bukhari_1740', 'bukhari_5032.2', 'bukhari_6056', 'bukhari_1073', 'muslim_764', 'bukhari_1162']"
C1794,"আমি শুনেছি, রাসূলুল্লাহ (সা.) বলেছেন, যদি কেউ শিকার করে কিন্তু তার কাছে ছুরি না থাকে, তাহলে সে লাঠির ধার দিয়ে শিকারটি হত্যা করতে পারে এবং আল্লাহর নাম স্মরণ করতে হবে।","['muslim_4972', 'muslim_4653', 'muslim_7065', 'muslim_4977', 'muslim_144']",muslim_483,"['muslim_483', 'bukhari_284', 'bukhari_5257', 'bukhari_297', 'muslim_495', 'muslim_3834', 'muslim_6746', 'muslim_434', 'muslim_3265', 'muslim_1279']"
C1796,"আমি শুনেছি যে নবী সাল্লাল্লাহু আলাইহি ওয়াসাল্লাম বলেছেন, যদি আপনি প্রশিক্ষিত কুকুর পাঠান এবং আল্লাহর নাম উল্লেখ করেন, তাহলে তাদের দ্বারা ধরা খাবার খেতে পারবেন। তবে যদি কুকুরটি অন্য কুকুরের সাথে অংশীদার না হয়, তাহলে সেটি গ্রহণযোগ্য।","['muslim_4972', 'muslim_4973', 'bukhari_7397', 'bukhari_5477', 'bukhari_5483']",bukhari_5257,"['bukhari_5257', 'bukhari_342', 'bukhari_3595.2', 'muslim_3509', 'muslim_5866', 'muslim_4845', 'bukhari_1162', 'muslim_1621', 'muslim_5271', 'muslim_4599']"
C1797,"আল-মাসউদি বলেছেন যে, আবু আমরার একটি বংশের একজন ব্যক্তি জানিয়েছেন যে, তিনজন ব্যক্তি ছিলেন এবং একজন ঘোড়সওয়ার জন্য তিনটি তীর ছিল।","['bukhari_5374', 'muslim_2946', 'muslim_4494', 'muslim_7384', 'muslim_414']",bukhari_2290,"['bukhari_2290', 'muslim_2140', 'bukhari_5084', 'muslim_3208', 'muslim_2751', 'bukhari_3994', 'muslim_6292', 'bukhari_5475', 'bukhari_2587', 'muslim_6012']"
C1803,"নবীজি (সাল্লাল্লাহু আলাইহি ওয়া সাল্লাম) বলেছেন, আল্লাহ তাআলা হাঁচি দিতে পছন্দ করেন এবং হাঁসির প্রতি অসন্তুষ্ট। যখন কেউ হাঁচি দেয়, তখন তাকে ""আলহামদুলিল্লাহ"" বলা উচিত এবং যারা এটি শোনে তাদের ""ইয়া রাহমুকাল্লাহ"" বলতে হবে। আর হাঁসির সময় যতটা সম্ভব তা আটকানো উচিত, কারণ এটি শয়তানের কাজ।","['bukhari_6226', 'bukhari_6223', 'muslim_7490', 'bukhari_3289', 'muslim_897']",muslim_2762,"['muslim_2762', 'muslim_1849', 'muslim_2043', 'muslim_3357', 'bukhari_5522', 'muslim_1740', 'muslim_6653', 'muslim_6905', 'muslim_5118', 'muslim_3332']"
C1805,নবী মুহাম্মদ (সা.) এর সাথে কিছুদিন যুদ্ধের সময় শুধুমাত্র তালহা এবং সাদ ছিলেন।,"['muslim_6242', 'bukhari_3722', 'bukhari_3723', 'bukhari_4060', 'bukhari_4061']",bukhari_1073,"['bukhari_1073', 'muslim_6970', 'muslim_495', 'muslim_575', 'muslim_5979', 'muslim_6531', 'bukhari_284', 'muslim_3834', 'bukhari_6505', 'muslim_4845']"
C1806,নবী সাল্লাল্লাহু আলাইহি ওয়াসাল্লাম গাছের পথ দিয়ে বের হতেন এবং বিয়ের পথ দিয়ে প্রবেশ করতেন।,"['muslim_3040', 'bukhari_1533', 'muslim_824', 'muslim_5661', 'muslim_4043']",muslim_6746,"['muslim_6746', 'muslim_6987', 'muslim_4034', 'muslim_3876', 'muslim_450', 'muslim_5964', 'muslim_649', 'bukhari_3322', 'muslim_1280', 'muslim_3822']"
C1808,"রাসূলুল্লাহ (সা.) আশুরার দিন রোজা রাখার নির্দেশ দিয়েছিলেন, কিন্তু যখন রমজান ফরজ হলো, তখন যিনি চাইতেন তিনি রোজা রাখতেন এবং যিনি চাইতেন তিনি ইফতার করতেন।","['bukhari_2001', 'muslim_2640', 'muslim_2637', 'muslim_2642', 'muslim_2608']",muslim_495,"['muslim_495', 'muslim_3834', 'muslim_450', 'muslim_3265', 'bukhari_518', 'bukhari_284', 'muslim_6746', 'muslim_6652', 'muslim_3862', 'bukhari_4545']"
C1809,"আমি শুনেছি যে রাসূলুল্লাহ (সা.) বলেছেন, একবার তিনি কিছু সময়ের জন্য আল্লাহর ওহী থেকে বঞ্চিত ছিলেন। এরপর যখন তিনি হাঁটছিলেন, তখন তিনি ভয়াবহ এক অনুভূতি অনুভব করেন এবং মাটিতে পড়ে যান।","['muslim_407', 'muslim_406', 'bukhari_4926', 'bukhari_3238', 'bukhari_6214']",muslim_6970,"['muslim_6970', 'bukhari_6145', 'bukhari_1073', 'muslim_471', 'muslim_4866', 'muslim_2762', 'muslim_3440', 'muslim_5118', 'muslim_1849', 'muslim_6136']"
C1810,"যখন জিব্রাইল নবী সাল্লাল্লাহু আলাইহি ওয়াসাল্লাম-এর পাশে বসে ছিলেন, তখন তিনি শুনলেন আকাশ থেকে একটি দরজা খুলে যাচ্ছে। এরপর একটি ফেরেশতা নেমে এসে বললেন, নবীজির জন্য দুটি বিশেষ আলো এসেছে, যা আগে কোনো নবীর জন্য আসেনি: ফাতিহা এবং সুরা বাকারা’র শেষাংশ।","['muslim_1877', 'muslim_5040', 'muslim_480', 'muslim_6123', 'muslim_416']",muslim_6970,"['muslim_6970', 'muslim_471', 'muslim_6139', 'muslim_3440', 'muslim_4910', 'muslim_3357', 'muslim_1113', 'bukhari_489', 'muslim_6194', 'muslim_2762']"
C1812,"মুহাম্মদ (সা.) বলেছেন, মদ বিক্রি, কেনা এবং ব্যবসা করা নিষেধ। তিনি একবার সফর থেকে ফিরে এসে দেখলেন কিছু সাহাবী মদ তৈরি করেছেন, তখন তিনি তা ফেলে দিতে বললেন।","['muslim_5230', 'muslim_5513', 'muslim_3487', 'muslim_5379', 'muslim_6322']",muslim_6970,"['muslim_6970', 'bukhari_1073', 'bukhari_6145', 'muslim_3731', 'muslim_2762', 'muslim_933', 'muslim_3357', 'bukhari_3994', 'muslim_4910', 'muslim_5118']"
C1813,"আমি শুনেছি যে, নবী মুহাম্মদ (সা.) একবার একটি জিনিসের জন্য আমাকে ডাকলেন এবং আমার গাধার জন্য দোয়া করলেন। এরপর তিনি আমাকে বললেন যে, আমি যদি চাই, তাহলে আমি গাধাটি তাকে বিক্রি করতে পারি এবং তিনি আমাকে তার দাম দেবেন।","['muslim_4098', 'bukhari_2718', 'muslim_4103', 'muslim_4101', 'muslim_3641']",bukhari_1073,"['bukhari_1073', 'bukhari_5984', 'bukhari_6996', 'bukhari_6505', 'bukhari_297', 'bukhari_5406', 'bukhari_1740', 'bukhari_1162', 'bukhari_5032.2', 'bukhari_255']"
C1814,"নবীজি বলেছেন, আল্লাহ আকাশ ও পৃথিবী সৃষ্টি করার দিন একশ' রহমত সৃষ্টি করেছেন। এর মধ্যে একটিকে পৃথিবীতে দিয়েছেন, যাতে মায়েরা তাদের সন্তানদের প্রতি দয়া করেন এবং পশু-পাখিরাও একে অপরের প্রতি সদয় থাকে। কিয়ামতের দিন আল্লাহ এই রহমতকে পূর্ণ করবেন।","['muslim_6977', 'muslim_6974', 'muslim_6973', 'bukhari_6469', 'muslim_6975']",muslim_3557,"['muslim_3557', 'muslim_6301', 'muslim_3161', 'muslim_3208', 'muslim_6292', 'muslim_7053', 'muslim_3670', 'muslim_3485', 'muslim_1094', 'bukhari_6973']"
C1816,"নবী সাল্লাল্লাহু আলাইহি ওয়াসাল্লাম বলেছেন, আমি আয়েশা রাদিয়াল্লাহু আনহা এবং উম্ম সুলাইমকে দেখেছি, তারা উভয়েই পানি নিয়ে মানুষের কাছে যাচ্ছিলেন এবং তাদের পাত্রগুলো পূর্ণ করে আবার ফিরে আসছিলেন।","['bukhari_2880', 'muslim_4683', 'bukhari_4064', 'bukhari_3811', 'muslim_5322']",muslim_434,"['muslim_434', 'muslim_6746', 'bukhari_297', 'bukhari_643', 'bukhari_3322', 'muslim_514', 'muslim_1985', 'muslim_483', 'bukhari_284', 'bukhari_823']"
C1819,"আয়েশা বলেছেন, রাসূলুল্লাহ (সা.) কখনো সোহাইল ইবনে বায়দা’র জন্য মসজিদের বাইরে নামাজ পড়েননি, বরং তিনি সবসময় মসজিদের ভিতরেই নামাজ পড়তেন।","['muslim_2253', 'muslim_2254', 'muslim_2252', 'muslim_936', 'muslim_6290']",muslim_495,"['muslim_495', 'muslim_3834', 'muslim_6746', 'muslim_2207', 'muslim_3862', 'muslim_450', 'muslim_3811', 'muslim_3265', 'muslim_1985', 'muslim_4406']"
C1822,"আমি শুনেছি, রাসূলুল্লাহ (সা.) বলেছেন, যখন গরম বেশি হয়, তখন নামাজ পড়ার সময় অপেক্ষা করতে হবে। তিনি বলেছিলেন, গরমের তাপ জাহান্নামের উত্তাপের মতো।","['muslim_1400', 'bukhari_535', 'bukhari_539', 'muslim_1397', 'muslim_1395']",muslim_6970,"['muslim_6970', 'muslim_5795', 'muslim_3440', 'muslim_4866', 'muslim_5118', 'muslim_1113', 'muslim_1845', 'muslim_4368', 'muslim_3357', 'muslim_6162']"
C1824,"রাসূলুল্লাহ (সা.) বলেছেন, যখন কেউ পেশাব করে তখন তার ডান হাত দিয়ে নিজের লিঙ্গ স্পর্শ করা উচিত নয় এবং ডান হাত দিয়ে পবিত্রতা অর্জন করা উচিত নয়।","['muslim_614', 'bukhari_154', 'bukhari_153', 'muslim_613', 'bukhari_5630']",muslim_495,"['muslim_495', 'bukhari_5257', 'muslim_6531', 'muslim_4203', 'bukhari_284', 'muslim_208', 'muslim_3539', 'bukhari_3595.2', 'muslim_3834', 'muslim_2410']"
C1828,"নবী মুহাম্মদ (সা.) বলেছেন, যে ব্যক্তি দশবার ""আল্লাহ ছাড়া কোনো ইলাহ নেই, তিনি একক, তাঁরই রাজত্ব এবং প্রশংসা, তিনি জীবন দেন এবং মৃত্যু দেন, এবং তিনি সবকিছুর উপর ক্ষমতাশালী"" বলবে, তার জন্য চারটি ইসমাইলের বংশধরের মুক্তির সমান পুরস্কার হবে।","['muslim_6842', 'muslim_1343', 'muslim_1352', 'muslim_1338', 'muslim_6909']",bukhari_5984,"['bukhari_5984', 'bukhari_5032.2', 'bukhari_6996', 'bukhari_7435', 'muslim_575', 'bukhari_255', 'bukhari_717', 'bukhari_6056', 'muslim_857', 'bukhari_6513']"
C1830,"রাসূলুল্লাহ (সা.) বলেছিলেন যে, আহলে কিতাব তাদের চুলগুলোকে একত্রিত করে রাখতো, আর মুশরিকরা তাদের চুলগুলোকে আলাদা করতো। তিনি আহলে কিতাবের অনুসরণ করতে পছন্দ করতেন, তাই তিনি প্রথমে চুলগুলো একত্রিত করেছিলেন, পরে সেগুলো আলাদা করলেন।","['muslim_6062', 'bukhari_5917', 'bukhari_3558', 'bukhari_3944', 'muslim_4603']",muslim_495,"['muslim_495', 'bukhari_5257', 'muslim_3265', 'muslim_6531', 'muslim_5979', 'muslim_3834', 'muslim_575', 'muslim_6970', 'bukhari_1073', 'muslim_2410']"
C1832,"আমি শুনেছি যে আবু বকর বলেছেন, যখন দুই মুসলমান swords নিয়ে মুখোমুখি হয়, তখন তাদের মধ্যে একজন যদি হত্যা করে, তবে উভয়ই জাহান্নামে যাবে। আমি জানতে চেয়েছিলাম, তাহলে নিহত ব্যক্তি কেন? তিনি বলেছিলেন, কারণ নিহত ব্যক্তি তার সাথীকে হত্যা করতে আগ্রহী ছিল।","['muslim_7252', 'bukhari_6875', 'bukhari_31', 'muslim_7253', 'bukhari_7083']",bukhari_4883,"['bukhari_4883', 'bukhari_5037.2', 'muslim_1740', 'bukhari_1612', 'bukhari_853', 'bukhari_3995', 'bukhari_1734', 'bukhari_4473', 'muslim_2095', 'muslim_370']"
C1833,"রাসূলুল্লাহ (সা.) একবার বলেছিলেন যে, তিনি একটি পাত্রে গোসল করতেন এবং আমি তাঁর সাথে একই পাত্রে গোসল করেছি।","['muslim_727', 'bukhari_5956', 'bukhari_250', 'bukhari_322', 'muslim_731']",muslim_6970,"['muslim_6970', 'muslim_495', 'bukhari_1073', 'muslim_6162', 'muslim_3265', 'muslim_471', 'muslim_208', 'muslim_575', 'muslim_5848', 'bukhari_5984']"
C1836,"আল্লাহ আনসারী বলেছেন, তিনি কিছু কথা উল্লেখ করেননি।","['muslim_3655', 'muslim_6352', 'muslim_6426', 'muslim_6422', 'muslim_4348']",muslim_5921,"['muslim_5921', 'muslim_5159', 'muslim_1832', 'bukhari_2944', 'muslim_5917', 'muslim_6431', 'muslim_3208', 'bukhari_3994', 'muslim_5200', 'muslim_6292']"
C1837,"সুহাইল বলেছেন, তার পিতার জন্ম হয়েছে।","['muslim_3800', 'muslim_3799', 'muslim_4942', 'muslim_4482', 'muslim_7547']",muslim_7480,"['muslim_7480', 'muslim_5956', 'muslim_5730', 'muslim_5054', 'muslim_6390', 'muslim_5159', 'muslim_1907', 'muslim_6103', 'muslim_2958', 'muslim_3895']"
C1838,"নবী (সা.) বলেছেন, যখন আল্লাহ এই আয়াতটি নাজিল করেছেন, তখন মানুষের মনে কিছু প্রবেশ করেছে যা আগে কখনো প্রবেশ করেনি। তিনি আমাদের নির্দেশ দিয়েছেন, ""বলুন, আমরা শুনেছি এবং মান্য করেছি,"" এবং আল্লাহ আমাদের হৃদয়ে ঈমান স্থাপন করেছেন।","['muslim_330', 'muslim_329', 'muslim_5315', 'muslim_6016', 'muslim_7496']",muslim_3639,"['muslim_3639', 'muslim_3208', 'bukhari_3994', 'muslim_997', 'muslim_6710', 'muslim_7071', 'muslim_7155', 'muslim_2506', 'muslim_789', 'muslim_5118']"
C1839,"রাসূলুল্লাহ (সা.) বলেছেন, তাঁর জীবনের শেষের দিকে এক রাতে তিনি আমাদের সঙ্গে ইশা নামাজ পড়েছিলেন। নামাজ শেষে তিনি বলেছিলেন, ""এই রাত থেকে একশো বছর পর পৃথিবীতে কেউ থাকবে না।""","['muslim_6479', 'bukhari_601', 'bukhari_116', 'bukhari_564', 'muslim_1451']",muslim_495,"['muslim_495', 'muslim_6970', 'bukhari_6791', 'muslim_6531', 'muslim_3265', 'muslim_471', 'muslim_2410', 'muslim_5979', 'muslim_3514', 'muslim_4845']"
C1840,"রাসূলুল্লাহ (সা.) মিনায় দুই রাকাত নামাজ পড়েছেন, এরপর আবু বকর, عمر এবং عثمانও তাদের সময়ে নামাজ পড়েছেন। উসমান চার রাকাত পড়ার পর, ইবনু উমর ইমামের সঙ্গে চার রাকাত পড়লে, একা পড়লে দুই রাকাত পড়তেন।","['muslim_1592', 'muslim_1590', 'bukhari_1655', 'muslim_1594', 'muslim_1596']",bukhari_6791,"['bukhari_6791', 'bukhari_6459', 'muslim_6531', 'bukhari_1253', 'bukhari_5739', 'bukhari_6204', 'bukhari_678', 'bukhari_518', 'muslim_254', 'bukhari_5864']"
C1841,আমি দেখেছি যে রাসূলুল্লাহ (সা.) তাঁর দাড়ি সোনালী রঙে রাঙিয়েছিলেন।,"['muslim_2818', 'muslim_6313', 'muslim_740', 'muslim_241', 'muslim_5315']",muslim_6970,"['muslim_6970', 'muslim_1832', 'muslim_6669', 'muslim_3731', 'muslim_6012', 'muslim_3208', 'muslim_6433', 'muslim_3895', 'muslim_7071', 'muslim_789']"
C1842,"আবু তালহা থেকে বর্ণিত, নবী সাল্লাল্লাহু আলাইহি ওয়াসাল্লাম বলেছেন, ""তোমরা আগুনে পাকা খাবার থেকে ওজু করো।""","['muslim_789', 'muslim_5942', 'muslim_788', 'muslim_106', 'muslim_7482']",bukhari_6791,"['bukhari_6791', 'muslim_4203', 'muslim_208', 'muslim_6162', 'bukhari_236', 'muslim_3265', 'muslim_495', 'muslim_5428', 'muslim_5796', 'muslim_2129']"
C1843,"মুহাম্মদ (সা.) এর সাথে নামাজ পড়ার পর, মুআজ (রা.) তার সম্প্রদায়কে ইমামতি করেছিলেন।","['bukhari_700', 'muslim_1040', 'muslim_1042', 'bukhari_701', 'bukhari_711']",muslim_1832,"['muslim_1832', 'muslim_3208', 'bukhari_3994', 'muslim_2140', 'muslim_789', 'muslim_3731', 'muslim_3639', 'muslim_1889', 'muslim_6292', 'muslim_4850']"
C1844,"আনাস বলেছেন, আলী কিছু লোককে দেখেছিলেন যারা মূর্তির পূজা করছিল। তিনি তাদের পুড়িয়ে দিয়েছিলেন এবং Ibn Abbas বলেছেন, রাসূলুল্লাহ (সা.) বলেছেন, যে তার ধর্ম পরিবর্তন করে, তাকে হত্যা করতে হবে।","['bukhari_6922', 'bukhari_3017', 'muslim_4388', 'muslim_2025', 'muslim_4091']",bukhari_2944,"['bukhari_2944', 'muslim_1832', 'muslim_5159', 'muslim_5274', 'bukhari_3994', 'bukhari_2290', 'muslim_5921', 'muslim_6292', 'muslim_3731', 'muslim_3208']"
C1845,"আবু বকর رضي الله عنه বলেছেন যে, রাসূলুল্লাহ صلى الله عليه وسلم নির্দেশ দিয়েছিলেন যে, আল্লাহর বিধানগুলোকে একত্রিত করা উচিত এবং একত্রিত বিষয়গুলোকে আলাদা করা উচিত নয়, যাতে দান দেওয়ার সময় কোনো অসুবিধা না হয়।","['bukhari_6955', 'bukhari_1450', 'bukhari_1455', 'bukhari_2487', 'bukhari_1451']",muslim_495,"['muslim_495', 'bukhari_5257', 'muslim_5866', 'muslim_3509', 'muslim_3834', 'bukhari_1162', 'muslim_4845', 'bukhari_6056', 'muslim_375', 'muslim_2207']"
C1846,"আমি শুনেছি যে, আবু ধর (রা.) মক্কায় নবী মুহাম্মদ (সা.) এর কাছে গিয়ে ইসলাম গ্রহণ করেন। তিনি প্রথমে নবীর কথা শুনে মুগ্ধ হয়ে গিয়ে, সবাইকে ঘোষণা করেন যে, ""আল্লাহ ছাড়া কোনো ইলাহ নেই এবং মুহাম্মদ (সা.) আল্লাহর রাসূল।"" এরপর লোকেরা তাকে আক্রমণ করে, কিন্তু আবু ধরের পরিচয় জানার পর তাকে রক্ষা করেন আব্বাস (রা.)।","['muslim_6362', 'bukhari_3861', 'muslim_2951', 'muslim_4589', 'muslim_1562']",bukhari_5032.2,"['bukhari_5032.2', 'bukhari_5984', 'bukhari_4923', 'bukhari_6505', 'muslim_483', 'bukhari_717', 'bukhari_6056', 'muslim_281', 'bukhari_5257', 'bukhari_7435']"
C1848,"নবী মুহাম্মদ (সা.) কৃষি জমি ভাড়া দেওয়া থেকে নিষেধ করেছেন। আমি সালেমকে জিজ্ঞেস করলাম, তুমি কি জমি ভাড়া দাও? তিনি বললেন, হ্যাঁ, কারণ এতে আমার লাভ বেশি হয়।","['bukhari_4012', 'bukhari_4013', 'muslim_3940', 'muslim_3938', 'muslim_3944']",bukhari_3994,"['bukhari_3994', 'muslim_2140', 'muslim_933', 'bukhari_7386', 'muslim_3208', 'bukhari_2633', 'bukhari_6145', 'muslim_1832', 'bukhari_5475', 'muslim_913']"
C1851,"আমি শুনেছি যে, রাসূলুল্লাহ (সা.) বলেছেন যে, কিছু লোক যদি জুমআর নামাজ ছেড়ে দেয়, তাহলে আল্লাহ তাদের হৃদয়ে মোহর লাগিয়ে দেবেন এবং তারা গাফেলদের অন্তর্ভুক্ত হয়ে যাবে।","['muslim_2002', 'muslim_967', 'muslim_4956', 'muslim_5587', 'muslim_3944']",muslim_495,"['muslim_495', 'muslim_3834', 'muslim_6746', 'muslim_3811', 'muslim_3265', 'muslim_3671', 'bukhari_4545', 'bukhari_5257', 'bukhari_3322', 'muslim_1985']"
C1853,"আমার বাবা আমাকে রাসূলুল্লাহ (সা.)-এর কাছে নিয়ে গিয়েছিলেন, যাতে তিনি আমার জন্য একটি দান সম্পর্কে সাক্ষী হন। রাসূল (সা.) জিজ্ঞেস করেছিলেন, ""তোমার কি অন্য ছেলে আছে?"" আমি বললাম, ""হ্যাঁ।"" তখন তিনি বললেন, ""তাদের মধ্যে সমানভাবে বণ্টন করো।""","['muslim_4183', 'muslim_4577', 'muslim_7006', 'muslim_6559', 'muslim_3768']",muslim_495,"['muslim_495', 'bukhari_429', 'muslim_3834', 'muslim_3265', 'bukhari_4545', 'muslim_1279', 'bukhari_2626', 'bukhari_6996', 'muslim_5979', 'muslim_483']"
C1854,"নবী সাল্লাল্লাহু আলাইহি ওয়া সাল্লাম বলেছেন, আমাদের মধ্যে কেউ যেন প্রতিদিন চুল না আঁচড়ায়, এবং কেউ যেন গোসলের স্থানে প্রস্রাব না করে। তিনি আরও বলেছেন, পুরুষের গোসলের পানি যেন নারীর গোসলের পানির সাথে মেশানো না হয়, বরং উভয়কে একসাথে গোসল করতে হবে।","['muslim_139', 'muslim_1218', 'muslim_3437', 'muslim_716', 'muslim_710']",muslim_1477,"['muslim_1477', 'muslim_5694', 'muslim_495', 'muslim_2097', 'muslim_4845', 'muslim_208', 'muslim_5222', 'muslim_6429', 'muslim_3775', 'muslim_5000']"
C1855,"একজন আরবী এসে বললেন, ""হে রাসূলুল্লাহ, আমাদের মধ্যে আল্লাহর কিতাব অনুযায়ী বিচার করুন।"" তখন রাসূলুল্লাহ (সা.) বললেন, ""তোমার ছেলের জন্য শাস্তি হবে একশত বেত্রাঘাত এবং এক বছরের নির্বাসন, আর সেই মহিলাকে রেজম করা হবে।""","['bukhari_2695', 'bukhari_2696', 'bukhari_7193', 'bukhari_7194', 'bukhari_6835']",bukhari_6505,"['bukhari_6505', 'muslim_3265', 'muslim_5979', 'muslim_495', 'muslim_575', 'bukhari_6791', 'bukhari_5032.2', 'bukhari_6056', 'muslim_3834', 'bukhari_5984']"
C1858,"নবী সাল্লাল্লাহু আলাইহি ওয়াসাল্লাম বলেছেন, যে ব্যক্তি পায়জামা পায় না, সে যেন প্যান্ট পরে। আর যে ব্যক্তি জুতা পায় না, সে যেন মোজা পরে।","['bukhari_5804', 'bukhari_1841', 'bukhari_5852', 'bukhari_1843', 'bukhari_5853']",muslim_5917,"['muslim_5917', 'muslim_2559', 'muslim_3670', 'bukhari_5811', 'muslim_5401', 'bukhari_5087', 'muslim_143', 'muslim_7187', 'muslim_5450', 'muslim_5312']"
C1861,"আমি শুনেছি যে, যে ব্যক্তি তার গরু বা মাঠে থাকাকালীন নামাজের জন্য আযান দেয়, তার আযান শুনে জিন, মানুষ এবং অন্যান্য সব কিছু তার পক্ষে কিয়ামতের দিন সাক্ষ্য দেবে।","['bukhari_609', 'bukhari_7548', 'bukhari_3296', 'muslim_2706', 'muslim_2290']",muslim_6746,"['muslim_6746', 'bukhari_3322', 'bukhari_5501', 'muslim_2086', 'bukhari_707', 'bukhari_5704', 'muslim_2822', 'bukhari_4062', 'bukhari_2950', 'bukhari_1534']"
C1862,"আমি শুনেছি, আয়েশা রাদিয়াল্লাহু আনহা বলেছেন যে, নবী সাল্লাল্লাহু আলাইহি ওয়াসাল্লাম এ সম্পর্কে এমন কিছু বলেছেন।","['muslim_569', 'muslim_567', 'muslim_2912', 'muslim_2939', 'muslim_2830']",muslim_495,"['muslim_495', 'bukhari_6996', 'muslim_434', 'bukhari_444', 'muslim_483', 'bukhari_5257', 'muslim_3539', 'bukhari_5984', 'bukhari_3595.2', 'bukhari_643']"
C1864,"একজন আনসারী ব্যক্তি নবীর কাছে এসে বললেন, ""আমি সাক্ষ্য দিচ্ছি যে আল্লাহ ছাড়া কোনো ইলাহ নেই এবং আপনি তাঁর রাসূল।"" এরপর তিনি যুদ্ধে অংশগ্রহণ করলেন এবং শহীদ হলেন। নবী বললেন, ""এটি তার জন্য সহজ কাজ ছিল এবং পুরস্কার অনেক।""","['muslim_4914', 'muslim_4616', 'muslim_4631', 'muslim_106', 'muslim_4641']",bukhari_6997,"['bukhari_6997', 'bukhari_6145', 'bukhari_5984', 'bukhari_4805', 'bukhari_1073', 'bukhari_6505', 'muslim_6970', 'muslim_764', 'muslim_1371', 'bukhari_6791']"
C1865,"নবী মুহাম্মদ (সা.) বলেছেন, আমাদের দুই বা তিনবার ভালোভাবে নাক পরিষ্কার করা উচিত।","['muslim_6498', 'muslim_555', 'muslim_7293', 'muslim_5337', 'muslim_940']",muslim_6342,"['muslim_6342', 'muslim_6635', 'muslim_2133', 'muslim_1849', 'muslim_5919', 'muslim_3208', 'bukhari_3994', 'muslim_933', 'muslim_3639', 'muslim_1889']"
C1866,"আমি শুনেছি, নবী সাল্লাল্লাহু আলাইহি ওয়া সাল্লাম বলেছেন যে, যদি কেউ কসম খায় এবং বলে ""ইনশাআল্লাহ"", তাহলে সে তার কসমে শর্ত জুড়েছে।","['muslim_4721', 'muslim_355', 'muslim_4272', 'muslim_4263', 'muslim_5765']",bukhari_1162,"['bukhari_1162', 'muslim_4203', 'muslim_496', 'bukhari_5257', 'muslim_3539', 'bukhari_4805', 'muslim_5428', 'muslim_370', 'muslim_5848', 'bukhari_3595.2']"
C1867,"আমি শুনেছি যে, আবু ইসহাক বলেছেন যে, ইবন আল-মাথানী তার বর্ণনায় সততা ও শুদ্ধতার কথা বলেছেন।","['muslim_6905', 'muslim_4225', 'muslim_6440', 'muslim_3548', 'muslim_7128']",bukhari_2944,"['bukhari_2944', 'bukhari_3994', 'muslim_6635', 'bukhari_6145', 'muslim_1740', 'muslim_2133', 'bukhari_7386', 'muslim_933', 'muslim_3731', 'bukhari_5084']"
C1868,"নবী (সা.) বলেছেন, আল্লাহ সেই লোকদের প্রতি বিস্মিত হন যারা শৃঙ্খলাবদ্ধ অবস্থায় জান্নাতে প্রবেশ করবে।","['bukhari_3010', 'muslim_7035', 'muslim_7036', 'muslim_7149', 'muslim_7416']",muslim_471,"['muslim_471', 'muslim_6970', 'muslim_6429', 'muslim_6136', 'muslim_575', 'muslim_5796', 'muslim_5962', 'muslim_3514', 'muslim_5211', 'muslim_7440']"
C1869,"আমি শুনেছি যে, রাসূলুল্লাহ সাল্লাল্লাহু আলাইহি ওয়াসাল্লাম আমাকে মিনার থেকে বের হওয়ার সময় আবতাহে (অবতরণ করার স্থান) নামতে বলেননি, কিন্তু আমি সেখানে আমার তাঁবু স্থাপন করেছিলাম। এরপর তিনি সেখানে এসে নামলেন।","['muslim_3173', 'muslim_5358', 'muslim_3848', 'muslim_1218', 'muslim_3938']",muslim_6970,"['muslim_6970', 'bukhari_1073', 'muslim_495', 'bukhari_6997', 'bukhari_5984', 'bukhari_1162', 'bukhari_6996', 'bukhari_7077', 'bukhari_6056', 'muslim_3517']"
C1870,"নবীজি (সাল্লাল্লাহু আলাইহি ওয়াসাল্লাম) বলেছেন, যখন কেউ মসজিদের দেয়ালে থুতু ফেলে, তখন তাকে উচিত সামনে বা ডান দিকে থুতু না ফেলা, বরং বাম দিকে বা পায়ের নিচে ফেলতে।","['bukhari_408', 'bukhari_409', 'bukhari_410', 'bukhari_411', 'muslim_1225']",muslim_495,"['muslim_495', 'bukhari_284', 'muslim_3265', 'muslim_3811', 'muslim_483', 'bukhari_5257', 'muslim_1279', 'bukhari_3322', 'muslim_3509', 'muslim_3834']"
C1871,"আমি শুনেছি, রাসূলুল্লাহ (সা.) বলেছেন, তিনি চান যে কোরআন অন্যের মুখ থেকে শুনতে। তাই আমি সূরা নিসা পড়লাম এবং তিনি আমার পড়া শুনছিলেন।","['muslim_1867', 'muslim_1869', 'bukhari_5055', 'bukhari_4582', 'bukhari_5049']",muslim_3208,"['muslim_3208', 'bukhari_3994', 'muslim_1832', 'muslim_3639', 'muslim_1889', 'muslim_6292', 'muslim_2752', 'muslim_2191', 'muslim_6710', 'muslim_4850']"
C1873,"আমি শুনেছি যে, সুলাইমান বিন বালাল বলেছেন যে, আল-রহমান তার চেয়ে বড়।","['muslim_2013', 'muslim_6090', 'muslim_3759', 'muslim_2099', 'muslim_6232']",bukhari_690.2,"['bukhari_690.2', 'bukhari_2944', 'muslim_5159', 'muslim_5921', 'muslim_1832', 'bukhari_2290', 'bukhari_5910', 'bukhari_3994', 'muslim_2133', 'bukhari_2239.2']"
C1874,"আমি শুনেছি, রাসূলুল্লাহ (সা.) কখনো খাবারের সমালোচনা করেননি। যদি তিনি খাবারটি পছন্দ করতেন, তবে তা খেতেন, আর যদি পছন্দ না করতেন, তবে তা ত্যাগ করতেন।","['bukhari_5409', 'muslim_5380', 'bukhari_3563', 'muslim_5383', 'muslim_5040']",muslim_933,"['muslim_933', 'muslim_4866', 'muslim_1889', 'muslim_2506', 'muslim_6669', 'muslim_6342', 'muslim_789', 'muslim_6433', 'muslim_1148', 'muslim_6534']"
C1875,"কায়েস বলেছে, ""হে রাসূলুল্লাহ, আমি ভয় পাচ্ছি যে সে আমার ওপর হামলা করবে, তাই আপনি তাকে অন্যদিকে চলে যেতে বলুন।""","['muslim_3718', 'muslim_3702', 'muslim_5976', 'muslim_3697', 'muslim_2909']",muslim_3731,"['muslim_3731', 'muslim_5118', 'bukhari_6145', 'muslim_1849', 'bukhari_6997', 'bukhari_1073', 'muslim_1371', 'muslim_1148', 'muslim_6996', 'muslim_6635']"
C1876,"নবীজি বলেছেন, যখন তোমরা তিনজন একসাথে থাকো, তখন দুইজন যেন অন্যজনের সাথে গোপনে কথা না বলে, কারণ এতে সে দুঃখিত হতে পারে।","['muslim_5696', 'bukhari_6290', 'muslim_5697', 'muslim_5694', 'bukhari_6288']",muslim_495,"['muslim_495', 'bukhari_284', 'bukhari_4545', 'bukhari_5257', 'bukhari_3322', 'bukhari_518', 'bukhari_342', 'muslim_3265', 'muslim_3834', 'muslim_434']"
C1880,"রাসূলুল্লাহ (সাল্লাল্লাহু আলাইহি ওয়াসাল্লাম) বলেছেন, কবরের আযাব থেকে আল্লাহর কাছে আশ্রয় চাইতে হবে। তিনি বলেছিলেন, মুমিনের কবরের মধ্যে যখন প্রশ্ন করা হবে, তখন সে সঠিক উত্তর দিতে পারবে এবং জান্নাতের সুখ-স্বাদ গ্রহণ করবে, কিন্তু কাফেরের জন্য কবর হবে অত্যন্ত কষ্টদায়ক।","['muslim_7216', 'muslim_7377', 'muslim_451', 'muslim_461', 'muslim_475']",muslim_4845,"['muslim_4845', 'bukhari_5257', 'muslim_5222', 'muslim_5803', 'muslim_3514', 'muslim_3373', 'muslim_6429', 'muslim_1477', 'muslim_857', 'muslim_656']"
C1881,"নবীজি (সাল্লাল্লাহু আলাইহি ওয়াসাল্লাম) বলেছেন, আমাদের মধ্যে প্রেম ও বন্ধুত্ব প্রতিষ্ঠা করার জন্য একমাত্র উপায় হলো পরস্পরের মধ্যে সালাম প্রচার করা। তিনি বলেন, যদি আমরা একে অপরকে সালাম দিই, তাহলে আমাদের মধ্যে ভালোবাসা বাড়বে এবং আমরা জান্নাতে প্রবেশ করতে পারব।","['muslim_194', 'muslim_5259', 'muslim_4621', 'muslim_6151', 'muslim_7303']",bukhari_823,"['bukhari_823', 'bukhari_4029', 'bukhari_297', 'bukhari_5838', 'bukhari_5860', 'bukhari_4140', 'bukhari_1011', 'bukhari_5764', 'bukhari_921', 'bukhari_1923']"
C1882,"নবী সাল্লাল্লাহু আলাইহি ওয়া সাল্লাম বলেছেন, ঈদুল আযহার নামাজ দুই রাকাত, ঈদুল ফিতরের নামাজও দুই রাকাত, সফরের নামাজ দুই রাকাত এবং জুমার নামাজও দুই রাকাত।","['bukhari_592', 'muslim_1596', 'muslim_1671', 'bukhari_797', 'muslim_1432']",muslim_2086,"['muslim_2086', 'bukhari_6459', 'bukhari_1165', 'bukhari_4545', 'bukhari_3569', 'bukhari_1876', 'bukhari_5345', 'bukhari_4692', 'muslim_434', 'bukhari_5840']"
C1884,"রাসুলুল্লাহ (সা.) বলেছেন, আমার পরে তোমরা কাফির হয়ে ফিরে আসবে না।","['bukhari_6868', 'bukhari_7080', 'bukhari_6869', 'bukhari_7077', 'bukhari_4405']",muslim_3208,"['muslim_3208', 'muslim_789', 'muslim_2752', 'muslim_933', 'muslim_6342', 'muslim_6292', 'muslim_1889', 'muslim_4850', 'muslim_2506', 'muslim_3981']"
C1889,"রাসূলুল্লাহ (সা.) বলেছেন, ""নবীজের নেশা হারাম।"" আমি ইবনে আব্বাসের কাছে গিয়েছিলাম এবং ইবনে উমরের সাথে কথা বলার পর এই কথা শুনে অবাক হয়েছিলাম। ইবনে উমর বলেছেন, ""রাসূলুল্লাহ (সা.) এই নেশাকে হারাম করেছেন।""","['muslim_5187', 'muslim_5190', 'muslim_5194', 'muslim_5191', 'muslim_5197']",muslim_6970,"['muslim_6970', 'muslim_471', 'bukhari_6791', 'muslim_5796', 'muslim_5848', 'muslim_6429', 'muslim_6136', 'muslim_3514', 'muslim_848', 'muslim_575']"
C1892,"এটি বলা হয়েছে যে, তিনি মজলিসের মধ্যে একটি বিশেষ স্থান নির্ধারণ করেছেন।","['muslim_5177', 'muslim_5178', 'muslim_5199', 'muslim_7171', 'muslim_769']",muslim_6970,"['muslim_6970', 'muslim_495', 'muslim_2657', 'muslim_471', 'muslim_2062', 'bukhari_3088', 'muslim_4860', 'bukhari_1073', 'muslim_6531', 'muslim_5428']"
C1895,"নবী সাল্লাল্লাহু আলাইহি ওয়া সাল্লাম আবু বকরকে বলেছিলেন যে, তিনি বের হতে চান যখন তাকে অত্যাচার করা হচ্ছিল। আবু বকর তখন বলেছিলেন, ""আপনি কি আশা করেন যে, আপনাকে বের হতে অনুমতি দেওয়া হবে?"" নবী তখন বলেছিলেন, ""আমি আশা করি।"" এরপর নবী এবং আবু বকর একসাথে গুহায় গিয়েছিলেন এবং সেখানে লুকিয়ে ছিলেন।","['bukhari_4093', 'muslim_6406', 'muslim_6322', 'muslim_6214', 'muslim_4580']",bukhari_1073,"['bukhari_1073', 'bukhari_4805', 'bukhari_5984', 'bukhari_6996', 'bukhari_429', 'bukhari_6997', 'bukhari_1162', 'bukhari_3357', 'muslim_496', 'bukhari_5137']"
C1897,"আমি শুনেছি যে, রাসূলুল্লাহ (সা.) বলেছেন, যখন কেউ নতুন জায়গায় পৌঁছায়, তাকে আল্লাহর পরিপূর্ণ কথাগুলোর আশ্রয় নিতে হবে যেন সৃষ্টির ক্ষতি থেকে রক্ষা পায়। যদি কেউ সন্ধ্যায় এই কথাগুলো বলে, তাহলে তাকে কিছুই ক্ষতি করতে পারবে না।","['muslim_6880', 'muslim_6879', 'muslim_6878', 'muslim_3487', 'muslim_7502']",bukhari_5257,"['bukhari_5257', 'bukhari_5984', 'bukhari_6056', 'bukhari_6505', 'muslim_281', 'bukhari_1162', 'muslim_575', 'bukhari_717', 'bukhari_3595.2', 'muslim_483']"
C1901,"নবী (সাল্লাল্লাহু আলাইহি ওয়া সাল্লাম) বলেছেন, যদি তোমরা কোনো স্থানে প্লেগের খবর শুনো, তাহলে সেখানে প্রবেশ করো না। আর যদি সেখানে তোমরা অবস্থান করো এবং প্লেগ সেখানে ছড়িয়ে পড়ে, তাহলে সেখান থেকে বের হও না।","['bukhari_5728', 'muslim_5779', 'muslim_5787', 'muslim_5772', 'muslim_5774']",bukhari_5984,"['bukhari_5984', 'bukhari_4805', 'bukhari_1740', 'bukhari_6056', 'bukhari_1162', 'bukhari_6996', 'muslim_764', 'bukhari_1073', 'bukhari_6505', 'bukhari_7435']"
C1902,"আয়েশা (রাঃ) বলেছেন, নবী (সঃ) এমন একটি পাত্রে আট রত্তল পানি দিয়ে গোসল করতেন।","['muslim_2915', 'muslim_3568', 'muslim_7035', 'muslim_2913', 'muslim_705']",muslim_5917,"['muslim_5917', 'muslim_6012', 'muslim_3208', 'muslim_2133', 'muslim_2751', 'muslim_5450', 'muslim_2752', 'muslim_7167', 'muslim_4850', 'muslim_1832']"
C1903,"নবীজি বলেছেন, ধনীর জন্য দান করা বৈধ নয়, তবে পাঁচটি বিশেষ ক্ষেত্রে এটি করা যেতে পারে। এর মধ্যে রয়েছে দান সংগ্রহকারী, আল্লাহর পথে যুদ্ধকারী, ধনী ব্যক্তি যিনি নিজের টাকা দিয়ে দান কিনেছেন, দরিদ্র ব্যক্তি যিনি দান গ্রহণ করে তা ধনীর কাছে উপহার দিয়েছেন, এবং ঋণগ্রস্ত ব্যক্তি।","['muslim_2880', 'muslim_4247', 'bukhari_6701', 'muslim_4160', 'muslim_3305']",bukhari_6791,"['bukhari_6791', 'bukhari_6145', 'bukhari_1162', 'muslim_2129', 'muslim_357', 'muslim_618', 'muslim_948', 'bukhari_158', 'bukhari_3089', 'bukhari_3580']"
C1906,"নবী মুহাম্মদ (সা.) বলেছেন, আমাকে বাইয়াত করুন।","['bukhari_3999', 'muslim_3743', 'muslim_4669', 'muslim_944', 'muslim_4234']",muslim_5917,"['muslim_5917', 'muslim_4993', 'muslim_5159', 'muslim_6555', 'muslim_6431', 'muslim_3241', 'muslim_5016', 'muslim_844', 'muslim_4818', 'muslim_5200']"
C1910,"নবী মুহাম্মদ (সা.) যখন জাইনাবকে বিয়ে করেন, তখন উম্মে সুলেম তাকে একটি বিশেষ খাবার উপহার দেন। নবী (সা.) মুসলিমদের ডেকে সেই খাবার খাওয়ান এবং সবাই খেয়ে সন্তুষ্ট হয়ে বেরিয়ে যায়। পরে আল্লাহ তাআলা নির্দেশ দেন যে, মুসলিমদের নবীর ঘরে প্রবেশ করতে হলে আগে অনুমতি নিতে হবে।","['muslim_3508', 'muslim_3503', 'muslim_3506', 'muslim_5316', 'muslim_139']",bukhari_5406,"['bukhari_5406', 'bukhari_255', 'bukhari_3536', 'bukhari_4410', 'bukhari_1011', 'bukhari_4866', 'bukhari_297', 'bukhari_6505', 'bukhari_6798', 'bukhari_498']"
C1916,"আমি শুনেছি যে, আবদুল্লাহ বিন সালামকে জানানো হয়েছে যে তিনি জান্নাতের লোক। কিন্তু তিনি বলেছেন, এটা বলা উচিত নয় যেটা তাদের জানা নেই। তিনি একটি স্বপ্নের কথা বলেছেন যেখানে তিনি একটি সবুজ বাগানে একটি স্তম্ভ দেখেছেন এবং সেখানে একটি দড়ি ছিল। তিনি সেই দড়ি ধরে উঠেছিলেন এবং রাসূলুল্লাহ (সা.) বলেছেন যে আবদুল্লাহ মৃত্যুবরণ করবেন যখন তিনি সেই দড়ি ধরে থাকবেন।","['muslim_6382', 'bukhari_7010', 'muslim_6381', 'bukhari_3813', 'bukhari_7014']",bukhari_5406,"['bukhari_5406', 'bukhari_1162', 'bukhari_6056', 'bukhari_4805', 'muslim_370', 'bukhari_3307', 'bukhari_1740', 'bukhari_1073', 'bukhari_6996', 'muslim_2095']"
C1917,"আমি শুনেছি যে আনাস (রা) বলেছেন, আল্লাহর রাসূল (সা) আমাদেরকে কিছু গুরুত্বপূর্ণ শিক্ষা দিয়েছেন যা আমাদের জীবনকে সুন্দর করতে সাহায্য করবে।","['muslim_5266', 'muslim_4168', 'muslim_3854', 'muslim_4319', 'muslim_5535']",muslim_6970,"['muslim_6970', 'muslim_6162', 'muslim_6140', 'muslim_6136', 'bukhari_6145', 'muslim_6595', 'muslim_471', 'muslim_5428', 'muslim_5848', 'muslim_5701']"
C1920,"আমি শুনেছি যে, নবী মুহাম্মদ (সা.) খাইবারের যুদ্ধে গিয়েছিলেন এবং সেখানে কিছু লোক হিংস্র জন্তুর মাংস খেয়েছিল। এরপর নবী (সা.) নির্দেশ দিয়েছিলেন যে, যারা তাঁর রাসূলত্বের সাক্ষ্য দেয়, তাদের জন্য সেই মাংস খাওয়া হারাম।","['muslim_5010', 'muslim_1256', 'muslim_936', 'muslim_2919', 'muslim_5021']",muslim_495,"['muslim_495', 'muslim_3834', 'muslim_6987', 'muslim_450', 'muslim_2207', 'muslim_3862', 'muslim_1985', 'muslim_3671', 'muslim_6746', 'muslim_6652']"
C1923,"আমি শুনেছি যে, আয়েশা বলেছেন যে, তিনি রাসূলুল্লাহ (সা.)-কে ফজরের দুই রাকাত নামাজে এত দ্রুত পড়তে দেখেছেন যে, তিনি মনে করেছিলেন যে, সেখানে সূরা ফাতিহা পড়া হচ্ছে।","['muslim_1684', 'muslim_1685', 'muslim_1681', 'bukhari_1165', 'muslim_2098']",muslim_495,"['muslim_495', 'muslim_6970', 'muslim_5979', 'muslim_3265', 'bukhari_1073', 'muslim_5848', 'muslim_575', 'bukhari_5257', 'muslim_3834', 'muslim_4845']"
C1926,"আমি শুনেছি, রাসূলুল্লাহ (সাল্লাল্লাহু আলাইহি ওয়া সাল্লাম) মক্কার কাবা মসজিদে ঘুমানোর সময় তিনজন ব্যক্তি তাঁর কাছে এসেছিলেন। সেই সময় তাঁর প্রতি ওহী আসার আগে এই ঘটনা ঘটেছিল।","['muslim_414', 'bukhari_3570', 'muslim_3745', 'muslim_1564', 'muslim_5704']",bukhari_5406,"['bukhari_5406', 'bukhari_1073', 'bukhari_1740', 'bukhari_1162', 'bukhari_6798', 'bukhari_6505', 'bukhari_7258', 'bukhari_7259', 'muslim_2095', 'bukhari_4473']"
C1929,"নবী মুহাম্মদ (সা.) বলেছেন, ""তোমরা ঘরে নামাজ পড়ো, কারণ একজন ব্যক্তির জন্য সবচেয়ে ভালো নামাজ হলো তার ঘরে, শুধু ফরজ নামাজ ছাড়া।""","['muslim_1825', 'bukhari_6113', 'muslim_1783', 'muslim_944', 'muslim_1451']",bukhari_6996,"['bukhari_6996', 'muslim_3265', 'muslim_3811', 'muslim_3834', 'muslim_575', 'muslim_483', 'bukhari_7435', 'muslim_5979', 'bukhari_5984', 'bukhari_430']"
C1932,"আয়েশা বলেছেন, নবী (সা.) তার শেষ সময়ে কিছু বিশেষ দোয়া পড়ছিলেন এবং বলছিলেন, ""হে আল্লাহ, আমাকে ক্ষমা করো এবং আমাকে উচ্চ সঙ্গীদের সাথে যুক্ত করো।"" তিনি যখন অসুস্থ ছিলেন, তখন আয়েশা তার হাত ধরে সেই দোয়া পড়ছিলেন।","['muslim_5707', 'muslim_5710', 'muslim_5709', 'bukhari_5750', 'bukhari_5743']",bukhari_6145,"['bukhari_6145', 'muslim_3731', 'bukhari_3994', 'bukhari_1073', 'muslim_6970', 'muslim_2762', 'muslim_5118', 'muslim_3440', 'muslim_6996', 'muslim_4910']"
C1933,"রাসূলুল্লাহ (সাল্লাল্লাহু আলাইহি ওয়া সাল্লাম) বলেছেন, আমাদের উচিত আল্লাহর কাছে সাহায্য চাওয়া, যেন আমরা অলসতা, কৃপণতা, এবং মৃত্যুর পরের শাস্তি থেকে রক্ষা পেতে পারি। তিনি আমাদের শিক্ষা দিয়েছেন, যেন আমরা নিজেদের আত্মা ও হৃদয়কে পরিশুদ্ধ করার চেষ্টা করি।","['muslim_6906', 'muslim_6873', 'muslim_6871', 'muslim_6907', 'bukhari_6367']",muslim_6136,"['muslim_6136', 'muslim_6162', 'muslim_5655', 'muslim_6838', 'muslim_6140', 'muslim_6595', 'muslim_4184', 'muslim_6422', 'muslim_575', 'muslim_5701']"
C1934,"রাসূলুল্লাহ (সা.) বলেছেন, যখন আমরা তাঁর সাথে ছিলাম, তখন কিছু উট ও ভেড়া শিকার করা হয়। তিনি নির্দেশ দেন যে, শিকার করা পশুগুলোকে সঠিকভাবে ভাগ করতে হবে এবং বলেন, কিছু পশুর আচরণ বন্য প্রাণীর মতো হয়ে থাকে, তাই তাদের নিয়ে সাবধান থাকতে হবে।","['bukhari_5498', 'muslim_5092', 'bukhari_2488', 'bukhari_2507', 'bukhari_3075']",muslim_6970,"['muslim_6970', 'bukhari_6791', 'muslim_471', 'bukhari_6145', 'muslim_208', 'muslim_4866', 'muslim_5428', 'muslim_6531', 'muslim_4203', 'muslim_495']"
C1936,"আমি শুনেছি যে, রাসূলুল্লাহ (সা.) বলেছেন, তিনি যখন দুই পক্ষের মধ্যে বিরোধ শুনলেন, তখন তিনি বেরিয়ে এসে বললেন, আমি একজন মানুষ। কখনও কখনও একজন পক্ষের কথা অন্য পক্ষের চেয়ে বেশি প্রভাবশালী হয়, তাই আমি মনে করি যে আমি সঠিক সিদ্ধান্ত নিচ্ছি। তিনি সতর্ক করেছেন যে, যদি আমি কোনো মুসলিমের অধিকার নিয়ে সিদ্ধান্ত নিই, তবে সেটি যেন আগুনের এক টুকরো হয়, তাই সেটা গ্রহণ করা বা পরিত্যাগ করা উচিত।","['muslim_4473', 'bukhari_7181', 'bukhari_2458', 'bukhari_7185', 'bukhari_7169']",muslim_1985,"['muslim_1985', 'bukhari_297', 'bukhari_2950', 'bukhari_4029', 'muslim_483', 'muslim_434', 'bukhari_5510', 'bukhari_3322', 'muslim_6746', 'bukhari_4545']"
C1940,"একজন মহিলা নবী মুহাম্মদ (সা.)-এর কাছে menstruation এর রক্ত সম্পর্কে জিজ্ঞাসা করেছিলেন। তিনি বলেছেন, কাপড়ে যদি রক্ত লাগে, তবে তা ধুয়ে ফেলতে এবং নামাজ পড়তে হবে।","['muslim_672', 'muslim_675', 'muslim_3383', 'muslim_4863', 'muslim_3526']",bukhari_3994,"['bukhari_3994', 'muslim_6292', 'muslim_2133', 'muslim_3639', 'muslim_3208', 'muslim_933', 'muslim_1832', 'muslim_913', 'muslim_6342', 'muslim_789']"
C1941,"একজন মহিলা বলেছেন, যদি তার স্বামী তার প্রতি উদাসীন হন বা তাকে ত্যাগ করতে চান, তবে তিনি স্বামীকে বলেন, আমাকে ধরে রাখুন এবং যা খুশি আমাকে দিন। তিনি বলেন, যদি উভয়ই রাজি হন, তাহলে এতে কোনো সমস্যা নেই।","['bukhari_2694', 'muslim_7537', 'muslim_7538', 'bukhari_5206', 'bukhari_2450']",muslim_5428,"['muslim_5428', 'bukhari_7110', 'muslim_1336', 'bukhari_7044', 'bukhari_99', 'bukhari_3704', 'bukhari_3198', 'muslim_859', 'muslim_948', 'muslim_3612']"
C1944,"রাসুলুল্লাহ (সা.) প্রথমে সত্যি স্বপ্ন দেখতেন, যা সকালে সূর্যের আলোয়ের মতো স্পষ্ট হতো। এরপর তিনি গার হিরায় গিয়ে রাতের বেলা ইবাদত করতেন, যেখানে তাকে প্রথমবারের মতো জিবরাইল (আ.) এসে ""পড়ো"" বলেছিলেন। তিনি তখন ভয় পেয়ে খিদিজার কাছে ফিরে গিয়ে বললেন, ""আমার কি হয়েছে?"" খিদিজা তাকে সাহস দিয়ে বললেন, ""আল্লাহ তোমাকে কখনো লজ্জিত করবে না।""","['muslim_403', 'bukhari_4953', 'bukhari_3', 'bukhari_6982', 'bukhari_3392']",muslim_1985,"['muslim_1985', 'bukhari_3322', 'muslim_3876', 'muslim_3671', 'bukhari_4545', 'muslim_6746', 'muslim_5964', 'bukhari_4311', 'muslim_1280', 'bukhari_5396']"
C1945,"আয়েশা বলেছেন, রাসূলুল্লাহ (সা.) রাতে নামাজ পড়তেন এবং আমি তাঁর পাশে শুয়ে থাকতাম। যখন তিনি ওয়িতর নামাজ পড়তে চাইতেন, তখন আমাকে জাগিয়ে দিতেন।","['muslim_1141', 'bukhari_512', 'bukhari_997', 'muslim_1140', 'muslim_1735']",muslim_6970,"['muslim_6970', 'muslim_4866', 'muslim_471', 'bukhari_6791', 'bukhari_6145', 'muslim_6136', 'muslim_6429', 'muslim_7071', 'muslim_6996', 'muslim_5118']"
C1946,"আমি শুনেছি, নবী সাল্লাল্লাহু আলাইহি ওয়াসাল্লাম ফজরের নামাজে মউজতাইন পাঠ করেছেন।","['muslim_1892', 'muslim_1748', 'muslim_952', 'muslim_5358', 'muslim_3082']",muslim_495,"['muslim_495', 'muslim_6970', 'muslim_6140', 'muslim_6162', 'bukhari_7435', 'bukhari_5984', 'bukhari_6056', 'muslim_5848', 'muslim_575', 'muslim_3265']"
C1947,রাসুলুল্লাহ (সা.) রমজানের মাঝের দশ দিন ইতিকাফ করতেন এবং তাঁর কপাল মাটি ও পানিতে ভরে যেত।,"['muslim_2770', 'muslim_2769', 'bukhari_2018', 'muslim_103', 'muslim_7287']",muslim_6970,"['muslim_6970', 'muslim_471', 'bukhari_6791', 'bukhari_241', 'bukhari_6505', 'bukhari_158', 'muslim_4866', 'muslim_6531', 'muslim_6136', 'bukhari_6145']"
C1948,"রাসূলুল্লাহ বলেছেন যে, তিনি সুলায়মান বিন বেলাল এবং ইয়াহইয়া সম্পর্কে কিছু উল্লেখ করেছেন।","['muslim_4124', 'muslim_3889', 'muslim_3759', 'muslim_5887', 'muslim_4501']",muslim_6970,"['muslim_6970', 'bukhari_6145', 'bukhari_1073', 'bukhari_241', 'muslim_3731', 'muslim_471', 'muslim_575', 'muslim_5848', 'bukhari_158', 'bukhari_6505']"
C1950,"একজন ব্যক্তি মসজিদে প্রবেশ করে এবং রাসূলুল্লাহ (সা.) সেখানে বসে ছিলেন। তিনি নামাজ পড়েন, কিন্তু রাসূল (সা.) তাকে বলেন, ""তুমি সঠিকভাবে নামাজ পড়নি, ফিরে যাও এবং আবার পড়ো।"" এরপর তিনি আবার নামাজ পড়েন এবং রাসূল (সা.) তাকে নামাজের সঠিক পদ্ধতি শেখান।","['muslim_885', 'bukhari_6251', 'bukhari_6667', 'bukhari_793', 'bukhari_757']",muslim_495,"['muslim_495', 'muslim_3265', 'muslim_2410', 'muslim_3514', 'bukhari_6791', 'muslim_5979', 'muslim_6970', 'muslim_3834', 'muslim_5848', 'muslim_5796']"
C1952,"আবু তালহা শহরের সবচেয়ে ধনী আনসার ছিলেন এবং তাঁর সবচেয়ে প্রিয় সম্পদ ছিল একটি কূপ, যা মসজিদের দিকে মুখ করে ছিল। তিনি রাসূলুল্লাহকে বলেছিলেন যে, আল্লাহর নির্দেশ অনুযায়ী, তিনি তাঁর প্রিয় সম্পদটি আল্লাহর জন্য দান করতে চান এবং রাসূলুল্লাহ তাঁকে পরামর্শ দিয়েছিলেন যে, এটি তাঁর আত্মীয়দের মধ্যে বিতরণ করতে।","['bukhari_2318', 'muslim_2315', 'bukhari_1461', 'bukhari_4554', 'bukhari_2769']",bukhari_2200,"['bukhari_2200', 'muslim_6970', 'bukhari_241', 'bukhari_6798', 'bukhari_5406', 'muslim_2095', 'bukhari_6145', 'bukhari_4473', 'muslim_471', 'muslim_6531']"
C1956,"নবী সাল্লাল্লাহু আলাইহি ওয়াসাল্লাম বলেছেন যে, আবু হুরায়রা রাদিয়াল্লাহু আনহু থেকে আবু জারআরাহর কথা উল্লেখ করেছেন।","['muslim_3149', 'muslim_397', 'muslim_6455', 'muslim_6502', 'muslim_4864']",muslim_495,"['muslim_495', 'bukhari_4545', 'bukhari_6459', 'bukhari_7395', 'bukhari_518', 'bukhari_5840', 'bukhari_4692', 'muslim_434', 'bukhari_5739', 'muslim_6987']"
C1957,"আমি শুনেছি, নবী সাল্লাল্লাহু আলাইহি ওয়া সাল্লাম একটি পরিত্যক্ত কবরের পাশে গিয়েছিলেন এবং সেখানে তিনি নামাজ পড়ার জন্য লোকদের নেতৃত্ব দিয়েছিলেন। এটা আমাকে আবু আমরো জানিয়েছে, এবং তিনি বলেছেন যে এটি ইবন আব্বাস রাদিয়াল্লাহু আনহু থেকে এসেছে।","['bukhari_1336', 'bukhari_1322', 'bukhari_857', 'muslim_2211', 'bukhari_1319']",muslim_514,"['muslim_514', 'bukhari_643', 'muslim_434', 'bukhari_297', 'muslim_495', 'muslim_6746', 'bukhari_823', 'bukhari_517', 'bukhari_3322', 'muslim_3834']"
C1959,"সুলাইমান (আ.) বলেছিলেন যে, তিনি রাতের বেলা একশ' বা নিনান্নটি নারীর কাছে যাবেন, প্রত্যেকেই আল্লাহর পথে যুদ্ধ করার জন্য একটি করে ঘোড়সওয়ার নিয়ে আসবে। কিন্তু তার সঙ্গী বলার পরও তিনি ""ইনশাআল্লাহ"" বলেননি, ফলে কেবল একটি নারীই আসলেন, যিনি একটি অর্ধ-পুরুষ নিয়ে এসেছিলেন। মহানবী (স.) বলেছেন, যদি তিনি ""ইনশাআল্লাহ"" বলতেন, তাহলে সবাই আল্লাহর পথে যুদ্ধ করার জন্য ঘোড়সওয়ার নিয়ে আসতেন।","['muslim_4289', 'bukhari_2819', 'bukhari_6639', 'muslim_4286', 'muslim_4288']",bukhari_1740,"['bukhari_1740', 'bukhari_4805', 'bukhari_1162', 'muslim_496', 'muslim_764', 'bukhari_4473', 'bukhari_6056', 'bukhari_1199.2', 'bukhari_5406', 'bukhari_6505']"
C1966,"নবী সাল্লাল্লাহু আলাইহি ওয়া সাল্লাম একবার শুয়ে ছিলেন এবং তাঁর ঘাম পড়ে যায়। তখন উম্ম সালিম তাঁর ঘাম মুছে একটি বোতলে রাখেন, নবীজি তা দেখে হাসেন এবং জিজ্ঞেস করেন, ""তুমি কি করছো, উম্ম সালিম?"" উম্ম সালিম বলেন, ""আমি আপনার ঘামকে আমার সুগন্ধির জন্য ব্যবহার করতে চাই।""","['muslim_6057', 'muslim_6055', 'muslim_6056', 'muslim_6627', 'muslim_6322']",muslim_495,"['muslim_495', 'muslim_3265', 'bukhari_6996', 'bukhari_6056', 'muslim_514', 'bukhari_6997', 'muslim_3834', 'muslim_3811', 'muslim_483', 'muslim_281']"
C1967,"আমি শুনেছি, রাসূলুল্লাহ (সাল্লাল্লাহু আলাইহি ওয়া সাল্লাম) বলেছেন যে, এক সময় আসবে যখন মানুষ তাদের আত্মীয়-স্বজনকে বলবে, ""আসো, সুখ-সমৃদ্ধির দিকে চল!"" কিন্তু তিনি বলেছেন, মদিনা তাদের জন্য ভালো, যদি তারা জানত। তিনি আরও বলেছেন, মদিনা যেমন খারাপকে দূরে সরিয়ে দেয়, তেমনই শেষ সময়ে মদিনা খারাপদের বের করে দেবে।","['muslim_3352', 'muslim_3318', 'muslim_3353', 'muslim_3364', 'bukhari_1871']",bukhari_6056,"['bukhari_6056', 'bukhari_1162', 'bukhari_1885', 'bukhari_6307', 'bukhari_717', 'bukhari_6996', 'bukhari_5998', 'bukhari_5352', 'muslim_281', 'bukhari_6489']"
C1970,"তিনি বলেছেন, ফজরের আগে যদি রোজা রাখার সংকল্প না করা হয়, তাহলে রোজা রাখা উচিত নয়।","['muslim_3129', 'muslim_2740', 'muslim_2726', 'muslim_1393', 'muslim_2721']",muslim_3612,"['muslim_3612', 'muslim_1336', 'muslim_6970', 'muslim_495', 'muslim_3539', 'muslim_5428', 'muslim_208', 'muslim_2657', 'muslim_4067', 'muslim_3265']"
C1971,"নবী (সা.) বলেছেন, মুমিনদের রক্ত একসাথে সমান এবং তারা একে অপরের প্রতি সহযোগী। কোন মুমিনকে কাফিরের কারণে হত্যা করা যাবে না, এবং যারা চুক্তিতে আছে তাদেরও হত্যা করা উচিত নয়।","['muslim_3327', 'muslim_7036', 'muslim_3794', 'muslim_4834', 'muslim_7035']",bukhari_6791,"['bukhari_6791', 'bukhari_158', 'bukhari_6145', 'bukhari_5864', 'muslim_471', 'muslim_4866', 'muslim_618', 'bukhari_5084', 'bukhari_4808', 'muslim_6794']"
C1974,"নবী (সা.) আমাকে বলেছিলেন, যদি বাহরাইনের ধন আসে, তবে তিনি আমাকে তিনবার দেবেন। কিন্তু তিনি মৃত্যুর আগেই তা আসেনি। পরে আবু বকর (রা.) ঘোষণা করলেন, যে কেউ নবীর কাছে কিছু পাওনা ছিল, সে যেন আসে। আমি গিয়েছিলাম এবং বলেছিলাম, নবী (সা.) আমাকে প্রতিশ্রুতি দিয়েছিলেন। তখন তিনি আমাকে তিনবার দিলেন।","['bukhari_2598', 'muslim_6023', 'bukhari_2296', 'bukhari_4383', 'muslim_6024']",bukhari_6145,"['bukhari_6145', 'bukhari_6791', 'bukhari_5984', 'bukhari_6505', 'muslim_6970', 'muslim_618', 'muslim_2129', 'muslim_281', 'muslim_3540', 'muslim_6996']"
C1975,"রাসূলুল্লাহ (সা.) এবং আবু বকর ও উমর (রা.) এর সময়ে আমরা গম, বার্লি এবং খেজুরের উপর ঋণ দিতাম। ابن আবজি বলেছেন যে, তিনি একই কথা বলেছেন।","['bukhari_2242', 'bukhari_2243', 'muslim_7559', 'bukhari_2244', 'muslim_3415']",bukhari_158,"['bukhari_158', 'bukhari_6791', 'bukhari_6145', 'bukhari_241', 'bukhari_5084', 'muslim_6970', 'bukhari_6505', 'bukhari_3752', 'muslim_618', 'bukhari_7258']"
C1979,"নবী সাল্লাল্লাহু আলাইহি ওয়াসাল্লাম তাঁর উটের দিকে মুখ করে নামাজ পড়তেন। ابن নুমায়ের বলেছেন, নবী সাল্লাল্লাহু আলাইহি ওয়াসাল্লাম একটি উটের দিকে মুখ করে নামাজ পড়েছেন।","['muslim_1118', 'muslim_4582', 'muslim_936', 'muslim_3567', 'muslim_944']",muslim_3208,"['muslim_3208', 'muslim_6292', 'muslim_789', 'muslim_2752', 'muslim_1889', 'muslim_6342', 'muslim_3776', 'muslim_7167', 'muslim_6301', 'muslim_5274']"
C1981,"নবীজি (সাল্লাল্লাহু আলাইহি ওয়া সাল্লাম) বলেছেন, একজন মুমিনের ওপর যে কোনো বিপদ আসে, এমনকি একটি কাঁটার আঘাতও, তা তার গুনাহ মাফ করার কারণ হয়।","['muslim_6566', 'muslim_6565', 'bukhari_5640', 'muslim_6567', 'bukhari_5641']",muslim_6746,"['muslim_6746', 'muslim_495', 'bukhari_3322', 'muslim_1985', 'muslim_5964', 'bukhari_284', 'muslim_3876', 'muslim_3811', 'muslim_3822', 'muslim_1279']"
C1983,"আবু তালহা বলেছেন, রাসূলুল্লাহ (সা.) হজ ও উমরাকে একত্রিত করেছেন।","['muslim_2804', 'muslim_3049', 'muslim_2910', 'muslim_2803', 'muslim_3236']",muslim_1832,"['muslim_1832', 'bukhari_3994', 'muslim_2140', 'muslim_3208', 'bukhari_2290', 'muslim_3731', 'muslim_3639', 'bukhari_7386', 'muslim_6292', 'muslim_2752']"
C1986,"শিহাব বলেছেন যে, নবী কোরআন পাঠ করার সময় গান গাইতে পারেন।","['muslim_1846', 'muslim_1849', 'muslim_1845', 'muslim_1847', 'bukhari_5023']",muslim_6970,"['muslim_6970', 'muslim_495', 'bukhari_6791', 'bukhari_6145', 'muslim_471', 'muslim_3576', 'bukhari_158', 'muslim_2657', 'muslim_6531', 'muslim_5428']"
C1987,"নবী মুহাম্মদ (সা.) বলেছেন, মুসলমানদের জন্য যে কোনো বিষয়ে শুনতে এবং মানতে হবে, যতক্ষণ না তা কোনো পাপের নির্দেশনা না হয়। যদি পাপের নির্দেশনা আসে, তাহলে তা মানা যাবে না।","['muslim_4763', 'bukhari_7144', 'bukhari_2955', 'muslim_4836', 'muslim_3157']",muslim_2762,"['muslim_2762', 'muslim_6136', 'muslim_575', 'bukhari_6145', 'muslim_471', 'muslim_3731', 'bukhari_158', 'muslim_848', 'muslim_6653', 'bukhari_241']"
C1988,"নবী মুহাম্মদ (সা.) বলেছেন, যদি আপনি কোনো হারানো জিনিস পান, তাহলে এক বছর ধরে তার পরিচয় জানিয়ে রাখুন। যদি তার মালিক আসে, তাহলে তাকে ফিরিয়ে দিন, আর যদি না আসে, তাহলে সেটি আপনার হয়ে যাবে।","['muslim_4499', 'muslim_4498', 'muslim_4506', 'muslim_4502', 'muslim_4501']",muslim_3731,"['muslim_3731', 'muslim_2762', 'muslim_1849', 'muslim_5118', 'muslim_6653', 'muslim_4866', 'muslim_1148', 'bukhari_6145', 'muslim_933', 'muslim_7071']"
C1989,"মুহাম্মদ (সা.) বলেছেন, আল্লাহ আমাকে জায়েদের মাধ্যমে সম্মানিত করেছেন এবং আমি তার সাথে বিবাহবন্ধনে আবদ্ধ হয়েছি।","['muslim_3714', 'muslim_4347', 'muslim_3965', 'muslim_4571', 'muslim_1564']",muslim_6970,"['muslim_6970', 'bukhari_1073', 'muslim_575', 'muslim_495', 'muslim_5848', 'bukhari_5984', 'muslim_3265', 'muslim_6140', 'muslim_3239', 'muslim_6162']"
C1992,"রাসূলুল্লাহ (সা.) বলেছেন, তিনি একবার সফরে ছিলেন এবং তখন তিনি নির্দেশ দিয়েছিলেন যে, কোনো উটের গলায় যদি কোনো দড়ি বা মালা থাকে, তাহলে তা কেটে ফেলতে হবে।","['muslim_5549', 'bukhari_3005', 'muslim_936', 'muslim_7356', 'muslim_7502']",muslim_495,"['muslim_495', 'muslim_3265', 'bukhari_5257', 'bukhari_284', 'muslim_3834', 'muslim_3539', 'muslim_483', 'muslim_208', 'bukhari_518', 'muslim_2410']"
C1995,"আমি রাসূলুল্লাহ (সাল্লাল্লাহু আলাইহি ওয়া সাল্লাম) কে বলতে শুনেছি যে, আল্লাহ বলেছেন, মানুষ সময়কে গালিগালাজ করে, অথচ আমি সময়, আমার হাতে রাত এবং দিন রয়েছে।","['muslim_5862', 'muslim_5863', 'bukhari_4826', 'bukhari_6181', 'bukhari_7491']",muslim_2129,"['muslim_2129', 'bukhari_5199', 'bukhari_7530', 'bukhari_6357', 'bukhari_3089', 'bukhari_6791', 'bukhari_6145', 'bukhari_6997', 'bukhari_1162', 'bukhari_4386']"
C1996,"আবু বকর রাদিয়াল্লাহু আনহু বলেছেন যে, তিনি যখন মক্কা থেকে নবী মুহাম্মদ সাল্লাল্লাহু আলাইহি ওয়াসাল্লামকে নিয়ে পালাচ্ছিলেন, তখন তারা এক রাতে নিরাপদে অবস্থান করেছিলেন। তিনি একটি পাথরের ছায়ায় নবীকে বিশ্রাম দিতে গরুর দুধ সংগ্রহ করেছিলেন এবং তাদের অনুসারীরা তাদের খুঁজে বের করতে আসলেও আল্লাহ তাদের রক্ষা করেছিলেন।","['bukhari_3652', 'muslim_7521', 'bukhari_2439', 'bukhari_3917', 'muslim_5362']",bukhari_3638,"['bukhari_3638', 'bukhari_3322', 'muslim_3876', 'muslim_1985', 'muslim_483', 'muslim_6746', 'muslim_514', 'muslim_3834', 'bukhari_4866', 'muslim_3822']"
C1999,"নবী সাল্লাল্লাহু আলাইহি ওয়াসাল্লাম বলেছেন, জাহেলিয়াতের সময় আমরা আল্লাহর জন্য যেকোনো মাসে কুরবানী দিতাম এবং আল্লাহর প্রতি আনুগত্য প্রকাশ করতাম।","['muslim_6241', 'muslim_4869', 'muslim_4892', 'muslim_7182', 'muslim_4599']",muslim_6746,"['muslim_6746', 'muslim_434', 'bukhari_284', 'muslim_1985', 'bukhari_3322', 'muslim_3822', 'muslim_3671', 'bukhari_297', 'muslim_3876', 'muslim_483']"
C2000,"আমি শুনেছি যে, রাসূলুল্লাহ (সা.) বলেছেন, যদি তুমি সফরে থাকো, তবে তুমি ইচ্ছা করলে রোজা রাখতে পারো অথবা ইচ্ছা করলে ইফতারও করতে পারো।","['muslim_2625', 'bukhari_1943', 'muslim_2626', 'muslim_5309', 'muslim_3622']",muslim_495,"['muslim_495', 'bukhari_4545', 'muslim_3834', 'muslim_483', 'muslim_6746', 'bukhari_284', 'muslim_3265', 'muslim_1279', 'bukhari_3322', 'bukhari_5257']"
