claim_id,bangla_claim,gold_evidence_ids,translation_hit@10,bge_hit@10,translation_top10,bge_top10
C0004,"নবী মুহাম্মদ (সাল্লাল্লাহু আলাইহি ওয়াসাল্লাম) বলেছেন, যখন দুই ব্যক্তি একটি লেনদেন সম্পন্ন করে, তখন তারা একে অপরের থেকে আলাদা না হওয়া পর্যন্ত বা তাদের লেনদেনের ক্ষেত্রে কোনো শর্ত না থাকলে, উভয়েরই লেনদেন বাতিল করার অধিকার থাকে।","['muslim_3856', 'muslim_3855', 'bukhari_2112', 'muslim_3853', 'bukhari_2111']",False,True,"['bukhari_2079', 'muslim_2644', 'bukhari_1813', 'muslim_6544', 'muslim_6545', 'bukhari_6052', 'bukhari_6290', 'bukhari_5820', 'muslim_2665', 'muslim_1752']","['bukhari_2082', 'bukhari_2112', 'bukhari_2111', 'bukhari_2109', 'bukhari_2110', 'bukhari_2079', 'bukhari_2107', 'bukhari_2113', 'bukhari_2108', 'bukhari_368']"
C0007,"আমি দেখেছি, রাসূলুল্লাহ সাল্লাল্লাহু আলাইহি ওয়াসাল্লাম নামাজ পড়ার সময় আমার সামনে ছিলেন। যখন তিনি সিজদা করতে চেয়েছিলেন, তখন তিনি আমার পায়ে আলতো করে চাপ দিলেন, আর আমি পা সরিয়ে নিলাম, তারপর তিনি সিজদা করলেন।","['bukhari_519', 'muslim_1142', 'muslim_6025', 'muslim_949', 'muslim_1543']",True,False,"['bukhari_519', 'bukhari_513', 'muslim_1816', 'muslim_2969', 'muslim_832', 'bukhari_1209', 'muslim_486', 'bukhari_809', 'bukhari_4128', 'bukhari_6771']","['bukhari_3284', 'bukhari_823', 'bukhari_379', 'muslim_2820', 'bukhari_419', 'bukhari_845', 'bukhari_6276', 'bukhari_825', 'bukhari_790', 'bukhari_1130']"
C0009,"রাসূলুল্লাহ (সাল্লাল্লাহু আলাইহি ওয়া সাল্লাম) বলেছেন, গম ও খেজুরের ক্ষেত্রে পাঁচ উসুক না হওয়া পর্যন্ত যাকাত দেওয়া বাধ্যতামূলক নয়, রৌপ্যের ক্ষেত্রে পাঁচ ওকিয়া না হওয়া পর্যন্ত যাকাত দেওয়া বাধ্যতামূলক নয় এবং উটের ক্ষেত্রে পাঁচটি না হওয়া পর্যন্ত যাকাত দেওয়া বাধ্যতামূলক নয়।","['muslim_2268', 'muslim_2263', 'bukhari_1484', 'muslim_2266', 'bukhari_1459']",False,True,"['bukhari_1454', 'muslim_1537', 'bukhari_4616', 'bukhari_5581', 'bukhari_4619', 'bukhari_5589', 'bukhari_2339', 'bukhari_1829', 'bukhari_3314', 'bukhari_4513']","['bukhari_1459', 'bukhari_1405', 'muslim_980', 'bukhari_1828', 'bukhari_3315', 'bukhari_1826', 'bukhari_1829', 'bukhari_1447', 'bukhari_1455', 'bukhari_3314']"
C0010,"রাসূলুল্লাহ বলেছেন, তিনি সুলায়মান ইবনে বিলালের মাধ্যমে ইয়াহিয়ার মতোই কথা উল্লেখ করেছেন।","['muslim_4124', 'muslim_3889', 'muslim_3759', 'muslim_5887', 'muslim_4501']",False,True,"['bukhari_7247', 'muslim_796', 'bukhari_468', 'bukhari_5018', 'bukhari_2988', 'bukhari_5514', 'bukhari_397', 'bukhari_603', 'bukhari_504', 'bukhari_2191']","['muslim_1735', 'bukhari_3375', 'muslim_6302', 'bukhari_3535', 'muslim_1841', 'muslim_2566', 'muslim_2562', 'bukhari_3735', 'muslim_6825', 'muslim_4124']"
C0027,"নবী সাল্লাল্লাহু আলাইহি ওয়া সাল্লাম বলেছেন যে, ফল বিক্রি করা উচিত নয় যতক্ষণ না তা পাকা হয়। তিনি আরও বলেছেন যে, ফলের বিক্রয় শুধুমাত্র দিরহাম ও দিনার দিয়ে হতে পারে, তবে কিছু বিশেষ ক্ষেত্রে এটি ভিন্ন হতে পারে।","['bukhari_2189', 'muslim_3908', 'bukhari_2381', 'muslim_3878', 'muslim_3910']",False,True,"['bukhari_2173', 'bukhari_2172', 'bukhari_5602', 'bukhari_6980', 'bukhari_6976', 'muslim_2050', 'muslim_2474', 'bukhari_6427', 'bukhari_2347', 'bukhari_2346']","['bukhari_2189', 'bukhari_2196', 'bukhari_2133', 'bukhari_2194', 'bukhari_1488', 'bukhari_2184', 'bukhari_2183', 'bukhari_2381', 'bukhari_1487', 'bukhari_2197']"
C0034,"আমি শুনেছি যে রাসূলুল্লাহ (সা.) বলেছেন, কুরাইশের নারীরা সেরা নারী যারা উটের পিঠে চড়ে, তারা তাদের সন্তানদের প্রতি সবচেয়ে মমতাময়ী এবং স্বামীদের প্রতি সবচেয়ে যত্নশীল। আবু হুরাইরা (রা.) এ কথা বলেছেন এবং তিনি উল্লেখ করেছেন যে, মেরিম (আ.) কখনো উটের পিঠে চড়েননি।","['muslim_6458', 'bukhari_3434', 'muslim_6456', 'muslim_6460', 'bukhari_5365']",False,True,"['muslim_1489', 'muslim_2007', 'bukhari_5194', 'muslim_2491', 'muslim_2754', 'muslim_3725', 'muslim_3727', 'muslim_3726', 'bukhari_5336', 'muslim_2503']","['bukhari_3434', 'bukhari_5082', 'bukhari_5365', 'bukhari_2566', 'bukhari_3432', 'bukhari_3433', 'bukhari_4758', 'bukhari_3815', 'bukhari_3331', 'bukhari_3495']"
C0038,"কুফার লোকেরা এই আয়াত নিয়ে বিতর্ক করেছিল। আমি ইবন আব্বাসের কাছে গিয়েছিলাম এবং তিনি বললেন, এটি শেষ সময়ে অবতীর্ণ হয়েছে এবং এর কোনো পরিবর্তন হয়নি।","['muslim_7541', 'bukhari_4590', 'muslim_7543', 'muslim_7545', 'bukhari_4766']",True,False,"['bukhari_4590', 'muslim_1195', 'bukhari_2684', 'muslim_1049', 'muslim_1948', 'muslim_1693', 'muslim_2357', 'bukhari_5249', 'bukhari_2098', 'bukhari_668']","['bukhari_724', 'bukhari_4763', 'bukhari_5005', 'muslim_3204', 'muslim_453', 'muslim_2950', 'muslim_7265', 'muslim_4912', 'muslim_2399', 'muslim_4226']"
C0040,"নবীজি সাল্লাল্লাহু আলাইহি ওয়াসাল্লাম বলেছেন, যখন কেউ চারটি শাখার মাঝে বসে এবং চেষ্টা করে, তখন তার জন্য গোসল করা আবশ্যক।","['muslim_783', 'muslim_785', 'bukhari_291', 'muslim_3855', 'muslim_6427']",False,True,"['muslim_349', 'muslim_2498', 'muslim_446', 'muslim_405', 'muslim_666', 'muslim_163', 'muslim_2477', 'bukhari_1301', 'muslim_1235', 'muslim_407']","['bukhari_809', 'bukhari_291', 'bukhari_3295', 'bukhari_161', 'bukhari_162', 'muslim_238', 'bukhari_360', 'bukhari_2473', 'bukhari_444', 'bukhari_212']"
C0058,"আমি শুনেছি, রাসূলুল্লাহ (সা.) আবান বিন সাঈদকে একটি মিশনে পাঠিয়েছিলেন এবং যখন আবান ও তার সঙ্গীরা খায়বারে পৌঁছান, তখন রাসূল (সা.) তাদের জন্য কিছু বিতরণ করেননি।","['bukhari_4238', 'muslim_7027', 'muslim_6207', 'muslim_4589', 'muslim_4081']",True,False,"['bukhari_4238', 'bukhari_4239', 'bukhari_4415', 'bukhari_6678', 'bukhari_6574', 'bukhari_3766', 'bukhari_5249', 'bukhari_2267', 'muslim_1732', 'bukhari_4889']","['bukhari_209', 'bukhari_6723', 'bukhari_4233', 'bukhari_5454', 'bukhari_6470', 'bukhari_2981', 'bukhari_4195', 'bukhari_5384', 'muslim_1732', 'bukhari_2302']"
C0065,"আমি শুনেছি, নবী (সা.) আবদুল্লাহ বিন হুদাফা বিন কিস বিন আদীকে একটি বিশেষ মিশনে পাঠিয়েছিলেন। তিনি আমাদেরকে আল্লাহ ও তাঁর রাসূলের নির্দেশ পালন করতে বলেছেন।","['muslim_4746', 'bukhari_4584', 'muslim_3410', 'muslim_314', 'muslim_7219']",False,True,"['bukhari_4632', 'bukhari_7524', 'bukhari_5266', 'muslim_834', 'bukhari_3421', 'bukhari_1662', 'bukhari_4718', 'muslim_2490', 'bukhari_4856', 'bukhari_3112']","['bukhari_7156', 'bukhari_4584', 'bukhari_2157', 'bukhari_3112', 'bukhari_2715', 'bukhari_221', 'bukhari_7144', 'bukhari_1678', 'bukhari_57', 'bukhari_6654']"
C0073,"একজন ব্যক্তি রাসূলুল্লাহ (সা.)-এর কাছে এসে বললেন, তিনি খুব ক্লান্ত। রাসূল (সা.) তাঁর স্ত্রীদের কাছে খাবারের জন্য পাঠালেন, কিন্তু সবাই বললেন, তাদের কাছে শুধু পানি আছে। তখন একজন আনসারী বললেন, তিনি অতিথিকে রাতের খাবার দেবেন এবং তাঁর স্ত্রীকে বললেন, শিশুদের খাবার দিয়ে অতিথিকে দেখাতে হবে যেন মনে হয় তারা খাচ্ছে। পরদিন রাসূল (সা.) বললেন, আল্লাহ তাদের এই অতিথিপরায়ণতা দেখে বিস্মিত হয়েছেন।","['muslim_5359', 'bukhari_4889', 'muslim_5362', 'muslim_885', 'muslim_4622']",True,False,"['bukhari_6019', 'bukhari_3798', 'bukhari_602', 'bukhari_6135', 'bukhari_4889', 'bukhari_5390', 'bukhari_4101', 'bukhari_2461', 'bukhari_6141', 'bukhari_3581']","['bukhari_6080', 'bukhari_670', 'bukhari_1179', 'muslim_2569', 'muslim_1727', 'bukhari_380', 'bukhari_2456', 'bukhari_5616', 'bukhari_2081', 'bukhari_860']"
C0082,"হযরত হুযাইফা (রা) বলেছেন, রাসূলুল্লাহ (সা) বলেছেন যে, আসরের নামাজের পর সূর্যাস্ত হওয়া পর্যন্ত এবং ফজরের নামাজের পর সূর্য উদয়ের আগে নামাজ পড়া নিষেধ।","['muslim_1921', 'muslim_1920', 'muslim_1374', 'bukhari_584', 'bukhari_588']",False,True,"['bukhari_579', 'bukhari_556', 'bukhari_1180', 'bukhari_1181', 'bukhari_547', 'bukhari_4851', 'bukhari_672', 'bukhari_995', 'bukhari_771', 'bukhari_7434']","['muslim_825', 'bukhari_1629', 'bukhari_588', 'bukhari_581', 'bukhari_3272', 'bukhari_3273', 'bukhari_586', 'bukhari_582', 'bukhari_583', 'bukhari_556']"
C0086,"আমি শুনেছি, নবী মুহাম্মদ (সা.) একটি চামড়ার তাঁবুর মধ্যে ছিলেন এবং সেখানে কিছু কথা বলেছিলেন।","['muslim_2301', 'muslim_2025', 'muslim_4742', 'muslim_1119', 'bukhari_5860']",False,True,"['muslim_2474', 'muslim_2478', 'muslim_868', 'bukhari_2616', 'bukhari_2615', 'muslim_1901', 'muslim_295', 'bukhari_731', 'muslim_2491', 'bukhari_2294']","['bukhari_5860', 'bukhari_1841', 'bukhari_204', 'bukhari_5839', 'bukhari_3802', 'bukhari_429', 'bukhari_6214', 'bukhari_2865', 'bukhari_405', 'bukhari_2921']"
C0090,"নবী (সা.) বলেছেন, যে মুসলিম একটি গাছ রোপণ করে এবং তার ফলে কেউ বা কোনো প্রাণী কিছু খায়, সেই মুসলিমের জন্য এটি একটি সদকা।","['bukhari_6012', 'muslim_3969', 'muslim_3971', 'muslim_3973', 'muslim_3968']",False,True,"['bukhari_6427', 'muslim_2050', 'bukhari_2173', 'bukhari_2172', 'bukhari_2320', 'bukhari_6441', 'bukhari_1465', 'bukhari_2148', 'bukhari_393', 'bukhari_1472']","['bukhari_6012', 'bukhari_2320', 'bukhari_2707', 'bukhari_2206', 'bukhari_5448', 'bukhari_6022', 'bukhari_5351', 'bukhari_7466', 'bukhari_2329', 'bukhari_2989']"
C0092,"আমি শুনেছি, রাসূলুল্লাহ (সা.) বলেছেন যে, এক ব্যক্তি যিনি ইসলাম দাবি করেন, তিনি জাহান্নামের লোক। যুদ্ধের সময় সেই ব্যক্তি অত্যন্ত সাহসিকতার সাথে লড়াই করেন এবং গুরুতর আহত হন। কিন্তু পরে তিনি আত্মহত্যা করেন, এবং রাসূল (সা.) বলেন, ""আল্লাহ এই ধর্মকে মন্দ লোকের মাধ্যমে সাহায্য করেন।""","['bukhari_6606', 'muslim_305', 'bukhari_4203', 'muslim_306', 'bukhari_3062']",True,False,"['bukhari_3062', 'bukhari_4203', 'bukhari_6606', 'muslim_111', 'muslim_112', 'bukhari_4202', 'bukhari_6607', 'bukhari_6493', 'bukhari_4026', 'bukhari_1364']","['bukhari_1365', 'bukhari_6652', 'bukhari_123', 'bukhari_2808', 'bukhari_2829', 'bukhari_5733', 'bukhari_2803', 'bukhari_3126', 'muslim_7253', 'bukhari_2787']"
C0094,"আমি শুনেছি যে, আল-আমাশ বলেছেন, সেই দিন মানুষদের মধ্যে তোমরা যেমন একটি সাদা চুল কালো ষাঁড়ের মধ্যে বা একটি কালো চুল সাদা ষাঁড়ের মধ্যে থাকে, তেমনই থাকবে।","['muslim_533', 'muslim_530', 'muslim_531', 'bukhari_6528', 'bukhari_4741']",True,False,"['bukhari_4741', 'bukhari_6528', 'bukhari_3348', 'bukhari_6529', 'bukhari_1916', 'bukhari_3919', 'bukhari_5935', 'bukhari_3544', 'muslim_2790', 'bukhari_5941']","['bukhari_3592', 'bukhari_6521', 'muslim_2790', 'muslim_2081', 'muslim_805', 'bukhari_170', 'bukhari_4938', 'bukhari_2927', 'bukhari_237', 'bukhari_4509']"
C0095,"রাসূলুল্লাহ (সা.) বলেছেন, যখন হাওয়াজনের মুসলিম প্রতিনিধিদল তাঁর কাছে আসে, তখন তিনি তাদের বলেছিলেন যে, তারা যদি তাদের সম্পদ বা বন্দীদের মধ্যে থেকে একটি বেছে নিতে চায়। পরে, তিনি মুসলমানদের সামনে দাঁড়িয়ে বলেন যে, যারা তাদের বন্দীদের ফিরিয়ে দিতে চান, তারা যেন তা করেন। মুসলমানরা তখন বললেন, ""আমরা তা মেনে নিচ্ছি, হে রাসূলullah!""","['bukhari_2307', 'bukhari_2308', 'bukhari_4318', 'bukhari_4319', 'bukhari_3131']",True,False,"['bukhari_2607', 'bukhari_2608', 'bukhari_3132', 'bukhari_3131', 'bukhari_2308', 'bukhari_2307', 'bukhari_4318', 'bukhari_4319', 'bukhari_5286', 'bukhari_2733']","['bukhari_7173', 'bukhari_2306', 'bukhari_4392', 'bukhari_3116', 'bukhari_5174', 'bukhari_7346', 'muslim_1765', 'bukhari_2674', 'bukhari_6397', 'muslim_1475']"
C0109,"আমি শুনেছি যে, রাসূলুল্লাহ (সা.)-এর সাথে আমরা হিজরত করেছি।","['bukhari_3913', 'bukhari_6432', 'muslim_2177', 'muslim_3743', 'muslim_5034']",False,True,"['muslim_641', 'muslim_1765', 'bukhari_1719', 'muslim_2491', 'muslim_1489', 'muslim_449', 'bukhari_813', 'bukhari_2861', 'bukhari_3916', 'muslim_1806']","['bukhari_5811', 'bukhari_2714', 'bukhari_1', 'bukhari_4132', 'bukhari_1540', 'muslim_991', 'bukhari_3913', 'muslim_1378', 'muslim_6522', 'bukhari_6895.2']"
C0119,"রাসূলুল্লাহ (সা.) বলেছেন, তিনি আমাদেরকে সতর্ক করেছেন যে, দুনিয়ার সৌন্দর্য এবং ধন-সম্পদ আমাদের জন্য বিপদ ডেকে আনতে পারে। তিনি উল্লেখ করেছেন যে, যারা অন্যায়ভাবে সম্পদ গ্রহণ করে, তারা যেন মনে না করে যে, তা তাদের জন্য কল্যাণ বয়ে আনবে; বরং তাদের জন্য তা কষ্টের কারণ হবে।","['muslim_2423', 'muslim_2422', 'bukhari_1465', 'muslim_2421', 'bukhari_2842']",True,False,"['bukhari_6427', 'bukhari_2842', 'bukhari_4015', 'bukhari_4565', 'bukhari_114', 'muslim_1765', 'bukhari_1465', 'bukhari_4113', 'muslim_187', 'muslim_1763']","['muslim_1051', 'bukhari_6616', 'bukhari_5985', 'bukhari_6446', 'bukhari_2387', 'bukhari_3118', 'muslim_1036', 'bukhari_2766', 'bukhari_6857', 'bukhari_1403']"
C0120,"রাসূলুল্লাহ (সা.) বলেছেন যে, মুসলমানের মতো একটি গাছের কথা বলুন, যার পাতা কখনো ঝরে না। আমি মনে করি, এটি খেজুর গাছ হতে পারে। আবু বকর ও عمر (রা.) তখন চুপ ছিলেন, তাই আমি কিছু বলতে সাহস পাইনি। عمر (রা.) পরে বললেন, তুমি যদি এটি বলতে, তাহলে আমার কাছে এটি আরও প্রিয় হত।","['muslim_7102', 'bukhari_4698', 'bukhari_6144', 'muslim_7098', 'bukhari_131']",True,False,"['bukhari_4698', 'bukhari_6144', 'bukhari_131', 'bukhari_6122', 'bukhari_62', 'bukhari_61', 'bukhari_5444', 'muslim_187', 'bukhari_72', 'bukhari_7191']","['bukhari_62', 'bukhari_61', 'bukhari_7466', 'bukhari_5644', 'bukhari_72', 'muslim_2585', 'bukhari_5448', 'bukhari_2074', 'bukhari_2320', 'bukhari_5444']"
C0126,"নবী (সা.) বলেছেন, আল্লাহ কুরআনকে তিনটি অংশে ভাগ করেছেন এবং 'কুল হুয়াল্লাহু আহাদ' কুরআনের একটি অংশ।","['muslim_1887', 'muslim_1886', 'muslim_1888', 'muslim_1889', 'bukhari_3945']",True,False,"['bukhari_6000', 'bukhari_4705', 'bukhari_3945', 'muslim_671', 'bukhari_6469', 'muslim_449', 'muslim_1300', 'bukhari_2485', 'bukhari_4589', 'bukhari_4868']","['bukhari_6643', 'bukhari_5013', 'bukhari_4704', 'bukhari_627', 'bukhari_624', 'bukhari_4937', 'bukhari_9', 'bukhari_2672', 'bukhari_7417', 'bukhari_6336']"
C0128,"নবীজি (সাল্লাল্লাহু আলাইহি ওয়া সাল্লাম) বলেছেন, ফজরের নামাজের পর সূর্য ওঠা পর্যন্ত এবং আসরের নামাজের পর সূর্য ডুবা পর্যন্ত নামাজ পড়া নিষেধ। তিনি এক কাপড়ে বসে থাকা এবং কিছু বিশেষ ধরনের ব্যবসা করতেও নিষেধ করেছেন।","['bukhari_584', 'muslim_1921', 'bukhari_588', 'bukhari_6284', 'muslim_1374']",False,True,"['bukhari_3272', 'bukhari_3273', 'bukhari_547', 'bukhari_5819', 'bukhari_541', 'bukhari_581', 'bukhari_560', 'muslim_827', 'bukhari_586', 'bukhari_561']","['muslim_825', 'bukhari_1629', 'bukhari_588', 'bukhari_1992', 'bukhari_1991', 'bukhari_5819', 'bukhari_584', 'bukhari_3272', 'bukhari_3273', 'bukhari_581']"
C0136,"আমি শুনেছি যে, আল-আসওয়াদ আল-দাইলি বলেছেন, তিনি উমর বিন খাত্তাবের কাছে গিয়েছিলেন এবং উমর একটি জানাজার সামনে দাঁড়িয়ে মৃত ব্যক্তির জন্য ভালো কথা বলার পর বলেছেন, ""ওটা নিশ্চিত।"" এরপর তিনি আরেকটি জানাজার সামনে দাঁড়িয়ে একইভাবে বলার পর আবারও বলেছেন, ""ওটা নিশ্চিত।"" যখন তিনি তৃতীয় জানাজার সামনে দাঁড়িয়ে খারাপ কথা শুনলেন, তখনও উমর বললেন, ""ওটা নিশ্চিত।"" উমর বলেছেন যে, রাসূলুল্লাহ (সা.) বলেছেন, যে কোনো মুসলিম যদি চারজন মানুষ তার জন্য ভালো কথা বলে, তাহলে আল্লাহ তাকে জান্নাতে প্রবেশ করাবেন।","['bukhari_1368', 'muslim_2200', 'bukhari_2643', 'bukhari_2642', 'bukhari_1367']",False,True,"['bukhari_7262', 'muslim_1779', 'bukhari_6507', 'muslim_1901', 'bukhari_1299', 'muslim_832', 'bukhari_6973', 'muslim_2474', 'bukhari_7418', 'muslim_449']","['bukhari_5982', 'muslim_219', 'bukhari_1367', 'muslim_1631', 'bukhari_2787', 'bukhari_6543', 'bukhari_6554', 'bukhari_7392', 'muslim_187', 'bukhari_1380']"
C0150,নবী মুহাম্মদ সাল্লাল্লাহু আলাইহি ওয়াসাল্লামের জুতোতে দুটি মুখ ছিল।,"['muslim_944', 'muslim_5312', 'bukhari_5857', 'muslim_6224', 'muslim_3508']",False,True,"['muslim_407', 'muslim_405', 'muslim_2545', 'bukhari_3590', 'bukhari_1301', 'bukhari_2928', 'muslim_393', 'muslim_1795', 'bukhari_2691', 'muslim_2407']","['bukhari_5858', 'bukhari_5857', 'bukhari_1264', 'bukhari_5910', 'bukhari_3107', 'bukhari_1271', 'bukhari_1273', 'bukhari_158', 'bukhari_354', 'bukhari_2147']"
C0161,"নবী মুহাম্মদ (সা.) আবু তালহাকে বলেছিলেন যে, তাকে একজন যুবক খিদমতকারী খুঁজে দিতে। এরপর আবু তালহা তাকে নিয়ে খাইবারে গিয়েছিলেন, যেখানে নবী (সা.) صفিয়া নামের এক মহিলাকে বেছে নেন এবং তার সাথে বিয়ে করেন। নবী (সা.) শহরে ফিরে আসার সময় صفিয়াকে তার পেছনে বোরকার মধ্যে নিয়ে বসিয়ে রাখেন।","['bukhari_2893', 'bukhari_2235', 'muslim_3321', 'bukhari_4211', 'bukhari_5425']",True,False,"['bukhari_6185', 'bukhari_2893', 'bukhari_5470', 'bukhari_6363', 'bukhari_4211', 'bukhari_509', 'bukhari_3085', 'bukhari_3086', 'bukhari_2039', 'bukhari_371']","['bukhari_4212', 'bukhari_5169', 'bukhari_4201', 'bukhari_2423', 'bukhari_5170', 'bukhari_5114', 'bukhari_2228', 'bukhari_469', 'bukhari_3876', 'bukhari_6950']"
C0163,"নবী (সাল্লাল্লাহু আলাইহি ওয়াসাল্লাম) বলেছেন, যদি তুমি শুক্রবারের খুতবার সময় তোমার বন্ধুকে চুপ থাকতে বলো, তাহলে তুমি ব্যর্থ হয়েছ। আবু হুরাইরা (রাঃ) এর ভাষায় এটি বোঝানো হয়েছে।","['muslim_1968', 'muslim_1965', 'bukhari_934', 'muslim_2024', 'muslim_1988']",False,True,"['bukhari_7107', 'bukhari_7105', 'bukhari_7106', 'muslim_172', 'bukhari_3169', 'bukhari_6400', 'muslim_600', 'bukhari_712', 'bukhari_6720', 'muslim_832']","['bukhari_934', 'bukhari_6400', 'bukhari_1985', 'bukhari_6290', 'bukhari_6018', 'muslim_225', 'bukhari_6496', 'bukhari_1219', 'bukhari_6618', 'bukhari_6361']"
C0186,"নবী মুহাম্মদ (সা.) এর স্ত্রীগণ রাতে বাইরে বের হতেন যখন তারা প্রয়োজনীয়তা মেটাতেন। عمر (রা.) নবীকে বলেছিলেন তাদের হিজাব পরার জন্য, কিন্তু নবী তা করেননি। পরে, সউদা বিনতে জামআ (রা.) এক রাতে বের হলে عمر (রা.) তাকে চিনে ফেলেন, এরপর আল্লাহ হিজাবের আয়াত নাজিল করেন।","['muslim_5671', 'bukhari_146', 'bukhari_6240', 'muslim_3629', 'muslim_6202']",True,False,"['bukhari_146', 'bukhari_6240', 'bukhari_2593', 'bukhari_5237', 'bukhari_2688', 'bukhari_6238', 'bukhari_4794', 'bukhari_4792', 'bukhari_1860', 'bukhari_1915']","['bukhari_4983', 'bukhari_5194', 'bukhari_4790', 'bukhari_1431', 'bukhari_98', 'bukhari_1801', 'bukhari_2688', 'bukhari_4950', 'bukhari_5840', 'muslim_2397']"
C0188,"নবী মুহাম্মদ (সা.) বলেছেন, ""আমাদের সাথে শপথ করো।""","['bukhari_3999', 'muslim_3743', 'muslim_4669', 'muslim_944', 'muslim_4234']",False,True,"['bukhari_3836', 'bukhari_7401', 'bukhari_7355', 'bukhari_5044', 'bukhari_6646', 'bukhari_2679', 'bukhari_7391', 'bukhari_5877', 'bukhari_7219', 'muslim_1747']","['bukhari_5033', 'bukhari_6022', 'bukhari_7173', 'bukhari_6616', 'bukhari_3999', 'bukhari_2446', 'bukhari_57', 'bukhari_6654', 'bukhari_6675', 'bukhari_7071']"
C0192,"রাসূলুল্লাহ (সাল্লাল্লাহু আলাইহি ওয়া সাল্লাম) বলেছেন যে, তিনি একটি সফরের সময় নির্দেশ দিয়েছিলেন যে, যেকোনো উটের গলায় যদি কোনো দড়ি বা মালা থাকে, তবে তা কেটে ফেলতে হবে।","['muslim_5549', 'bukhari_3005', 'muslim_936', 'muslim_7356', 'muslim_7502']",False,True,"['bukhari_4509', 'muslim_172', 'muslim_1816', 'muslim_290', 'bukhari_885', 'muslim_1729', 'bukhari_5955', 'muslim_168', 'bukhari_1092', 'bukhari_1091']","['bukhari_5429', 'bukhari_6799', 'bukhari_3001', 'bukhari_1804', 'bukhari_3005', 'bukhari_2472', 'bukhari_1621', 'bukhari_3319', 'bukhari_5782', 'bukhari_4410']"
C0196,"রাসূলুল্লাহ (সা.) মিনা'তে দুই রাকাত নামাজ পড়েছিলেন এবং আবু বকর, عمر এবং عثمانও নামাজ পড়েছিলেন। عثمان চার রাকাত নামাজ পড়ার পর, ইবন উমর যখন ইমামের সঙ্গে নামাজ পড়তেন, তখন তিনি চার রাকাত পড়তেন এবং একা পড়লে দুই রাকাত পড়তেন।","['muslim_1592', 'muslim_1590', 'bukhari_1655', 'muslim_1594', 'muslim_1596']",False,True,"['muslim_765', 'muslim_729', 'muslim_2093', 'muslim_834', 'bukhari_937', 'bukhari_715', 'muslim_1718', 'bukhari_4535', 'bukhari_473', 'bukhari_995']","['bukhari_1655', 'bukhari_937', 'bukhari_1084', 'muslim_2093', 'bukhari_1082', 'bukhari_1657', 'bukhari_1164', 'bukhari_1599', 'bukhari_1089', 'bukhari_715']"
C0214,"নবী সাল্লাল্লাহু আলাইহি ওয়া সাল্লাম বলেছেন, যে ব্যক্তি অন্যদের উপর কর্তৃত্ব প্রতিষ্ঠা করে তাদের অনুমতি ছাড়া, তার উপর আল্লাহ, ফেরেশতা এবং সমস্ত মানুষের অভিশাপ। কিয়ামতের দিন তার কোন ন্যায় বা দান গ্রহণ করা হবে না।","['muslim_3793', 'muslim_3792', 'muslim_3791', 'muslim_3794', 'muslim_3327']",True,False,"['bukhari_6755', 'bukhari_1474', 'bukhari_1475', 'bukhari_3179', 'bukhari_1870', 'bukhari_7300', 'bukhari_1402', 'muslim_3792', 'bukhari_6253', 'bukhari_2442']","['bukhari_6013', 'bukhari_7376', 'bukhari_6625', 'muslim_1010', 'bukhari_6954', 'bukhari_2474', 'muslim_1614', 'bukhari_2672', 'bukhari_6046', 'bukhari_5193']"
C0218,"একজন কালো মহিলা এসে দাবি করেছেন যে, তিনি নবীকে দুধ পান করিয়েছেন। নবী এই কথা শুনে মুখ ফিরিয়ে নিয়ে হাসলেন।","['bukhari_2052', 'bukhari_5104', 'bukhari_2659', 'muslim_6290', 'bukhari_2640']",True,False,"['bukhari_2052', 'muslim_1489', 'bukhari_324', 'bukhari_5608', 'muslim_1484', 'muslim_956', 'bukhari_2272', 'bukhari_4200', 'bukhari_5361', 'muslim_302']","['bukhari_5609', 'bukhari_211', 'bukhari_5606', 'bukhari_2351', 'bukhari_5604', 'bukhari_2366', 'bukhari_7007', 'bukhari_5636', 'bukhari_188', 'bukhari_7032']"
C0224,"রাসূলুল্লাহ (সা.) বলেছেন, একজন মানুষের গঠন তার মায়ের পেটে প্রথম ৪০ দিন ঘটে, এরপর ৪০ দিন আলাকাহ এবং তারপর ৪০ দিন মাংসের টুকরা হিসেবে থাকে। এরপর আল্লাহ একজন ফেরেশতাকে পাঠান, যাকে চারটি বিষয় লিখতে বলা হয়: তার কাজ, রিজিক, আয়ু এবং সে সুখী হবে নাকি দুঃখী। তারপর তাতে রুহ ফুঁক দেওয়া হয়।","['muslim_6723', 'bukhari_3208', 'bukhari_3332', 'bukhari_6594', 'bukhari_7454']",True,False,"['bukhari_3332', 'bukhari_6594', 'bukhari_7454', 'bukhari_3208', 'muslim_1489', 'muslim_2644', 'muslim_2650', 'bukhari_4935', 'bukhari_2429', 'muslim_3726']","['muslim_2644', 'bukhari_3333', 'muslim_2646', 'bukhari_318', 'bukhari_4814', 'bukhari_6595', 'bukhari_4955', 'bukhari_3326', 'muslim_2872', 'bukhari_3870']"
C0225,"একজন মহিলা বলেছেন, তাদের মধ্যে কেউ যদি এমন অবস্থায় থাকে যেখানে তারা রক্তপাতের সম্মুখীন হয়, তবে তারা তার উপর নিজের ল saliva ব্যবহার করতে পারে।","['bukhari_312', 'muslim_480', 'muslim_675', 'muslim_731', 'muslim_752']",False,True,"['bukhari_4579', 'bukhari_6522', 'bukhari_6337', 'muslim_2396', 'bukhari_3059', 'bukhari_7356', 'muslim_2361', 'bukhari_5092', 'muslim_302', 'bukhari_7084']","['bukhari_307', 'bukhari_5706', 'bukhari_227', 'bukhari_312', 'bukhari_308', 'muslim_300', 'bukhari_2037', 'bukhari_310', 'bukhari_314', 'muslim_2174']"
C0228,নবী মুহাম্মদ (সা.) কুবা মসজিদে হেঁটে এবং ঘোড়ায় চড়ে যেতেন এবং সেখানে দুই রাকাত নামাজ পড়তেন।,"['bukhari_7326', 'bukhari_1193', 'muslim_3390', 'bukhari_1194', 'muslim_3391']",False,True,"['muslim_729', 'muslim_765', 'muslim_834', 'muslim_2093', 'bukhari_937', 'muslim_837', 'muslim_712', 'muslim_393', 'bukhari_625', 'muslim_1718']","['bukhari_7326', 'bukhari_1194', 'bukhari_1627', 'bukhari_1193', 'bukhari_400', 'bukhari_1616', 'bukhari_1612', 'bukhari_6343', 'bukhari_1625', 'bukhari_504']"
C0231,"আমি শুনেছি যে, আবদুল্লাহ বিন সালামকে জানানো হয়েছিল যে তিনি জান্নাতের লোকদের মধ্যে একজন। তিনি এর বিরুদ্ধে বলেছিলেন যে, তাদের উচিত নয় এমন কথা বলা যা তাদের জানা নেই। তিনি একটি স্বপ্নের কথা উল্লেখ করেন যেখানে তিনি একটি সবুজ বাগানে একটি স্তম্ভ দেখেন এবং রাসূলুল্লাহ (সা.) তাকে বলেন যে, আবদুল্লাহ বিন সালাম দৃঢ়ভাবে সত্যের সাথে থাকবে।","['muslim_6382', 'bukhari_7010', 'muslim_6381', 'bukhari_3813', 'bukhari_7014']",True,False,"['bukhari_3813', 'bukhari_7010', 'bukhari_6841', 'bukhari_3911', 'bukhari_3938', 'muslim_1235', 'bukhari_7014', 'bukhari_3329', 'muslim_2474', 'bukhari_5777']","['muslim_2825', 'bukhari_5982', 'bukhari_6555', 'muslim_2478', 'bukhari_1195', 'bukhari_6983', 'bukhari_3812', 'bukhari_6214', 'bukhari_7345', 'muslim_2840']"
C0232,"আমি শুনেছি যে, একজন ব্যক্তি বলেছিলেন যে, আমাদের হাতগুলোকে হাঁটুর উপরে রাখতে বলা হয়েছে এবং হাঁটুতে হাত রাখার থেকে বিরত থাকতে বলা হয়েছে।","['bukhari_790', 'muslim_1194', 'muslim_1197', 'muslim_1112', 'muslim_5259']",False,True,"['bukhari_7516', 'bukhari_191', 'bukhari_185', 'bukhari_186', 'bukhari_199', 'bukhari_192', 'bukhari_933', 'bukhari_6777', 'bukhari_197', 'bukhari_3165']","['bukhari_1220', 'bukhari_1219', 'bukhari_790', 'bukhari_1429', 'muslim_545', 'bukhari_6644', 'bukhari_5627', 'bukhari_412', 'bukhari_1629', 'bukhari_740']"
C0235,"আমি শুনেছি যে, একজন ব্যক্তি কিয়ামতের দিন জাহান্নামে নিক্ষিপ্ত হবে এবং সেখানে তার দেহের অংশগুলো জাহান্নামের আগুনে পড়ে যাবে। তখন জাহান্নামের লোকেরা তার কাছে এসে বলবে, তুমি তো আমাদের ভালো কাজ করতে বলতে এবং খারাপ কাজ থেকে নিষেধ করতে। কিন্তু তুমি নিজে ভালো কাজ করনি এবং খারাপ কাজ করতে গিয়েছ।","['bukhari_3267', 'muslim_7483', 'bukhari_7098', 'muslim_451', 'muslim_7268']",True,False,"['bukhari_3267', 'bukhari_7098', 'bukhari_7084', 'bukhari_7454', 'bukhari_3606', 'bukhari_7439', 'bukhari_7449', 'bukhari_7438', 'bukhari_7437', 'bukhari_806']","['bukhari_6561', 'bukhari_6539', 'bukhari_4626', 'bukhari_3118', 'bukhari_7450', 'muslim_2807', 'bukhari_6463', 'bukhari_7506', 'bukhari_3192', 'bukhari_6559']"
C0239,"তিনি মসজিদে ইতিকাফ অবস্থায় থাকাকালীন মাথা বের করে আমাকে বললেন, আমি যখন হায়েজে আছি তখনও আমি তাকে ধোয়ার জন্য পানি দিতে পারি।","['bukhari_2030', 'bukhari_2031', 'bukhari_299', 'bukhari_300', 'bukhari_301']",False,True,"['muslim_832', 'bukhari_5676', 'bukhari_1568', 'bukhari_248', 'muslim_1235', 'bukhari_256', 'muslim_2498', 'bukhari_319', 'bukhari_1559', 'bukhari_254']","['bukhari_2031', 'bukhari_2030', 'bukhari_2028', 'bukhari_230', 'bukhari_339', 'bukhari_6433', 'bukhari_299', 'bukhari_301', 'bukhari_300', 'bukhari_231']"
C0244,"আমি জুবায়েরকে বলেছিলাম, তুমি কেন রাসূলুল্লাহ (সা.) সম্পর্কে কথা বলছো না যেমন তাঁর অন্যান্য সাহাবীরা বলেন? তিনি বললেন, আল্লাহর কসম, আমার তাঁর কাছে সম্মান ছিল, কিন্তু আমি শুনেছি তিনি বলেছেন, যে কেউ ইচ্ছাকৃতভাবে আমার উপর মিথ্যা কথা বলবে, সে যেন আগুনের আসনে স্থান করে নেয়।","['bukhari_107', 'muslim_7510', 'bukhari_1291', 'muslim_4', 'muslim_3679']",False,True,"['muslim_2701', 'muslim_2474', 'muslim_1779', 'muslim_2768', 'muslim_6015', 'muslim_2503', 'bukhari_7510', 'muslim_956', 'muslim_187', 'bukhari_4294']","['muslim_3', 'bukhari_107', 'muslim_4', 'bukhari_109', 'bukhari_108', 'bukhari_106', 'bukhari_1291', 'bukhari_6311', 'bukhari_2680', 'bukhari_6478']"
C0251,"নবী (সাল্লাল্লাহু আলাইহি ওয়া সাল্লাম) একবার আমার উটের জন্য আমাকে বলেছিলেন যে, আমি তাকে উটটি বিক্রি করতে পারি। আমি পাঁচ অউকিয়া দামে বিক্রি করলাম এবং তিনি আমাকে উটটি মদিনায় নিয়ে আসার অনুমতি দিলেন। মদিনায় পৌঁছানোর পর, তিনি আমাকে আরও কিছু দিয়েছিলেন এবং পরে উটটি আমাকে উপহার দিলেন।","['muslim_4103', 'muslim_4098', 'bukhari_2718', 'muslim_4100', 'muslim_4101']",True,False,"['bukhari_2967', 'bukhari_2718', 'muslim_2070', 'bukhari_2309', 'bukhari_7163', 'bukhari_2970', 'muslim_187', 'bukhari_7164', 'bukhari_2800', 'bukhari_2799']","['bukhari_2190', 'bukhari_2604', 'bukhari_6441', 'bukhari_7186', 'bukhari_2230', 'bukhari_1546', 'bukhari_2240', 'bukhari_2385', 'bukhari_2980', 'bukhari_5424']"
C0264,"আমি শুনেছি যে, রাসূলুল্লাহ সাল্লাল্লাহু আলাইহি ওয়াসাল্লাম হুদায়বিয়ার সময় একজনকে বলেছিলেন যে, তার মাথায় পোকা হয়েছে। তখন তিনি তাকে বললেন, মাথার পোকা পরিষ্কার করে একটি উট কোরবানি দিতে অথবা তিন দিন রোজা রাখতে অথবা ছয় জন দুঃস্থকে তিন মদ কুরমা খাওয়াতে।","['muslim_2882', 'muslim_2877', 'muslim_2881', 'muslim_2880', 'bukhari_1814']",False,True,"['bukhari_6708', 'bukhari_5703', 'bukhari_4190', 'bukhari_4517', 'muslim_1971', 'muslim_1489', 'bukhari_5213', 'bukhari_1815', 'bukhari_6134', 'bukhari_5214']","['bukhari_1814', 'bukhari_5703', 'bukhari_6708', 'bukhari_1981', 'bukhari_5693', 'bukhari_5692', 'bukhari_5665', 'bukhari_1178', 'bukhari_254', 'bukhari_4410']"
C0267,"আমি শুনেছি যে, একজন ব্যক্তি বলেছেন যে তিনি স্বপ্নে দেখেছেন যে একজন তাকে বলছেন, ""হজ মাবরুর এবং উমরা মাকবুল।"" এরপর তিনি ইবন আব্বাসের কাছে গিয়ে এই স্বপ্নের কথা বললে, তিনি বলেছেন যে এটি নবীর سنت।","['bukhari_1567', 'muslim_3015', 'bukhari_1688', 'muslim_3692', 'muslim_4568']",True,False,"['muslim_1242', 'bukhari_1567', 'bukhari_857', 'bukhari_1688', 'bukhari_3764', 'muslim_536', 'muslim_1235', 'muslim_1245', 'bukhari_2634', 'bukhari_4378']","['bukhari_7033', 'bukhari_7008', 'bukhari_7019', 'bukhari_3354', 'bukhari_7020', 'muslim_2272', 'bukhari_3691', 'bukhari_7128', 'muslim_2390', 'bukhari_23']"
C0270,"আমি শুনেছি যে, আবু তালহা নবীজির কাছে বলেছিলেন যে, আল্লাহ আমাদের সম্পদ থেকে খরচ করতে বলেছেন। তাই তিনি তাঁর জমি আল্লাহর জন্য দান করেছেন এবং নবীজি তাঁকে পরামর্শ দিয়েছেন যে, সেই জমি যেন তিনি তাঁর আত্মীয়দের মধ্যে বিতরণ করেন।","['muslim_2316', 'muslim_2315', 'bukhari_2758', 'bukhari_1461', 'bukhari_4554']",True,False,"['bukhari_2318', 'bukhari_2769', 'muslim_1721', 'bukhari_4554', 'bukhari_1461', 'bukhari_5611', 'bukhari_2758', 'muslim_2371', 'bukhari_2630', 'bukhari_4235']","['bukhari_2632', 'bukhari_55', 'bukhari_4006', 'bukhari_2398', 'muslim_1765', 'bukhari_5351', 'bukhari_2634', 'bukhari_5651', 'bukhari_2332', 'bukhari_2722']"
C0291,"আবু তালহা তাঁর প্রিয় সম্পদ, যা ছিল একটি পানির কূপ, আল্লাহর রাস্তায় দান করেছেন। তিনি নবীকে বলেছিলেন যে, তিনি এই কূপকে দান করতে চান এবং নবী তাকে পরামর্শ দিয়েছিলেন যে, এটি তার আত্মীয়দের মধ্যে বিতরণ করতে।","['bukhari_2318', 'muslim_2315', 'bukhari_1461', 'bukhari_4554', 'bukhari_2769']",True,False,"['bukhari_2318', 'bukhari_1461', 'bukhari_4554', 'bukhari_1449', 'bukhari_2769', 'bukhari_5097', 'bukhari_192', 'muslim_1022', 'bukhari_2764', 'bukhari_186']","['bukhari_188', 'bukhari_2590', 'bukhari_55', 'bukhari_2757', 'bukhari_4006', 'bukhari_5351', 'bukhari_6998', 'bukhari_7164', 'bukhari_1498', 'bukhari_196']"
C0300,"নবী সাল্লাল্লাহু আলাইহি ওয়াসাল্লাম হিজামা করলেন এবং যাকে হিজামা করালেন তাকে উপহার দিলেন। যদি এটি হারাম হতো, তবে তিনি তাকে উপহার দিতেন না।","['bukhari_2103', 'bukhari_2279', 'muslim_4042', 'muslim_5749', 'muslim_4041']",False,True,"['muslim_1948', 'muslim_1235', 'muslim_1795', 'muslim_446', 'muslim_2407', 'bukhari_3136', 'muslim_1484', 'muslim_2039', 'muslim_2371', 'muslim_2964']","['bukhari_2625', 'bukhari_2576', 'bukhari_2585', 'bukhari_3117', 'bukhari_1704', 'bukhari_1436', 'bukhari_2279', 'bukhari_6470', 'bukhari_2393', 'bukhari_2573']"
C0305,"আমি শুনেছি, আবদুল্লাহ বিন জাইদ বলেছেন যে, রাসূলুল্লাহ (সা.) যখন ওযু করতেন, তখন তিনি প্রথমে হাত ধোতেন, তারপর মুখ, এবং তারপর মাথা ও পা ধোতেন।","['bukhari_185', 'muslim_557', 'muslim_555', 'bukhari_186', 'muslim_538']",True,False,"['bukhari_185', 'bukhari_186', 'bukhari_197', 'bukhari_1840', 'muslim_236', 'bukhari_735', 'bukhari_199', 'bukhari_192', 'muslim_491', 'bukhari_191']","['bukhari_248', 'bukhari_273', 'bukhari_272', 'bukhari_197', 'bukhari_257', 'bukhari_5017', 'bukhari_191', 'bukhari_262', 'muslim_304', 'bukhari_182']"
C0307,"নবী সাল্লাল্লাহু আলাইহি ওয়াসাল্লাম আমাদের কাছে আসলেন, তখন আমি, আমার মা এবং আমার খালাতো বোন আম হরম সেখানে ছিলাম। আমার মা নবীকে বললেন, ""হে রাসূল, আমার ছেলের জন্য দোয়া করুন,"" তখন নবী আমাকে সব ধরনের কল্যাণের জন্য দোয়া করলেন এবং শেষের দিকে বললেন, ""হে আল্লাহ, তার সম্পদ ও সন্তান বৃদ্ধি কর এবং এতে বরকত দান কর।""","['muslim_6375', 'muslim_1501', 'muslim_6376', 'bukhari_6344', 'muslim_6396']",False,True,"['muslim_187', 'muslim_2491', 'bukhari_6332', 'muslim_163', 'muslim_2498', 'muslim_2696', 'bukhari_1821', 'muslim_2964', 'muslim_2345', 'muslim_188']","['bukhari_6332', 'bukhari_6602', 'bukhari_6344', 'bukhari_5979', 'bukhari_2744', 'bukhari_5978', 'bukhari_6380', 'bukhari_6381', 'bukhari_6379', 'bukhari_6378']"
C0308,"রাসূলুল্লাহ (সাল্লাল্লাহু আলাইহি ওয়াসাল্লাম) এর মতো ওযু করার পদ্ধতি আমাদের শেখানো হয়েছে। তিনি হাত, মুখ, এবং পা তিনবার ধোয়ার পর মাথায় মুছে দিয়েছিলেন।","['muslim_555', 'bukhari_186', 'bukhari_192', 'bukhari_191', 'bukhari_199']",True,False,"['bukhari_186', 'bukhari_248', 'muslim_236', 'bukhari_191', 'bukhari_192', 'muslim_2969', 'muslim_832', 'bukhari_276', 'bukhari_259', 'bukhari_199']","['bukhari_248', 'bukhari_197', 'bukhari_5017', 'bukhari_273', 'bukhari_272', 'bukhari_257', 'bukhari_254', 'bukhari_158', 'bukhari_157', 'bukhari_255']"
C0309,"আমার কাছে এসেছে একটি ঘটনা, যেখানে عمر বিন খাত্তাব (রাঃ) বাজারে যাওয়ার সময় এক যুবতী মহিলার সাহায্য করেছেন। তিনি বললেন, ""তোমার স্বামী মারা গেছে এবং তোমার ছোট সন্তানরা আছে, আমি তোমার জন্য কিছু খাবার ও কাপড় নিয়ে আসছি, যাতে তোমাদের কষ্ট কমে যায়।""","['bukhari_4160', 'bukhari_4161', 'muslim_4577', 'muslim_2957', 'muslim_2150']",True,False,"['bukhari_4160', 'bukhari_4161', 'muslim_3005', 'muslim_2039', 'muslim_1489', 'muslim_1763', 'muslim_1316', 'bukhari_3365', 'bukhari_7310', 'muslim_2964']","['bukhari_1441', 'muslim_1689', 'bukhari_1425', 'bukhari_332', 'bukhari_1446', 'bukhari_6800', 'muslim_2576', 'bukhari_5825', 'muslim_1721', 'bukhari_2460']"
C0311,দুইজন ব্যক্তি নবী সাল্লাল্লাহু আলাইহি ওয়াসাল্লামের কাছে বিবাদে জড়িয়ে পড়েছিল।,"['bukhari_7258', 'bukhari_7259', 'muslim_1849', 'muslim_1845', 'muslim_6776']",False,True,"['bukhari_5286', 'bukhari_4744', 'muslim_2668', 'muslim_2629', 'bukhari_5312', 'bukhari_5350', 'bukhari_4743', 'bukhari_216', 'bukhari_6541', 'bukhari_1224']","['bukhari_6048', 'bukhari_7259', 'bukhari_7258', 'bukhari_7185', 'muslim_1557', 'bukhari_3966', 'bukhari_4914', 'bukhari_5553', 'bukhari_6336', 'bukhari_7399']"
C0314,"আয়েশা বলেছেন, আমরা যখন পশুর পা তুলে ধরতাম, তখন রাসূলুল্লাহ (সা.) তা খেতেন, যখন ১৫টি কোরবানির পশু উৎসর্গ করা হতো।","['bukhari_5438', 'bukhari_5423', 'muslim_5102', 'muslim_1319', 'muslim_3420']",True,False,"['bukhari_5569', 'bukhari_3085', 'muslim_1754', 'bukhari_965', 'bukhari_2488', 'bukhari_5498', 'bukhari_2507', 'bukhari_4361', 'bukhari_5438', 'bukhari_2485']","['bukhari_2485', 'bukhari_5553', 'bukhari_2980', 'bukhari_6451', 'bukhari_5517', 'bukhari_5547', 'bukhari_4472', 'bukhari_5495', 'muslim_1708', 'bukhari_5511']"
C0320,"নবী মুহাম্মদ (সা.) বলেছেন, যে কেউ তার দান ফিরিয়ে নেয়, সে যেন তার বমি ফিরিয়ে নিচ্ছে। শুধু একজন পিতামাতা তাদের সন্তানদের ক্ষেত্রে দান ফিরিয়ে নিতে পারে।","['muslim_4174', 'bukhari_2621', 'muslim_4176', 'bukhari_2622', 'bukhari_2589']",False,True,"['bukhari_2891', 'muslim_1022', 'muslim_1801', 'bukhari_2773', 'bukhari_1897', 'muslim_720', 'bukhari_1415', 'bukhari_3936', 'bukhari_2607', 'bukhari_2608']","['bukhari_2589', 'bukhari_6975', 'bukhari_2398', 'bukhari_2621', 'bukhari_2319', 'bukhari_6732', 'bukhari_5351', 'bukhari_2387', 'bukhari_1445', 'bukhari_6763']"
C0324,নবী সাল্লাল্লাহু আলাইহি ওয়া সাল্লাম নামাজে সংক্ষেপে কথা বলতেন এবং তা সম্পন্ন করতেন।,"['muslim_1052', 'bukhari_706', 'muslim_944', 'muslim_949', 'muslim_4669']",False,True,"['muslim_2178', 'muslim_446', 'bukhari_1301', 'muslim_405', 'bukhari_1960', 'muslim_407', 'muslim_1611', 'muslim_2722', 'bukhari_4166', 'muslim_836']","['bukhari_706', 'bukhari_642', 'bukhari_1080', 'bukhari_354', 'muslim_869', 'muslim_591', 'bukhari_491', 'muslim_243', 'bukhari_6670', 'bukhari_373']"
C0335,"রাসূলুল্লাহ (সা.) বলেছেন, আল্লাহ যা নেন এবং যা দেন, সবকিছু আল্লাহর হাতে এবং সবকিছুর জন্য একটি নির্দিষ্ট সময় রয়েছে। তিনি আমাদের ধৈর্য ধরতে এবং আল্লাহর কাছে প্রতীক্ষা করতে বলেছেন। যখন তিনি এক শিশুকে কোলে নিলেন, তখন তিনি কাঁদলেন এবং বললেন, এটি আল্লাহর রহমত, যা তিনি মানবজাতির মধ্যে রেখেছেন।","['bukhari_7448', 'muslim_2135', 'bukhari_1284', 'bukhari_5655', 'muslim_949']",True,False,"['bukhari_6655', 'bukhari_7377', 'bukhari_1284', 'muslim_565', 'muslim_125', 'muslim_924', 'bukhari_5655', 'bukhari_7448', 'muslim_1747', 'muslim_1578']","['bukhari_6602', 'bukhari_4694', 'bukhari_3333', 'bukhari_2605', 'bukhari_6600', 'bukhari_6599', 'bukhari_1424', 'bukhari_1145', 'bukhari_709', 'bukhari_4670']"
C0338,"আমি শুনেছি, তিনি সকালে পানি চেয়েছিলেন এবং একজন ছেলে তাকে একটি পাত্রে পানি এনে দিয়েছিল। তিনি ডান হাতে পানি নিয়ে বাম হাতে ঢেলে তিনবার হাত ধোয়ার পর, ডান হাতে পানি নিয়ে তিনবার মুখে গুলে এবং তিনবার নাকের মধ্যে পানি টেনে নেন। এরপর তিনি মাথার সামনে এবং পেছনে একবার হাত বুলিয়ে নেন।","['bukhari_192', 'muslim_555', 'bukhari_1934', 'muslim_539', 'muslim_559']",True,False,"['bukhari_192', 'muslim_236', 'bukhari_186', 'bukhari_274', 'muslim_542', 'bukhari_199', 'bukhari_259', 'bukhari_265', 'bukhari_3575', 'bukhari_276']","['bukhari_257', 'bukhari_191', 'bukhari_188', 'bukhari_196', 'bukhari_254', 'bukhari_248', 'bukhari_197', 'bukhari_200', 'bukhari_276', 'bukhari_3575']"
C0344,"রাসূলুল্লাহ (সা.) বলেছেন, আলহামদুলিল্লাহ, এটি কুরআনের মা এবং বইয়ের মা, এবং এটি সাতটি পুনরাবৃত্তি।","['bukhari_4704', 'bukhari_5006', 'muslim_4234', 'muslim_5322', 'bukhari_4647']",False,True,"['muslim_2491', 'muslim_2646', 'bukhari_5979', 'bukhari_5971', 'bukhari_6595', 'bukhari_1852', 'bukhari_7522', 'muslim_1022', 'muslim_1235', 'muslim_349']","['bukhari_4704', 'bukhari_6643', 'bukhari_6405', 'bukhari_6403', 'bukhari_6098', 'muslim_6974', 'bukhari_4582', 'bukhari_5013', 'bukhari_5396', 'bukhari_7372']"
C0346,"আমি শুনেছি যে, রাসূলুল্লাহ (সা.) বলেছেন, যে কেউ শুক্রবারের জন্য আসে, তাকে গোসল করতে হবে।","['bukhari_894', 'muslim_1952', 'muslim_1951', 'bukhari_877', 'muslim_1956']",False,True,"['bukhari_1985', 'bukhari_6766', 'bukhari_6767', 'bukhari_1013', 'bukhari_5953', 'bukhari_3006', 'bukhari_3216', 'bukhari_5673', 'muslim_2712', 'bukhari_71']","['bukhari_879', 'bukhari_895', 'bukhari_2665', 'bukhari_877', 'bukhari_858', 'bukhari_910', 'bukhari_894', 'bukhari_883', 'bukhari_919', 'bukhari_898']"
C0351,"আমি শুনেছি যে, একবার একজন অসুস্থ ব্যক্তি মক্কায় ছিলেন এবং তিনি মৃত্যুর প্রান্তে পৌঁছেছিলেন। তখন নবী (সা.) তার কাছে এসে বলেছিলেন যে, তার অনেক সম্পদ আছে এবং শুধুমাত্র তার কন্যাই তার উত্তরাধিকারী হবে। তিনি নবী (সা.)-কে জিজ্ঞেস করেছিলেন যে, কি পরিমাণ সম্পদ দান করতে পারেন, কিন্তু নবী (সা.) তাকে বলেছিলেন যে, সম্পদের এক-তৃতীয়াংশও অনেক। নবী (সা.) আরও বলেছেন যে, সন্তানদের ধনী রেখে যাওয়া ভালো, যাতে তারা মানুষের কাছে হাত না বাড়ায়।","['muslim_4209', 'bukhari_6733', 'bukhari_1295', 'bukhari_6373', 'bukhari_3936']",True,False,"['bukhari_2744', 'bukhari_5668', 'bukhari_2742', 'muslim_2964', 'bukhari_4409', 'bukhari_5659', 'bukhari_6733', 'bukhari_1295', 'bukhari_3137', 'bukhari_6427']","['bukhari_4577', 'muslim_1758', 'muslim_1036', 'bukhari_6727', 'bukhari_2748', 'bukhari_5651', 'bukhari_2398', 'bukhari_2773', 'bukhari_7180', 'bukhari_5676']"
C0356,নামাজের সময় কোমর বাঁকানো থেকে নিষেধ করা হয়েছে।,"['bukhari_1219', 'muslim_2247', 'muslim_5165', 'muslim_5164', 'bukhari_1220']",False,True,"['bukhari_4208', 'bukhari_1846', 'bukhari_361', 'bukhari_5818', 'muslim_498', 'bukhari_7008', 'muslim_825', 'bukhari_3108', 'bukhari_5808', 'bukhari_5295']","['bukhari_1219', 'bukhari_809', 'bukhari_359', 'muslim_545', 'bukhari_1220', 'bukhari_1991', 'bukhari_1992', 'bukhari_1629', 'muslim_825', 'bukhari_5819']"
C0357,"নবী সাল্লাল্লাহু আলাইহি ওয়া সাল্লাম বলেছেন, তিনি যখন নামাজে ছিলেন, তখন শিশুদের কান্না শুনে তিনি নামাজকে দ্রুত শেষ করতেন যাতে তার মা উদ্বিগ্ন না হন।","['bukhari_868', 'bukhari_709', 'muslim_1056', 'bukhari_707', 'bukhari_708']",False,True,"['muslim_498', 'bukhari_6230', 'bukhari_3436', 'bukhari_6316', 'bukhari_6394', 'bukhari_1120', 'bukhari_5', 'bukhari_2482', 'muslim_2491', 'bukhari_482']","['bukhari_710', 'bukhari_868', 'bukhari_709', 'bukhari_707', 'bukhari_635', 'muslim_2367', 'bukhari_636', 'bukhari_753', 'bukhari_6670', 'bukhari_708']"
C0362,"নবী সাল্লাল্লাহু আলাইহি ওয়া সাল্লাম বলেছেন, প্রতিটি নবীর একজন সহচর থাকে এবং সেই সহচর হলেন জুবায়ের বিন আওয়াম।","['bukhari_3719', 'bukhari_2847', 'muslim_6243', 'bukhari_4113', 'bukhari_2997']",False,True,"['bukhari_1664', 'bukhari_7254', 'bukhari_3546', 'bukhari_5984', 'bukhari_4023', 'bukhari_6253', 'bukhari_3139', 'bukhari_725', 'bukhari_7195', 'bukhari_1120']","['bukhari_3719', 'bukhari_2847', 'bukhari_2846', 'bukhari_6021', 'bukhari_7255', 'bukhari_7474', 'bukhari_2997', 'bukhari_1401', 'bukhari_4981', 'bukhari_6966']"
C0366,"আমি শুনেছি, রাসূলুল্লাহ (সা.) হজের জন্য মক্কায় যাওয়ার সময় যাদের কাছে কোরবানির পশু ছিল না, তাদেরকে তাওয়াফ করার পর হালাল হওয়ার নির্দেশ দিয়েছিলেন। এছাড়া, তিনি ঈদের দিন তাঁর স্ত্রীদের জন্য গরুর মাংস কোরবানি করেছিলেন।","['bukhari_1720', 'bukhari_2952', 'muslim_2925', 'bukhari_1709', 'muslim_2919']",True,False,"['muslim_1227', 'bukhari_2952', 'bukhari_1572', 'bukhari_1691', 'bukhari_1561', 'bukhari_1708', 'bukhari_1709', 'bukhari_1651', 'bukhari_2469', 'bukhari_976']","['muslim_1227', 'bukhari_2980', 'bukhari_4226', 'bukhari_4215', 'bukhari_5559', 'muslim_1241', 'bukhari_1085', 'bukhari_5455', 'muslim_1974', 'bukhari_5424']"
C0369,"আয়েশা বলেছেন, তিনি রাসূলুল্লাহ (সা.)-কে বলতে শুনেছেন যে, হাত কাটা যাবে শুধু তখনই, যখন চুরি করা জিনিসের মূল্য এক চতুর্থাংশ দিরহামের বেশি হবে।","['muslim_4401', 'muslim_4402', 'muslim_4400', 'bukhari_6789', 'muslim_3737']",False,True,"['muslim_1489', 'bukhari_6980', 'muslim_3725', 'muslim_3726', 'muslim_3727', 'bukhari_6530', 'muslim_114', 'bukhari_3074', 'bukhari_4811', 'bukhari_1564']","['bukhari_6789', 'bukhari_6790', 'bukhari_6791', 'bukhari_6794', 'bukhari_6783', 'bukhari_6798', 'bukhari_6796', 'bukhari_6797', 'bukhari_6795', 'bukhari_6792']"
C0398,"একজন আরব ব্যক্তি নবী মুহাম্মদ (সা.)-এর কাছে এসে জানতে চেয়েছিল, আল্লাহ কী কী নামাজ ফরজ করেছেন। নবী (সা.) তাকে পাঁচটি নামাজের কথা বলেছিলেন এবং বলেছিলেন, যদি কেউ অতিরিক্ত কিছু করতে চায়, তবে করতে পারে। এরপর তিনি রোজা ও জাকাতের ফরজ বিষয়গুলোও জানতে চেয়েছিলেন। নবী (সা.) সেগুলোও তাকে জানিয়ে দেন। সেই ব্যক্তি বলেছিল, তিনি ফরজের বাইরে কিছু করবেন না এবং নবী (সা.) বলেছিলেন, ""যদি সে সত্যি হয়, তবে সে সফল হবে।""","['bukhari_6956', 'bukhari_1891', 'muslim_100', 'muslim_104', 'bukhari_2678']",True,False,"['bukhari_2678', 'bukhari_46', 'bukhari_6956', 'bukhari_4777', 'bukhari_401', 'muslim_3005', 'bukhari_7086', 'bukhari_50', 'muslim_195', 'muslim_681']","['bukhari_7249', 'bukhari_6310', 'bukhari_7301', 'bukhari_1123', 'bukhari_1226', 'bukhari_715', 'bukhari_2445', 'muslim_1015', 'bukhari_562', 'bukhari_404']"
C0403,"নবী সাল্লাল্লাহু আলাইহি ওয়াসাল্লাম বলেছেন, আমাদের পিতাদের নামে শপথ করা উচিত নয়। যে কেউ শপথ করতে চায়, তাকে আল্লাহর নামে শপথ করতে হবে।","['bukhari_7401', 'muslim_4257', 'muslim_4259', 'bukhari_6108', 'bukhari_6646']",False,True,"['bukhari_2674', 'bukhari_6622', 'bukhari_6920', 'bukhari_7146', 'bukhari_2666', 'bukhari_2667', 'bukhari_3845', 'bukhari_6677', 'bukhari_6676', 'bukhari_7184']","['bukhari_7401', 'bukhari_6648', 'bukhari_3836', 'bukhari_6916', 'bukhari_6768', 'bukhari_6608', 'bukhari_2679', 'bukhari_585', 'bukhari_6609', 'bukhari_6646']"
C0419,"হযরত হুযায়ফা (রা) বলেছেন, আল্লাহ তাআলা নবি (সা) কে কুরআন গাওয়ার অনুমতি দিয়েছেন।","['muslim_1845', 'muslim_1849', 'muslim_1847', 'bukhari_7482', 'bukhari_5024']",False,True,"['bukhari_5', 'bukhari_5464', 'bukhari_6755', 'bukhari_6970', 'muslim_1478', 'bukhari_3179', 'bukhari_1035', 'bukhari_4372', 'bukhari_6245', 'bukhari_5044']","['bukhari_7527', 'bukhari_5427', 'muslim_772', 'bukhari_5024', 'muslim_549', 'bukhari_4937', 'muslim_2516', 'muslim_653', 'bukhari_5223', 'bukhari_1222']"
C0434,"রাসূলুল্লাহ (সা.) এক রাতে তাঁর প্রয়োজন মেটাতে উঠলেন এবং পানি নিয়ে এসে ওযু করলেন। এরপর তিনি কিছু সময় ঘুমালেন এবং আবার উঠে এসে ওযু করে নামাজ পড়তে গেলেন, সেজদায় তিনি আল্লাহর কাছে তাঁর হৃদয়ে, কান, চোখ এবং চারপাশে نورের জন্য দোয়া করছিলেন।","['muslim_1794', 'muslim_1797', 'muslim_1796', 'muslim_1799', 'bukhari_6316']",True,False,"['bukhari_4572', 'bukhari_138', 'bukhari_26', 'muslim_304', 'bukhari_6316', 'bukhari_992', 'muslim_642', 'muslim_256', 'bukhari_570', 'bukhari_571']","['muslim_767', 'bukhari_1146', 'muslim_739', 'bukhari_187', 'bukhari_6310', 'bukhari_248', 'bukhari_889', 'bukhari_994', 'bukhari_847', 'muslim_304']"
C0436,নবী মুহাম্মদ (সা.) মুজদালিফায় দুইটি নামাজ একসাথে আদায় করেছিলেন এবং এর আগে বা পরে কোনো নফল নামাজ পড়েননি।,"['bukhari_1673', 'muslim_3114', 'muslim_6694', 'muslim_5154', 'muslim_3855']",False,True,"['muslim_729', 'muslim_765', 'muslim_834', 'muslim_2093', 'muslim_726', 'bukhari_937', 'muslim_836', 'muslim_1718', 'bukhari_995', 'bukhari_5881']","['bukhari_592', 'bukhari_989', 'bukhari_1673', 'bukhari_590', 'bukhari_964', 'bukhari_1225', 'bukhari_1682', 'bukhari_1647', 'bukhari_5883', 'bukhari_5881']"
C0448,"আমি শুনেছি, খন্দকের দিন, রাসূলুল্লাহ (সা.) কুরাইশের কাফিরদের বিরুদ্ধে কথা বলছিলেন। তিনি বলেছিলেন, আমি সূর্যাস্তের আগে আসরের নামাজ পড়তে পারিনি, কিন্তু পরে তিনি নামাজ পড়লেন।","['muslim_1430', 'bukhari_4112', 'bukhari_596', 'bukhari_641', 'bukhari_945']",False,True,"['bukhari_598', 'muslim_2458', 'bukhari_4119', 'muslim_2490', 'bukhari_670', 'bukhari_901', 'muslim_832', 'bukhari_755', 'muslim_172', 'bukhari_169']","['bukhari_596', 'bukhari_945', 'bukhari_598', 'bukhari_1629', 'bukhari_2943', 'bukhari_6396', 'muslim_825', 'bukhari_702', 'muslim_1385', 'muslim_514']"
C0458,"নবী সাল্লাল্লাহু আলাইহি ওয়াসাল্লাম মৃত্যুবরণ করেছেন, এবং তিনি মৃত্যুর সময় খুবই কষ্টে ছিলেন। তাই আমি নবীর পর আর কারো জন্য মৃত্যুর কঠোরতা কামনা করি না।","['bukhari_4446', 'muslim_6819', 'muslim_6310', 'bukhari_4438', 'muslim_1256']",False,True,"['bukhari_1166', 'bukhari_7297', 'bukhari_4774', 'bukhari_6808', 'bukhari_5494', 'bukhari_6253', 'muslim_187', 'muslim_2202', 'bukhari_7366', 'bukhari_1120']","['bukhari_5671', 'bukhari_6351', 'bukhari_4446', 'bukhari_2972', 'muslim_924', 'bukhari_5646', 'bukhari_6778', 'bukhari_3536', 'muslim_2682', 'bukhari_2795']"
C0462,"আমি শুনেছি যে, রাসূলুল্লাহ (সা.) বলেছেন, যে ব্যক্তি কোরআন পড়ে এবং এতে দক্ষ, সে সম্মানিত ফেরেশতাদের সঙ্গে থাকবে। আর যে ব্যক্তি কোরআন পড়তে কষ্ট পায়, তার জন্যও দ্বিগুণ পুরস্কার রয়েছে।","['bukhari_4937', 'muslim_1862', 'muslim_7356', 'muslim_6098', 'muslim_944']",False,True,"['bukhari_5', 'bukhari_7300', 'bukhari_1897', 'bukhari_7050', 'bukhari_6689', 'bukhari_1870', 'bukhari_39', 'bukhari_6755', 'bukhari_2778', 'bukhari_2956']","['bukhari_4937', 'bukhari_5028', 'bukhari_5026', 'bukhari_5027', 'bukhari_4582', 'bukhari_7527', 'bukhari_5038', 'bukhari_648', 'bukhari_5024', 'bukhari_5427']"
C0465,"নবী মুহাম্মদ (সা.) এর যুগে কী ঘটেছিল, তা আমি জানি না। তবে, তিনি বলেছিলেন যে, আমরা নামাজে অনেক কিছুই হারিয়ে ফেলেছি।","['bukhari_529', 'muslim_4315', 'muslim_2817', 'muslim_4582', 'muslim_1380']",False,True,"['bukhari_5141', 'bukhari_1053', 'bukhari_86', 'bukhari_5121', 'bukhari_650', 'muslim_121', 'bukhari_6982', 'muslim_2864', 'bukhari_530', 'bukhari_53']","['bukhari_529', 'bukhari_1063', 'bukhari_229', 'bukhari_771', 'bukhari_724', 'bukhari_1082', 'bukhari_231', 'bukhari_590', 'bukhari_977', 'bukhari_440']"
C0469,"নবী সাল্লাল্লাহু আলাইহি ওয়াসাল্লাম যখন নামাজ শেষ করতেন, তখন তিনি আমাদের দিকে মুখ করে তাকাতেন।","['bukhari_845', 'muslim_5937', 'bukhari_847', 'muslim_1449', 'bukhari_661']",False,True,"['bukhari_401', 'muslim_2968', 'muslim_2531', 'muslim_188', 'bukhari_7367', 'muslim_2897', 'bukhari_680', 'muslim_1770', 'bukhari_6203', 'bukhari_1224']","['bukhari_845', 'bukhari_753', 'bukhari_419', 'bukhari_417', 'muslim_2275', 'bukhari_750', 'bukhari_373', 'bukhari_823', 'bukhari_749', 'bukhari_637']"
C0473,"রাসূলুল্লাহ (সা.) বলেছেন, ""যদি কেউ দীর্ঘ সময় ধরে রোজা রাখতে চায়, তাহলে সফরের সময় রোজা রাখতে পারবে অথবা চাইলে বিরতি নিতে পারবে।""","['muslim_2626', 'muslim_2625', 'muslim_5309', 'bukhari_1943', 'bukhari_1942']",False,True,"['bukhari_1592', 'bukhari_3418', 'bukhari_6277', 'bukhari_5052', 'bukhari_4277', 'bukhari_1975', 'bukhari_1914', 'bukhari_1893', 'bukhari_6134', 'bukhari_3419']","['bukhari_1943', 'bukhari_2000', 'bukhari_1080', 'bukhari_38', 'bukhari_4279', 'bukhari_703', 'bukhari_2001', 'bukhari_6625', 'bukhari_1804', 'bukhari_1924']"
C0483,"রাসূলুল্লাহ (সা.) বলেছেন, ""আকিল কি আমাদের জন্য মক্কায় কোনো বাড়ি বা সম্পত্তি রেখে গেছে?"" কারণ আকিল ও তালিব ছিলেন কাফির এবং তারা আবু তালিবের সম্পত্তি উত্তরাধিকারী হয়েছিলেন, কিন্তু জাফর ও আলী কিছুই পাননি কারণ তারা মুসলিম ছিলেন। عمر বলতেন, ""বিশ্বাসী কাফিরের থেকে কিছু পায় না।""","['muslim_3294', 'bukhari_1588', 'bukhari_4282', 'bukhari_4283', 'muslim_3296']",True,False,"['bukhari_1588', 'bukhari_4283', 'bukhari_4282', 'bukhari_3136', 'bukhari_4240', 'bukhari_4241', 'bukhari_4353', 'bukhari_4354', 'bukhari_2698', 'bukhari_4349']","['muslim_1758', 'bukhari_2757', 'bukhari_6764', 'muslim_1614', 'bukhari_4036', 'bukhari_4035', 'bukhari_6067', 'bukhari_3502', 'bukhari_2398', 'bukhari_6741']"
C0485,"আমি শুনেছি, আয়েশা বলেছেন যে, তিনি নবী মুহাম্মদ (সা.)-কে ফজরের দুই রাকাত নামাজে এত দ্রুত পড়তে দেখেছেন যে, তিনি মনে করেছিলেন নবী (সা.) সেখানে সূরা ফাতিহা পড়ছেন।","['muslim_1684', 'muslim_1685', 'muslim_1681', 'bukhari_1165', 'muslim_2098']",True,False,"['bukhari_776', 'bukhari_759', 'muslim_834', 'bukhari_1139', 'bukhari_4370', 'bukhari_5041', 'bukhari_1165', 'bukhari_995', 'bukhari_6936', 'bukhari_774.2']","['bukhari_776', 'bukhari_762', 'bukhari_778', 'bukhari_759', 'bukhari_6335', 'bukhari_5037', 'bukhari_5038', 'bukhari_626', 'bukhari_995', 'bukhari_619']"
C0486,"আমি শুনেছি যে, একজন ব্যক্তি আল্লাহর রাসূল মুহাম্মদ (সা.)-কে অস্বীকার করতে বলেছিল, কিন্তু তিনি অস্বীকার করতে অস্বীকৃতি জানান। তিনি বলেছিলেন, ""আমি মুহাম্মদ (সা.)-কে অস্বীকার করব না যতক্ষণ না আল্লাহ আমাকে মৃত্যুর পর পুনরুত্থিত করেন।""","['bukhari_2425', 'muslim_7062', 'bukhari_2091', 'bukhari_4734', 'bukhari_2275']",True,False,"['bukhari_2425', 'muslim_2474', 'muslim_1801', 'muslim_1235', 'muslim_2712', 'bukhari_4735', 'bukhari_4734', 'bukhari_1472', 'bukhari_1241', 'bukhari_1242']","['bukhari_2157', 'bukhari_6340', 'bukhari_6339', 'bukhari_4582', 'bukhari_25', 'bukhari_6338', 'bukhari_4435', 'bukhari_6304', 'bukhari_6351', 'muslim_2682']"
C0491,"নবী সাল্লাল্লাহু আলাইহি ওয়া সাল্লাম বলেছেন, ""এটি এবং এটি সমান।""","['bukhari_6895', 'muslim_5312', 'muslim_4739', 'muslim_3877', 'muslim_4063']",False,True,"['bukhari_6253', 'bukhari_1120', 'bukhari_6230', 'bukhari_831', 'bukhari_835', 'bukhari_7381', 'bukhari_6406', 'bukhari_3938', 'bukhari_6328', 'bukhari_1202']","['bukhari_6895', 'bukhari_4898', 'bukhari_221', 'bukhari_1908', 'bukhari_7381', 'bukhari_1527', 'bukhari_6418', 'muslim_2413', 'bukhari_6503', 'bukhari_3443']"
C0504,"একজন বেদুঈন মসজিদে এসে প্রস্রাব করতে শুরু করেছিল। তখন রাসূলুল্লাহ (সা.) বললেন, তাকে ছেড়ে দাও, এবং পরে একটি পাত্রে পানি ঢেলে তার ওপর ঢালা হলো।","['muslim_660', 'muslim_661', 'bukhari_6025', 'muslim_5316', 'muslim_5926']",False,True,"['bukhari_220', 'bukhari_669', 'bukhari_836', 'muslim_1168', 'bukhari_2016', 'bukhari_4442', 'bukhari_6128', 'bukhari_248', 'bukhari_5714', 'muslim_285']","['bukhari_6128', 'bukhari_6025', 'bukhari_219', 'bukhari_220', 'bukhari_5468', 'bukhari_639', 'bukhari_331', 'bukhari_227', 'bukhari_224', 'bukhari_6355']"
C0516,"আমি শুনেছি যে আবু তালিব বলেছেন, যখন নবী সাল্লাল্লাহু আলাইহি ওয়াসাল্লাম আকাশ থেকে বৃষ্টি প্রার্থনা করছিলেন, তখন তাঁর মুখের দিকে তাকালে মনে হচ্ছিল যেন সমস্ত জলধারা প্রবাহিত হচ্ছে। তাঁর মুখের সৌন্দর্য এতটাই ছিল যে তা এতিমদের জন্য আশ্রয় এবং বিধবাদের জন্য নিরাপত্তা প্রদান করে।","['bukhari_1008', 'bukhari_1009', 'muslim_1449', 'muslim_6095', 'muslim_4653']",True,False,"['bukhari_1008', 'bukhari_1009', 'bukhari_5018', 'muslim_1763', 'bukhari_6093', 'muslim_832', 'bukhari_4821', 'bukhari_7252', 'bukhari_357', 'bukhari_1466']","['bukhari_1023', 'bukhari_1024', 'bukhari_3206', 'bukhari_1012', 'bukhari_669', 'muslim_428', 'bukhari_1026', 'bukhari_1010', 'muslim_698', 'bukhari_3710']"
C0531,"নবী মুহাম্মদ (সা.) বলেছেন, পুরুষদের জন্য জাফরান ব্যবহার করা নিষেধ।","['muslim_5507', 'bukhari_5846', 'muslim_3957', 'muslim_1218', 'muslim_3465']",False,True,"['muslim_565', 'bukhari_6423', 'bukhari_6578', 'bukhari_1179', 'muslim_1884', 'bukhari_5831', 'bukhari_5938', 'bukhari_1204', 'muslim_1578', 'bukhari_4121']","['bukhari_5846', 'bukhari_5847', 'bukhari_5806', 'bukhari_134', 'bukhari_5852', 'bukhari_4842', 'bukhari_5863', 'bukhari_5838', 'bukhari_5794', 'bukhari_5821']"
C0534,"নবী মুহাম্মদ (সা.) বলেছেন, আমাদের একবার খায়বারের যুদ্ধে মাংস খাওয়ার সময় তিনি ঘোষণা করেছিলেন যে, ঘোড়ার মাংস খাওয়া নিষেধ। তিনি বলেছিলেন, কারণ তারা মল খায়।","['muslim_5010', 'muslim_5011', 'bukhari_3155', 'bukhari_4220', 'muslim_5017']",True,False,"['bukhari_3155', 'bukhari_5529', 'bukhari_4219', 'bukhari_5568', 'bukhari_5524', 'bukhari_4503', 'bukhari_5407', 'bukhari_1719', 'bukhari_1915', 'bukhari_4220']","['bukhari_5115', 'bukhari_5526', 'bukhari_5525', 'bukhari_5524', 'bukhari_5521', 'bukhari_5522', 'bukhari_4218', 'bukhari_4227', 'bukhari_4217', 'bukhari_5523']"
C0535,নবী (সাল্লাল্লাহু আলাইহি ওয়াসাল্লাম) একজন মৃতের জন্য দাফনের পর নামাজ পড়েছিলেন।,"['muslim_2211', 'muslim_7418', 'bukhari_1340', 'muslim_3728', 'muslim_7502']",False,True,"['bukhari_1230', 'bukhari_1229', 'bukhari_1103', 'muslim_1235', 'bukhari_7250', 'muslim_243', 'bukhari_1051', 'bukhari_4112', 'bukhari_6051', 'bukhari_802']","['bukhari_1340', 'bukhari_332', 'bukhari_4085', 'bukhari_1331', 'bukhari_2295', 'bukhari_3881', 'muslim_955', 'bukhari_3879', 'bukhari_1321', 'bukhari_1334']"
C0540,"তিনি বলেছেন, তিনি জিলকদ মাসে চারটি উমরা করেছেন, তবে হুদায়বিয়ার সাথে যে উমরা করেছেন সেটি বাদে। এছাড়াও তিনি জানিয়েছেন, তিনি জারআনা থেকে এবং হুনাইন যুদ্ধে গনিমতের বণ্টনের সময়ও উমরা করেছেন।","['bukhari_1780', 'muslim_3032', 'bukhari_4148', 'bukhari_1778', 'bukhari_1779']",False,True,"['muslim_1087', 'bukhari_1983', 'bukhari_1970', 'bukhari_1965', 'bukhari_1922', 'bukhari_2004', 'bukhari_1959', 'bukhari_4662', 'muslim_2499', 'bukhari_1564']","['bukhari_1780', 'bukhari_1778', 'bukhari_4148', 'bukhari_4273', 'bukhari_1089', 'bukhari_3066', 'bukhari_1546', 'bukhari_4473', 'bukhari_1694', 'bukhari_1695']"
C0546,"আমি শুনেছি, নবীজি (সাল্লাল্লাহু আলাইহি ওয়া সাল্লাম) বলেছেন যে, সফরের সময় কিছু মানুষ রোজা রেখেছিল এবং কিছু মানুষ রোজা ভেঙেছিল। সেই গরম দিনে যারা রোজা ভেঙেছিল, তারা কাজ করে বেশি পুরস্কার অর্জন করেছে।","['muslim_2622', 'muslim_2623', 'bukhari_2890', 'muslim_2624', 'muslim_2618']",False,True,"['muslim_1120', 'bukhari_4277', 'bukhari_6851', 'bukhari_1922', 'bukhari_3418', 'muslim_1152', 'bukhari_5052', 'bukhari_1975', 'bukhari_1959', 'bukhari_6134']","['bukhari_1954', 'bukhari_2996', 'bukhari_5429', 'bukhari_651', 'muslim_1727', 'bukhari_1946', 'bukhari_6476', 'bukhari_2890', 'bukhari_3258', 'bukhari_3118']"
C0549,"নবী (সাল্লাল্লাহু আলাইহি ওয়া সাল্লাম) আবু বকরকে বলেছিলেন যে, তিনি বের হওয়ার অনুমতি পেয়েছেন। আবু বকর তখন বললেন, ""হে রাসূল, আমি আপনার সঙ্গী হতে চাই।"" এরপর নবী (সা.) তাকে একটি উট দিলেন এবং তারা একসাথে গুহায় চলে গেলেন।","['bukhari_4093', 'muslim_6406', 'muslim_6322', 'muslim_6214', 'muslim_4580']",True,False,"['muslim_1478', 'bukhari_3922', 'bukhari_2138', 'bukhari_3661', 'bukhari_4093', 'bukhari_7190', 'bukhari_7097', 'bukhari_5807', 'muslim_2401', 'bukhari_3905']","['bukhari_3922', 'muslim_2397', 'bukhari_2977', 'muslim_1765', 'bukhari_6172', 'bukhari_5795', 'bukhari_2530', 'bukhari_6998', 'bukhari_7022', 'bukhari_4050']"
C0556,"রাসূলুল্লাহ (সা.) বলেছিলেন যে, যারা ইসলামের পথে এসেছে তাদেরকে কুফফারদের কাছে ফিরে যাওয়া উচিত নয় এবং মুসলমানদের উচিত তাদের স্ত্রীদের জন্য যে খরচ হয়েছে তা ফেরত দেওয়া। উমর (রা.) দুইটি স্ত্রীকে তালাক দিয়েছিলেন এবং পরে তাদেরকে অন্যদের সাথে বিয়ে করেছিলেন।","['bukhari_2733', 'bukhari_4182', 'muslim_4440', 'muslim_4612', 'muslim_4588']",True,False,"['bukhari_2733', 'bukhari_5203', 'bukhari_3131', 'bukhari_3132', 'bukhari_2607', 'bukhari_2608', 'bukhari_2539', 'bukhari_2540', 'bukhari_4319', 'bukhari_4318']","['bukhari_1804', 'bukhari_6601', 'bukhari_6834', 'bukhari_5264', 'bukhari_5269', 'bukhari_7469', 'bukhari_5251', 'bukhari_5119', 'bukhari_2660', 'bukhari_5090']"
C0561,"নবী মুহাম্মদ (সা.) মারা যাওয়ার পর আবু বকর (রা.) ঘোষণা করেছিলেন যে, যাদের নবীর কাছে কিছু পাওনা ছিল, তারা যেন তার কাছে আসেন। জাবির (রা.) বলেছিলেন যে, নবী (সা.) তাকে তিনবার কিছু দেওয়ার প্রতিশ্রুতি দিয়েছিলেন এবং তিনি তিনবার পাঁচশত করে টাকা পেয়েছিলেন।","['bukhari_2683', 'muslim_6023', 'muslim_6024', 'bukhari_2296', 'muslim_2304']",True,False,"['bukhari_2683', 'bukhari_2296', 'bukhari_2598', 'bukhari_3137', 'bukhari_4383', 'bukhari_2603', 'bukhari_3165', 'bukhari_3164', 'bukhari_2394', 'bukhari_443']","['bukhari_2598', 'muslim_1631', 'bukhari_6763', 'bukhari_5371', 'bukhari_7186', 'muslim_1702', 'bukhari_2625', 'bukhari_6441', 'bukhari_1178', 'bukhari_6735']"
C0569,"আবদুল্লাহ বিন রাওয়াহা যখন মারা গেলেন, তখন তার জন্য কেউ কাঁদল না।","['bukhari_4268', 'muslim_4659', 'bukhari_4267', 'muslim_4147', 'muslim_307']",False,True,"['bukhari_1304', 'muslim_924', 'bukhari_3715', 'bukhari_3716', 'bukhari_4434', 'bukhari_4433', 'muslim_121', 'bukhari_5706', 'bukhari_6073', 'bukhari_4167']","['bukhari_4268', 'bukhari_6778', 'bukhari_2828', 'bukhari_5004', 'bukhari_4061', 'bukhari_4060', 'bukhari_3996', 'bukhari_2795', 'bukhari_2912', 'muslim_924']"
C0582,"নবী মুহাম্মদ (সা.) কৃষি জমি ভাড়া দেওয়া থেকে নিষেধ করেছেন। আমি সালেমকে জিজ্ঞেস করলাম, তুমি কি ভাড়া দাও? তিনি বললেন, হ্যাঁ, কারণ এতে তার জন্য বেশি লাভ হয়।","['bukhari_4012', 'bukhari_4013', 'muslim_3940', 'muslim_3938', 'muslim_3944']",True,False,"['bukhari_4013', 'bukhari_4012', 'bukhari_2634', 'bukhari_2339', 'bukhari_2332', 'bukhari_2342', 'bukhari_2722', 'muslim_1801', 'bukhari_2327', 'bukhari_2344']","['bukhari_2342', 'bukhari_2345', 'bukhari_2722', 'bukhari_2327', 'bukhari_2341', 'bukhari_2340', 'bukhari_2332', 'bukhari_2634', 'bukhari_2330', 'bukhari_2632']"
C0585,"নবী (সা.) বলেছেন, যখন লোকেরা তাদের খাবার কমিয়ে ফেলেছিল, তখন তিনি তাদেরকে বলেছিলেন যে, তারা যেন তাদের অতিরিক্ত খাবার নিয়ে আসে। এরপর তিনি সেই খাবারগুলো একত্রিত করে সবাইকে খাওয়ানোর ব্যবস্থা করেছিলেন।","['bukhari_2484', 'bukhari_2982', 'muslim_139', 'muslim_5316', 'muslim_7356']",True,False,"['bukhari_2982', 'bukhari_2484', 'bukhari_2486', 'bukhari_3581', 'bukhari_602', 'bukhari_4101', 'bukhari_3860', 'bukhari_5182', 'bukhari_5225', 'bukhari_1922']","['bukhari_1924', 'bukhari_5459', 'bukhari_2486', 'bukhari_1933', 'bukhari_5460', 'bukhari_6669', 'muslim_2500', 'bukhari_2557', 'bukhari_1922', 'muslim_1095']"
C0594,"নবী সাল্লাল্লাহু আলাইহি ওয়াসাল্লাম বলেছেন, সকল নখযুক্ত জন্তু খাওয়া নিষেধ।","['muslim_4988', 'bukhari_5780', 'bukhari_5781', 'muslim_4989', 'bukhari_5530']",False,True,"['bukhari_6358', 'bukhari_1120', 'bukhari_6253', 'bukhari_6357', 'bukhari_6360', 'bukhari_831', 'bukhari_2488', 'muslim_1971', 'bukhari_4198', 'bukhari_1154']","['bukhari_5530', 'bukhari_4218', 'bukhari_4215', 'bukhari_5522', 'bukhari_5525', 'bukhari_5526', 'bukhari_5506', 'bukhari_242', 'bukhari_4217', 'bukhari_5527']"
C0600,"নবীজি (সাল্লাল্লাহু আলাইহি ওয়া সাল্লাম) বলেছিলেন, যদি কারও মাথায় কিছু সমস্যা হয়, তাহলে তাকে মাথা কামাতে হবে। তিনি আমাকে বললেন, তিন দিন রোজা রাখো, অথবা ছয়টি গরিবকে কিছু দান করো, অথবা তোমার সাধ্য অনুযায়ী কুরবানী করো।","['muslim_2880', 'bukhari_1815', 'muslim_2879', 'muslim_2883', 'muslim_2881']",True,False,"['bukhari_6708', 'bukhari_1815', 'bukhari_5703', 'bukhari_4190', 'bukhari_4517', 'bukhari_1814', 'bukhari_1817', 'bukhari_4159', 'muslim_1971', 'bukhari_7299']","['bukhari_1814', 'bukhari_6708', 'bukhari_5703', 'bukhari_809', 'bukhari_256', 'bukhari_4190', 'bukhari_6235', 'bukhari_1981', 'bukhari_84', 'muslim_238']"
C0612,"আমি শুনেছি যে রাসূলুল্লাহ (সা.) বলেছেন, ""হে আল্লাহ, আমি তোমার কাছে একটি অঙ্গীকার করেছি যা তুমি ভঙ্গ করবে না। তাই যদি আমি কোনো মুমিনকে গালি দিই বা শাস্তি দিই, তাহলে তা যেন তার জন্য কিয়ামতের দিন মাফ হয়ে যায়।""","['muslim_6624', 'muslim_6622', 'muslim_6623', 'muslim_6619', 'bukhari_6361']",False,True,"['muslim_1763', 'bukhari_5673', 'bukhari_5518', 'bukhari_6721', 'bukhari_6677', 'bukhari_6676', 'bukhari_4385', 'bukhari_3267', 'muslim_1894', 'bukhari_4550']","['bukhari_6307', 'bukhari_782', 'bukhari_2008', 'bukhari_6625', 'bukhari_6361', 'bukhari_71', 'bukhari_2528', 'bukhari_37', 'bukhari_35', 'bukhari_796']"
C0620,"আম্মা সুলেম বললেন, তিনি নবীকে জিজ্ঞেস করেছিলেন যে, যদি একজন মহিলা স্বপ্নে পুরুষের মতো কিছু দেখে তাহলে কি তার গোসল করা উচিত? নবী বললেন, যদি সে পানি দেখে তবে তাকে গোসল করতে হবে।","['muslim_709', 'muslim_710', 'bukhari_130', 'muslim_712', 'muslim_711']",False,True,"['muslim_312', 'muslim_310', 'muslim_311', 'bukhari_227', 'bukhari_2482', 'muslim_290', 'bukhari_6985', 'bukhari_324', 'bukhari_5149', 'bukhari_7315']","['bukhari_282', 'bukhari_6091', 'bukhari_6121', 'muslim_312', 'bukhari_227', 'bukhari_3328', 'bukhari_130', 'bukhari_315', 'bukhari_231', 'bukhari_307']"
C0628,"আমার চাচা বলেছিলেন, তিনি বদর যুদ্ধে উপস্থিত ছিলেন না এবং আল্লাহর কাছে প্রার্থনা করেছিলেন যে, যদি তিনি নবী (সা.) এর সাথে যুদ্ধ করতে পারেন, তবে আল্লাহ তাকে দেখাবেন কীভাবে তিনি লড়াই করেন। পরে উহুদ যুদ্ধে তিনি সাহসিকতার সাথে অংশ নেন এবং বলেন, ""হে আল্লাহ, আমি মুসলমানদের কাজের জন্য তোমার কাছে দুঃখ প্রকাশ করছি এবং মুশরিকদের থেকে নিজেকে মুক্ত করছি।"" তিনি যুদ্ধ করতে গিয়ে শহীদ হন এবং তার বোন তাকে চিনতে পারেন তার শরীরে থাকা আঘাতের কারণে।","['bukhari_4048', 'bukhari_2805', 'bukhari_2806', 'muslim_4918', 'muslim_5948']",True,False,"['bukhari_4048', 'muslim_1903', 'bukhari_2805', 'bukhari_2806', 'bukhari_2845', 'muslim_1787', 'bukhari_3290', 'muslim_111', 'muslim_1813', 'bukhari_4066']","['bukhari_4054', 'bukhari_3970', 'muslim_1787', 'bukhari_3126', 'bukhari_4021', 'bukhari_4589', 'muslim_1743', 'bukhari_7226', 'bukhari_3130', 'bukhari_2972']"
C0636,"নবী সাল্লাল্লাহু আলাইহি ওয়াসাল্লাম নামাজে দাঁড়িয়ে ছিলেন এবং শেষের দিকে দুইটি সিজদা করেছেন, তারপর সালাম দিয়েছেন।","['muslim_1271', 'muslim_1270', 'bukhari_6670', 'muslim_1269', 'bukhari_1225']",False,True,"['bukhari_6230', 'bukhari_6328', 'bukhari_995', 'bukhari_1230', 'muslim_498', 'bukhari_4570', 'bukhari_1628', 'bukhari_183', 'bukhari_6253', 'bukhari_697']","['bukhari_1225', 'bukhari_715', 'bukhari_1051', 'bukhari_830', 'muslim_841', 'bukhari_7250', 'bukhari_1224', 'bukhari_6670', 'bukhari_1160', 'muslim_591']"
C0639,নবী মুহাম্মদ (সা.) ইহরাম অবস্থায় এবং রোজা অবস্থায় হজম করেছেন।,"['bukhari_1938', 'muslim_2885', 'muslim_2886', 'bukhari_5700', 'bukhari_5701']",False,True,"['muslim_1235', 'bukhari_1564', 'bukhari_1691', 'muslim_1231', 'bukhari_1556', 'bukhari_1795', 'bukhari_4395', 'bukhari_1638', 'bukhari_1983', 'bukhari_4353']","['bukhari_1938', 'bukhari_1939', 'bukhari_5694', 'bukhari_5695', 'muslim_1202', 'bukhari_5617', 'bukhari_5405', 'bukhari_1892', 'bukhari_6669', 'bukhari_1835']"
C0658,"আমি শুনেছি যে রাসূলুল্লাহ (সা.) বলেছেন, একবার তিনি কিছু সময়ের জন্য ওহী থেকে বিরত ছিলেন এবং যখন তিনি হাঁটছিলেন, তখন তিনি ভয় পেয়ে মাটিতে পড়ে গিয়েছিলেন। এরপর আবার ওহী আসতে শুরু করে।","['muslim_407', 'muslim_406', 'bukhari_4926', 'bukhari_3238', 'bukhari_6214']",True,False,"['bukhari_4926', 'muslim_681', 'muslim_1754', 'bukhari_5018', 'bukhari_3238', 'muslim_796', 'bukhari_3906', 'muslim_832', 'bukhari_3624', 'bukhari_3623']","['bukhari_1124', 'bukhari_5789', 'bukhari_732', 'bukhari_163', 'muslim_341', 'bukhari_1130', 'bukhari_5289', 'bukhari_491', 'muslim_898', 'bukhari_2972']"
C0659,"আমি শুনেছি যে, উমর (রা) নবী (সা) কে জিজ্ঞেস করেছিলেন, যদি কেউ জান্নাতের অবস্থায় থাকে তাহলে কি সে নামাজ পড়তে পারবে? নবী (সা) বলেছিলেন, হ্যাঁ, যদি সে ওজু করে।","['bukhari_289', 'muslim_703', 'bukhari_287', 'muslim_699', 'muslim_824']",False,True,"['bukhari_3169', 'bukhari_6635', 'bukhari_3605', 'bukhari_6854', 'muslim_5968', 'bukhari_4326', 'bukhari_4327', 'bukhari_2942', 'bukhari_5777', 'bukhari_2897']","['bukhari_137', 'bukhari_289', 'bukhari_2626', 'bukhari_5037', 'bukhari_7424', 'bukhari_1534', 'bukhari_1744', 'bukhari_177', 'bukhari_4958', 'muslim_1431']"
C0660,"রাসূলুল্লাহ (সা.) বলেছেন যে, যাকাতের জন্য উট ও ভেড়ার নির্দিষ্ট পরিমাণ নির্ধারণ করা হয়েছে। উটের ক্ষেত্রে, ৫টি উটের জন্য ১টি ভেড়া, ১০টির জন্য ২টি, এবং ২০টির জন্য ৪টি ভেড়া দিতে হবে।","['bukhari_1454', 'muslim_411', 'muslim_4837', 'bukhari_6959', 'bukhari_1453']",True,False,"['bukhari_1454', 'bukhari_438', 'muslim_805', 'muslim_188', 'muslim_1489', 'bukhari_335', 'bukhari_1395', 'bukhari_2258', 'bukhari_6912', 'bukhari_4652']","['bukhari_1447', 'bukhari_1405', 'bukhari_4338', 'muslim_980', 'bukhari_5392', 'bukhari_5547', 'bukhari_2863', 'bukhari_5555', 'bukhari_3134', 'bukhari_3314']"
C0670,"রাসূলুল্লাহ (সাল্লাল্লাহু আলাইহি ওয়া সাল্লাম) বলেছেন, আমি তোমাদের জন্য মিসওয়াক ব্যবহারের গুরুত্ব সম্পর্কে অনেক কথা বলেছি।","['bukhari_888', 'muslim_6405', 'muslim_5656', 'muslim_1783', 'muslim_7425']",False,True,"['bukhari_5141', 'muslim_1729', 'bukhari_6824', 'muslim_2781', 'bukhari_5905', 'bukhari_450', 'bukhari_5309', 'bukhari_6171', 'bukhari_1611', 'muslim_796']","['bukhari_888', 'bukhari_7240', 'bukhari_887', 'muslim_3003', 'bukhari_1923', 'bukhari_6644', 'bukhari_6374', 'bukhari_2823', 'bukhari_245', 'bukhari_860']"
C0676,"রাসূলুল্লাহ (সাল্লাল্লাহু আলাইহি ওয়া সাল্লাম) বলেছেন, ""মুহাম্মদ এবং তাঁর পরিবারের উপর এমনভাবে সালাত পাঠাও, যেমন তুমি ইবরাহিমের উপর সালাত পাঠাও।""","['muslim_911', 'muslim_907', 'muslim_908', 'bukhari_4798', 'bukhari_4797']",False,True,"['bukhari_3370', 'bukhari_3369', 'bukhari_3273', 'bukhari_3272', 'bukhari_1109', 'bukhari_659', 'bukhari_5559', 'muslim_2458', 'bukhari_1269', 'bukhari_5390']","['bukhari_6360', 'bukhari_6358', 'bukhari_4797', 'bukhari_3369', 'bukhari_3514', 'bukhari_6625', 'bukhari_659', 'bukhari_7331', 'bukhari_6460', 'muslim_1369']"
C0690,"আমার এক বন্ধু বললেন, নবী মুহাম্মদ (সা.) বলেছেন যে, একজন মুসলিম নারীর জন্য তার স্বামী মারা গেলে তিন দিনের বেশি শোক পালন করা ঠিক নয়, তবে স্বামী মারা গেলে চার মাস এবং দশ দিন শোক পালন করা যায়।","['muslim_3728', 'muslim_3725', 'muslim_3726', 'muslim_3727', 'bukhari_1281']",True,False,"['bukhari_5339', 'bukhari_1282', 'bukhari_1281', 'bukhari_5335', 'muslim_1489', 'bukhari_1280', 'bukhari_5345', 'bukhari_5341', 'bukhari_5334', 'muslim_3727']","['bukhari_5339', 'bukhari_5340', 'muslim_1491', 'bukhari_5342', 'bukhari_5341', 'muslim_1489', 'bukhari_1279', 'bukhari_1086', 'bukhari_1907', 'bukhari_1087']"
C0693,মুহাম্মদ (সা.)-কে তাঁর পরিবারের প্রতি বিশেষ যত্ন নিতে বলা হয়েছে।,"['bukhari_3751', 'bukhari_3713', 'muslim_6225', 'muslim_314', 'muslim_6228']",False,True,"['bukhari_2409', 'muslim_1967', 'muslim_2401', 'muslim_1013', 'bukhari_3370', 'muslim_1055', 'bukhari_4639', 'muslim_994', 'muslim_1655', 'bukhari_893']","['bukhari_3751', 'bukhari_3052', 'bukhari_3713', 'bukhari_6460', 'muslim_1055', 'bukhari_2024', 'bukhari_688', 'bukhari_5200', 'bukhari_6222', 'bukhari_5849']"
C0694,"আমি শুনেছি যে রমজানের রোজা যদি কেউ রাখতে না পারে, তবে সে শাবান মাসে তা পূরণ করতে পারবে। এটি রাসূলুল্লাহ (সা.) এর একটি নির্দেশ।","['muslim_2687', 'bukhari_1950', 'muslim_2721', 'muslim_6009', 'muslim_716']",False,True,"['bukhari_1906', 'bukhari_46', 'bukhari_1909', 'bukhari_1900', 'bukhari_1896', 'muslim_1087', 'bukhari_2041', 'muslim_642', 'bukhari_1371', 'bukhari_87']","['bukhari_38', 'bukhari_556', 'bukhari_1950', 'bukhari_3569', 'bukhari_1909', 'muslim_1128', 'bukhari_37', 'bukhari_2001', 'bukhari_2013', 'bukhari_1892']"
C0697,নবী মুহাম্মদ (সা.)-এর চুল কান পর্যন্ত লম্বা ছিল।,"['muslim_6064', 'muslim_6069', 'muslim_6067', 'bukhari_5905', 'bukhari_3551']",False,True,"['bukhari_256', 'bukhari_1727', 'bukhari_5904', 'bukhari_5920', 'muslim_171', 'bukhari_185', 'bukhari_197', 'bukhari_199', 'bukhari_3944', 'bukhari_5894']","['bukhari_5905', 'bukhari_5904', 'bukhari_3551', 'bukhari_5906', 'bukhari_5903', 'bukhari_5900', 'bukhari_3548', 'bukhari_5901', 'muslim_2081', 'bukhari_3438']"
C0701,"আম্মা সেলমা বলেছেন, রাসূলুল্লাহ (সাল্লাল্লাহু আলাইহি ওয়া সাল্লাম) যখন সালাম দেন, তখন নারীরা তাঁর সালাম শেষ হওয়ার পর উঠে যায় এবং তিনি কিছুক্ষণ সেখানে দাঁড়িয়ে থাকেন।","['bukhari_875', 'bukhari_837', 'bukhari_870', 'bukhari_849', 'bukhari_850']",False,True,"['muslim_2841', 'muslim_2864', 'muslim_2897', 'muslim_195', 'muslim_1770', 'muslim_2689', 'muslim_772', 'muslim_187', 'muslim_666', 'bukhari_7200']","['bukhari_875', 'bukhari_837', 'bukhari_866', 'bukhari_870', 'bukhari_688', 'bukhari_5216', 'bukhari_867', 'bukhari_193', 'bukhari_3599', 'bukhari_115']"
C0710,"নবীজি বলেছেন, যারা বিবাহের সামর্থ্য রাখে তাদের বিয়ে করা উচিত, আর যারা বিয়ে করতে পারছে না, তাদের রোজা রাখা উচিত। এটি তাদের জন্য একটি নিরাপত্তা।","['muslim_3400', 'muslim_3398', 'bukhari_5066', 'bukhari_1905', 'bukhari_5065']",False,True,"['bukhari_6968', 'bukhari_3052', 'bukhari_4909', 'bukhari_4579', 'bukhari_6970', 'bukhari_5098', 'bukhari_5091', 'bukhari_2733', 'bukhari_5157', 'bukhari_4201']","['bukhari_5150', 'bukhari_5066', 'bukhari_1905', 'muslim_1466', 'bukhari_5090', 'bukhari_5119', 'bukhari_1521', 'bukhari_1894', 'muslim_1450', 'bukhari_5157']"
C0726,"রাসুলুল্লাহ (সা.) বলেছেন, যখন আমরা তাঁর সঙ্গে ছিলাম, তখন কিছু উট ও ভেড়া শিকার করা হয়। তিনি নির্দেশ দেন যে, শিকার করা পশুগুলোর জন্য আমাদের বিশেষভাবে আচরণ করতে হবে, কারণ তাদের মধ্যে কিছু বন্য প্রাণীর মতো আচরণ করে।","['bukhari_5498', 'muslim_5092', 'bukhari_2488', 'bukhari_2507', 'bukhari_3075']",True,False,"['bukhari_2488', 'muslim_1227', 'bukhari_5498', 'bukhari_3075', 'bukhari_5543', 'bukhari_2507', 'bukhari_5544', 'muslim_1924', 'bukhari_5780', 'bukhari_5781']","['bukhari_5487', 'bukhari_3690', 'bukhari_1829', 'muslim_1959', 'bukhari_2324', 'bukhari_7397', 'bukhari_3314', 'bukhari_5547', 'bukhari_3600', 'bukhari_5515']"
C0749,"নবী সাল্লাল্লাহু আলাইহি ওয়া সাল্লাম বলেছেন, আমাদের মধ্যে কেউ যদি জরায়ু অবস্থায় ঘুমাতে চায়, তাহলে তাকে প্রথমে ওজু করতে হবে এবং পরে যখন ইচ্ছে, তখন গোসল করতে হবে।","['muslim_703', 'bukhari_289', 'bukhari_287', 'muslim_6358', 'muslim_5947']",False,True,"['bukhari_703', 'bukhari_6230', 'muslim_308', 'muslim_225', 'bukhari_831', 'bukhari_1166', 'bukhari_4521', 'bukhari_6323', 'bukhari_6382', 'bukhari_1810']","['bukhari_288', 'bukhari_289', 'bukhari_290', 'bukhari_162', 'muslim_238', 'bukhari_286', 'bukhari_212', 'muslim_786', 'bukhari_213', 'bukhari_248']"
C0756,"আমি শুনেছি যে, الرحمان এর কথা সুলাইমান বিন বেলাল এর একটি বর্ণনার মতো।","['muslim_2013', 'muslim_6090', 'muslim_3759', 'muslim_2099', 'muslim_6232']",False,True,"['bukhari_6854', 'bukhari_5249', 'muslim_168', 'bukhari_977', 'bukhari_5298', 'muslim_2458', 'bukhari_7325', 'bukhari_3424', 'bukhari_978', 'muslim_1919']","['bukhari_5944.2', 'muslim_4045', 'muslim_6232', 'bukhari_2493', 'muslim_6299', 'muslim_6140', 'muslim_3297', 'muslim_7095', 'muslim_5335', 'muslim_5900']"
C0759,"নবী মুহাম্মদ (সা.) বলেছেন, যখন তিনি যুদ্ধের সময় ছিলেন, তখন এক মুহাজির একজন আনসারের ওপর আক্রমণ করেন। নবী (সা.) এ ঘটনার পর বলেন, ""জাহেলিয়াতের ডাক কেন?"" এবং এই ধরনের বিভেদমূলক আচরণ থেকে বিরত থাকতে নির্দেশ দেন।","['muslim_6583', 'bukhari_4905', 'bukhari_4907', 'bukhari_3518', 'muslim_6582']",True,False,"['muslim_1235', 'muslim_1787', 'muslim_1061', 'bukhari_4638', 'bukhari_4907', 'bukhari_5568', 'bukhari_599', 'bukhari_6414', 'bukhari_4905', 'bukhari_1293']","['bukhari_123', 'bukhari_3126', 'bukhari_4067', 'muslim_1557', 'bukhari_4561', 'bukhari_7257', 'bukhari_2943', 'bukhari_7458', 'bukhari_7187', 'bukhari_2559']"
C0762,"হজ্জাজ বিন ইউসুফ একবার আব্দুল্লাহকে জিজ্ঞেস করেছিলেন, আরাফার দিন কীভাবে নামাজ পড়তে হয়। আব্দুল্লাহ বলেছিলেন, তারা সাধারণত যোহর ও আসরের নামাজ একত্রে পড়তেন। সালেম বললেন, এটা তো রাসূলুল্লাহ (সা.)-এর سنت।","['bukhari_1662', 'bukhari_3665', 'muslim_2747', 'bukhari_1660', 'muslim_2636']",True,False,"['bukhari_1662', 'bukhari_1663', 'bukhari_6139', 'bukhari_1660', 'bukhari_1968', 'bukhari_473', 'bukhari_521', 'bukhari_522', 'bukhari_596', 'bukhari_967']","['bukhari_560', 'bukhari_1068', 'bukhari_891', 'bukhari_565', 'bukhari_577', 'bukhari_618', 'bukhari_1658', 'bukhari_778', 'bukhari_6310', 'bukhari_759']"
C0783,"নবী (সাল্লাল্লাহু আলাইহি ওয়া সাল্লাম) আলীকে বলেছিলেন যে, তিনি মূসার জন্য হারুনের মতো তাঁর কাছে বিশেষ স্থান পাবেন।","['muslim_6221', 'bukhari_3706', 'muslim_6218', 'muslim_6220', 'bukhari_4416']",False,True,"['bukhari_870', 'bukhari_875', 'bukhari_837', 'bukhari_4844', 'bukhari_3544', 'muslim_6989', 'muslim_6990', 'bukhari_579', 'muslim_796', 'bukhari_556']","['bukhari_3752', 'bukhari_4459', 'bukhari_3706', 'bukhari_3375', 'bukhari_4248', 'bukhari_4898', 'bukhari_3881', 'muslim_2409', 'bukhari_2720', 'bukhari_3657']"
C0789,"আমি শুনেছি যে, রাসূলুল্লাহ (সা.) বলেছেন যে, আড়াইয়ের ফল বিক্রি করা যেতে পারে তাদের পরিমাণ অনুযায়ী।","['muslim_3884', 'bukhari_2192', 'muslim_3876', 'muslim_3886', 'bukhari_2380']",False,True,"['muslim_2864', 'bukhari_3460', 'bukhari_2205', 'bukhari_2189', 'bukhari_5779', 'bukhari_5811', 'muslim_2879', 'bukhari_2087', 'bukhari_6726', 'bukhari_6725']","['bukhari_2190', 'bukhari_2188', 'bukhari_2380', 'bukhari_2329', 'bukhari_2716', 'bukhari_2087', 'bukhari_2206', 'bukhari_2204', 'muslim_1529', 'bukhari_2192']"
C0790,"রাসূলুল্লাহ (সা.) বলেছেন, আশুরার দিনে যদি কেউ খেয়ে থাকে, তাহলে তাদের বাকি দিনটি পূর্ণ করতে হবে। তিনি বলেছেন, যারা রোজা রেখেছে তাদের জন্যও এ নির্দেশ।","['bukhari_2007', 'bukhari_7265', 'muslim_306', 'muslim_2668', 'muslim_3514']",False,True,"['bukhari_3943', 'bukhari_1979', 'bukhari_1960', 'muslim_681', 'bukhari_1977', 'muslim_1227', 'bukhari_3942', 'muslim_624', 'bukhari_3831', 'muslim_1948']","['bukhari_7265', 'bukhari_1924', 'bukhari_2001', 'bukhari_2000', 'bukhari_1960', 'bukhari_4502', 'bukhari_1933', 'bukhari_2005', 'bukhari_2007', 'bukhari_6669']"
C0794,"আমার এক ভাই বলেছেন, عمر রাসূলুল্লাহ (সা.)-কে বলেছিলেন যে, রাতে তার উপর জেনাবা আসে। রাসূলুল্লাহ (সা.) তাকে বলেছিলেন, ""তুমি ওজু করো এবং তোমার অঙ্গ ধোও, তারপর ঘুমাও।""","['muslim_704', 'bukhari_290', 'muslim_7356', 'muslim_6214', 'muslim_5312']",False,True,"['muslim_2765', 'bukhari_2013', 'muslim_681', 'muslim_642', 'muslim_2396', 'bukhari_5796', 'bukhari_942', 'bukhari_5199', 'muslim_2545', 'bukhari_3569']","['bukhari_290', 'bukhari_1801', 'muslim_238', 'muslim_304', 'bukhari_6295', 'bukhari_1137', 'bukhari_6296', 'bukhari_212', 'muslim_2262', 'muslim_787']"
C0796,নবী সাল্লাল্লাহু আলাইহি ওয়া সাল্লামের আংটি ছিল রূপার এবং তার পাথরও রূপার তৈরি ছিল।,"['muslim_5481', 'bukhari_5870', 'muslim_5487', 'muslim_5486', 'muslim_5480']",False,True,"['muslim_405', 'muslim_407', 'muslim_2498', 'muslim_2841', 'muslim_163', 'muslim_2407', 'bukhari_5876', 'muslim_2797', 'bukhari_1301', 'bukhari_5873']","['bukhari_5870', 'bukhari_354', 'bukhari_5873', 'bukhari_6456', 'bukhari_1273', 'bukhari_5866', 'bukhari_5865', 'bukhari_1271', 'muslim_2081', 'bukhari_6651']"
C0799,"আমি শুনেছি যে নবী সাল্লাল্লাহু আলাইহি ওয়াসাল্লাম বলেছেন, যে ব্যক্তি আল্লাহ তাকে যে দায়িত্ব দিয়েছে, সেটি সঠিকভাবে পালন না করলে, সে জান্নাতের সুগন্ধও পাবে না।","['bukhari_7150', 'muslim_363', 'muslim_4729', 'muslim_5633', 'muslim_818']",False,True,"['bukhari_6047', 'bukhari_3348', 'bukhari_7560', 'bukhari_6801', 'bukhari_6657', 'bukhari_6766', 'bukhari_6767', 'bukhari_4850', 'bukhari_7152', 'bukhari_7213']","['bukhari_7150', 'bukhari_5673', 'bukhari_6056', 'bukhari_109', 'bukhari_5024', 'bukhari_6914', 'bukhari_7506', 'bukhari_71', 'bukhari_6954', 'bukhari_6569']"
C0828,"নবী মুহাম্মদ (সা.) বলেছেন, আমরা কিয়ামতের দিন শেষ জাতি, যাদের আগে অন্যরা কিতাব পেয়েছিল। আল্লাহ আমাদেরকে সেই দিন সঠিক পথ দেখিয়েছেন, যা অন্যরা বিভ্রান্ত হয়েছিল।","['muslim_1980', 'muslim_1978', 'bukhari_896', 'bukhari_897', 'muslim_1981']",True,False,"['bukhari_3487', 'bukhari_3486', 'bukhari_897', 'bukhari_896', 'bukhari_876', 'muslim_2665', 'bukhari_4154', 'muslim_681', 'muslim_2581', 'bukhari_4844']","['bukhari_6624', 'bukhari_238', 'bukhari_3487', 'bukhari_3486', 'bukhari_876', 'bukhari_7037', 'bukhari_7036', 'bukhari_3640', 'bukhari_7496', 'bukhari_7495']"
C0831,"আমি শুনেছি, রাসূলুল্লাহ (সা.) এর একটি চিঠি হারকুলের কাছে পাঠানো হয়েছিল, যেখানে তিনি ইসলাম গ্রহণের আহ্বান জানিয়েছেন। হারকুল এই চিঠির বক্তব্য শুনে বলেছিলেন, যদি এটি সত্যি হয়, তবে তিনি একজন নবী।","['muslim_4607', 'bukhari_4553', 'bukhari_2940', 'bukhari_2941', 'bukhari_7']",True,False,"['muslim_2474', 'muslim_832', 'muslim_382', 'muslim_868', 'bukhari_3658', 'bukhari_4480', 'bukhari_4553', 'bukhari_7', 'muslim_834', 'muslim_681']","['bukhari_7322', 'bukhari_2714', 'bukhari_5811', 'bukhari_7204', 'muslim_1054', 'bukhari_2715', 'bukhari_2157', 'bukhari_3787', 'bukhari_3112', 'bukhari_57']"
C0832,"রাসূলুল্লাহ (সাল্লাল্লাহু আলাইহি ওয়া সাল্লাম) অসুস্থ অবস্থায় যখন অচেতন হয়ে পড়লেন, তখন তিনি জ্ঞান ফিরে পেয়ে বললেন, ""নামাজের সময় হয়েছে?"" এবং বললেন, ""বিলালকে বলো আযান দিতে এবং আবু বকরকে বলো মানুষের নামাজ পড়াতে।"" এরপর তিনি আবার অচেতন হয়ে গেলেন।","['muslim_941', 'muslim_940', 'muslim_936', 'muslim_949', 'bukhari_678']",True,False,"['bukhari_2690', 'bukhari_678', 'bukhari_7190', 'bukhari_664', 'bukhari_712', 'bukhari_604', 'muslim_832', 'bukhari_603', 'bukhari_1218', 'bukhari_1675']","['bukhari_5016', 'bukhari_212', 'bukhari_7309', 'bukhari_688', 'bukhari_1153', 'bukhari_640', 'bukhari_1232', 'bukhari_703', 'bukhari_1672', 'bukhari_213']"
C0842,"রাসূলুল্লাহ (সা.) বলেছেন যে, নারীদের মধ্যে যারা যুবতী, বিবাহিত এবং ঋতুস্রাবের সময় নয়, তাদেরকে মুসলমানদের কল্যাণ ও দোয়ার অনুষ্ঠানে উপস্থিত থাকতে হবে।","['bukhari_1652', 'muslim_2054', 'bukhari_324', 'bukhari_980', 'bukhari_351']",True,False,"['bukhari_981', 'bukhari_1652', 'bukhari_980', 'bukhari_324', 'bukhari_5286', 'bukhari_2733', 'bukhari_3059', 'bukhari_4594', 'bukhari_4990', 'bukhari_2831']","['bukhari_5339', 'bukhari_981', 'bukhari_5109', 'bukhari_1431', 'muslim_294', 'bukhari_1204', 'muslim_1026', 'bukhari_5238', 'muslim_299', 'bukhari_899']"
C0846,"আমি শুনেছি যে, রাসূলুল্লাহ (সা.) আল্লাহর কাছে এই দোয়া করতেন: ""হে আল্লাহ, আমি অলসতা, ভীরুতা, কৃপণতা, বার্ধক্য এবং কবরে শাস্তি থেকে আপনার কাছে আশ্রয় চাই।"" তিনি আরও বলতেন, ""হে আল্লাহ, আমার অন্তরকে সঠিক পথে পরিচালিত করুন এবং আমাকে অকার্যকর জ্ঞান, অশান্ত হৃদয়, অশান্ত আত্মা এবং অকার্যকর দোয়া থেকে রক্ষা করুন।""","['muslim_6906', 'muslim_6873', 'muslim_6871', 'bukhari_2823', 'bukhari_6367']",False,True,"['bukhari_6377', 'muslim_2722', 'bukhari_6375', 'bukhari_6368', 'muslim_590', 'bukhari_6365', 'bukhari_6390', 'bukhari_6376', 'muslim_589', 'bukhari_832']","['bukhari_6367', 'bukhari_2823', 'bukhari_6369', 'bukhari_6616', 'bukhari_6371', 'bukhari_1377', 'bukhari_2397', 'muslim_2739', 'muslim_2720', 'bukhari_6374']"
C0850,"নবী (সাল্লাল্লাহু আলাইহি ওয়াসাল্লাম) বলেছেন, যে ব্যক্তি তার সম্পত্তির জন্য লড়াই করে এবং মারা যায়, সে শহীদ।","['bukhari_2480', 'muslim_4941', 'muslim_361', 'muslim_7422', 'muslim_4387']",False,True,"['bukhari_5733', 'bukhari_6913', 'bukhari_653', 'bukhari_654', 'bukhari_652', 'muslim_1914', 'bukhari_5371', 'bukhari_2795', 'bukhari_2298', 'bukhari_6006']","['bukhari_2480', 'bukhari_6763', 'muslim_1910', 'bukhari_2398', 'bukhari_5733', 'bukhari_3126', 'bukhari_5353', 'bukhari_721', 'bukhari_720', 'bukhari_7458']"
C0858,"ইব্রাহিম আলাইহিস সালামের স্ত্রী হজরাত আম্মা ইসমাইল পানির জন্য দৌড়াতে দৌড়াতে যখন অসহায় হয়ে পড়েছিলেন, তখন আল্লাহর নির্দেশে জিব্রাইল আঃ মাটিতে পা মারলে পানি বের হয়। এরপর সেই পানি পান করে তিনি তাঁর সন্তানের জন্য দুধ উৎপন্ন করতে সক্ষম হন।","['bukhari_3365', 'muslim_1911', 'muslim_1562', 'muslim_409', 'muslim_6322']",True,False,"['bukhari_3365', 'bukhari_3364', 'muslim_1754', 'bukhari_3362', 'bukhari_3363', 'muslim_2039', 'bukhari_3571', 'bukhari_2368', 'bukhari_5637', 'muslim_1484']","['bukhari_2368', 'bukhari_222', 'bukhari_6950', 'bukhari_6121', 'bukhari_282', 'bukhari_217', 'bukhari_5882', 'bukhari_515', 'bukhari_5999', 'muslim_739']"
C0865,"আমি শুনেছি যে, একজন ব্যক্তি বলেছিলেন যে তিনি নামাজ পড়ছেন, কিন্তু তার উদ্দেশ্য ছিল আপনাদেরকে দেখানো যে তিনি কিভাবে রাসূলুল্লাহ (সা.)-কে নামাজ পড়তে দেখেছেন। তিনি প্রথম রাকাতে সেজদা শেষ করার পর মাথা উঁচু করেছিলেন।","['bukhari_677', 'bukhari_824', 'muslim_1060', 'muslim_2091', 'muslim_3690']",True,False,"['bukhari_824', 'muslim_642', 'bukhari_4559', 'bukhari_1180', 'bukhari_1181', 'bukhari_4069', 'bukhari_736', 'bukhari_818', 'bukhari_819', 'muslim_832']","['bukhari_799', 'bukhari_735', 'bukhari_5616', 'bukhari_4559', 'bukhari_6670', 'bukhari_753', 'bukhari_736', 'bukhari_825', 'muslim_772', 'bukhari_738']"
C0868,"রাসূলুল্লাহ (সা.) বলেন, যখন আমরা হজে বের হয়েছিলাম, তখন আবু কাতাদা একটি বন্য গাধাকে শিকার করেন এবং আমরা তার মাংস খাই। যখন আমরা বললাম যে আমরা তো ইহরামবন্দী, তিনি বললেন, যদি কেউ তাকে কিছু করতে বলেনি, তাহলে তোমরা মাংস খেতে পার।","['muslim_2855', 'bukhari_1824', 'muslim_1562', 'muslim_2854', 'muslim_4998']",True,False,"['bukhari_1824', 'muslim_1195', 'bukhari_1719', 'bukhari_3075', 'bukhari_2854', 'bukhari_5407', 'bukhari_1822', 'bukhari_1821', 'bukhari_5544', 'muslim_3023']","['bukhari_5535', 'bukhari_5489', 'bukhari_5649', 'bukhari_4226', 'bukhari_5477', 'bukhari_5511', 'bukhari_3997', 'bukhari_5373', 'bukhari_7397', 'muslim_1197']"
C0895,"আল্লাহ আমাদের ইসলাম ও মুহাম্মদ (সা.) এর মাধ্যমে সমৃদ্ধ করবেন। আবু আবদুল্লাহ বলেছেন, এটি আমাদের জন্য একটি আশীর্বাদ।","['bukhari_7271', 'muslim_4418', 'muslim_6479', 'muslim_5034', 'muslim_4683']",False,True,"['bukhari_3938', 'bukhari_4480', 'bukhari_3031', 'bukhari_4210', 'bukhari_3329', 'bukhari_2669', 'bukhari_2670', 'muslim_1801', 'bukhari_7541', 'bukhari_7095']","['bukhari_3684', 'bukhari_4898', 'muslim_1369', 'muslim_2516', 'muslim_918', 'bukhari_2549', 'bukhari_55', 'bukhari_7271', 'bukhari_3863', 'bukhari_5351']"
C0898,"আয়েশা বলেছেন, আমরা রাসূলুল্লাহ (সা.)-কে বেছে নিয়েছিলাম এবং তিনি আমাদের জন্য কিছু নির্ধারণ করেননি।","['muslim_3688', 'muslim_3687', 'bukhari_5262', 'muslim_3684', 'muslim_4834']",False,True,"['bukhari_6623', 'bukhari_7056', 'bukhari_7055', 'bukhari_6649', 'bukhari_3136', 'bukhari_3133', 'bukhari_4615', 'bukhari_321', 'bukhari_6718', 'muslim_1787']","['bukhari_5262', 'muslim_7478', 'bukhari_6126', 'bukhari_6338', 'bukhari_6853', 'muslim_7112', 'muslim_7111', 'bukhari_3560', 'bukhari_5756', 'bukhari_5398']"
C0903,"নবী সাল্লাল্লাহু আলাইহি ওয়াসাল্লাম বলেছেন, নারীদের তাদের শরীরের বিষয়ে অনুমতি নিতে হবে। যখন বলা হয় যে, কুমারী নারীরা লজ্জা পায় এবং চুপ থাকে, তিনি বলেছেন, এটি তাদের সম্মতি।","['bukhari_6946', 'muslim_3473', 'muslim_411', 'bukhari_5136', 'muslim_2798']",False,True,"['muslim_2396', 'bukhari_6965', 'muslim_2397', 'muslim_1887', 'muslim_3005', 'muslim_1478', 'bukhari_4574', 'muslim_2401', 'bukhari_4993', 'muslim_1920']","['bukhari_6946', 'bukhari_6971', 'bukhari_5137', 'bukhari_5136', 'bukhari_899', 'bukhari_1204', 'bukhari_865', 'bukhari_4893', 'muslim_1420', 'bukhari_4788']"
C0912,"নবী সাল্লাল্লাহু আলাইহি ওয়াসাল্লাম বলেছেন, তিনি মসজিদের কিবলার দিকে থুথু দেখতে পেয়েছিলেন। তিনি এ সম্পর্কে আলোচনা করেছেন যে, এটি মালিকের কথার সাথে সম্পর্কিত।","['muslim_1224', 'muslim_1225', 'bukhari_407', 'muslim_1228', 'bukhari_753']",False,True,"['bukhari_749', 'bukhari_477', 'muslim_172', 'bukhari_219', 'bukhari_6253', 'bukhari_2119', 'bukhari_4488', 'bukhari_5271', 'bukhari_5272', 'bukhari_406']","['bukhari_405', 'bukhari_6272', 'bukhari_407', 'bukhari_417', 'bukhari_1621', 'bukhari_7128', 'bukhari_753', 'bukhari_2467', 'bukhari_3597', 'bukhari_3734']"
C0915,"নবী (সা.) বলেছেন, যে ব্যক্তি তার ভাইকে কাফের বলে ডাকে, সে উভয়েই এর জন্য দায়ী হয়।","['bukhari_6104', 'muslim_216', 'bukhari_6103', 'muslim_215', 'muslim_4189']",False,True,"['bukhari_7138', 'bukhari_5188', 'bukhari_2554', 'bukhari_2558', 'bukhari_2409', 'bukhari_2745', 'bukhari_893', 'bukhari_6749', 'bukhari_2751', 'bukhari_5200']","['bukhari_6103', 'bukhari_6104', 'muslim_2587', 'bukhari_7076', 'bukhari_6768', 'bukhari_4246', 'bukhari_4247', 'bukhari_2677', 'bukhari_2676', 'muslim_1853']"
C0941,"নবীজি (সাল্লাল্লাহু আলাইহি ওয়াসাল্লাম) বলেছেন, তোমাদের মধ্যে কেউ যেন তার ভাইয়ের বিক্রির উপর বিক্রি না করে।","['bukhari_2139', 'muslim_3811', 'muslim_3458', 'bukhari_2165', 'muslim_6537']",False,True,"['bukhari_3167', 'bukhari_6944', 'muslim_1765', 'bukhari_2745', 'bukhari_13', 'bukhari_2619', 'bukhari_5981', 'bukhari_5684', 'bukhari_3861', 'bukhari_6131']","['bukhari_2139', 'bukhari_2160', 'bukhari_2140', 'bukhari_2723', 'bukhari_5142', 'bukhari_2150', 'bukhari_2177', 'bukhari_7072', 'bukhari_2165', 'bukhari_6076']"
C0982,"রাসূলুল্লাহ (সা.) বলেছেন, যখন তিনি হাশেমী ও মুতালিব পরিবারের মধ্যে ভাগ বণ্টন করছিলেন, তখন আমি ও উসমান (রা.) তাঁর কাছে গিয়েছিলাম এবং বলেছিলাম, ""হাশেমীরা আপনার কাছে বিশেষ মর্যাদা পায়, কিন্তু মুতালিবদেরও তো আমাদের মতোই আপনার সাথে সম্পর্ক রয়েছে।"" রাসূল (সা.) তখন বললেন, ""তারা আমার সাথে ছিল, তাই হাশেমী ও মুতালিব একসাথে।""","['bukhari_3502', 'bukhari_3140', 'bukhari_4229', 'muslim_3175', 'bukhari_1590']",False,True,"['muslim_681', 'muslim_832', 'muslim_2503', 'muslim_112', 'bukhari_6933', 'muslim_2039', 'muslim_1763', 'muslim_834', 'muslim_2873', 'muslim_1901']","['bukhari_5369', 'bukhari_6635', 'bukhari_2680', 'bukhari_3502', 'bukhari_6008', 'bukhari_6332', 'bukhari_6264', 'bukhari_3735', 'bukhari_6967', 'bukhari_7169']"
C0999,"নবী মুহাম্মদ (সা.) বলেছেন যে, তিনি যখন ক্ষুধার্ত থাকতেন, তখন তিনি মাটিতে শুয়ে থাকতেন এবং অন্যদের কাছে খাবারের জন্য অনুরোধ করতেন। তিনি বলেন, জাফর বিন আবি তালিব ছিলেন গরীবদের জন্য সবচেয়ে ভালো মানুষ, যিনি তাদের খাবার দিতেন, এমনকি কখনও কখনও খালি পাত্রও নিয়ে আসতেন, যাতে তারা তা থেকে কিছু খেতে পারে।","['bukhari_5432', 'bukhari_3708', 'muslim_3336', 'muslim_4043', 'muslim_1258']",True,False,"['bukhari_602', 'muslim_2406', 'muslim_2039', 'muslim_2689', 'bukhari_5432', 'bukhari_4539', 'bukhari_4101', 'muslim_112', 'muslim_1721', 'muslim_1971']","['bukhari_252', 'muslim_1028', 'bukhari_1130', 'bukhari_491', 'bukhari_1764', 'bukhari_1160', 'bukhari_541', 'bukhari_1476', 'bukhari_288', 'bukhari_5356']"
C1001,"একজন ব্যক্তি নবী মুহাম্মদ (সা.)-এর কাছে এসে বললেন যে তিনি খুব ক্লান্ত। নবী (সা.) তাঁর স্ত্রীদের কাছে খাবারের জন্য পাঠালেন, কিন্তু সবাই বললেন যে তাদের কাছে শুধু পানি আছে। এরপর একজন আনসার ব্যক্তি বললেন যে তিনি অতিথিকে রাতের খাবার দেবেন এবং তাঁর স্ত্রীকে বললেন যে শিশুদের খাবার দিয়ে অতিথিকে দেখাতে হবে যেন মনে হয় তারা খাচ্ছে। পরদিন নবী (সা.) বললেন যে আল্লাহ তাঁদের এই কাজ দেখে খুব খুশি হয়েছেন।","['muslim_5359', 'bukhari_4889', 'muslim_5362', 'muslim_885', 'muslim_4622']",True,False,"['bukhari_1915', 'bukhari_4889', 'bukhari_602', 'muslim_681', 'bukhari_6019', 'bukhari_4101', 'muslim_2474', 'bukhari_3798', 'bukhari_5390', 'bukhari_2481']","['bukhari_670', 'bukhari_3575', 'bukhari_5616', 'bukhari_2081', 'bukhari_1179', 'muslim_2569', 'bukhari_380', 'bukhari_6080', 'muslim_767', 'bukhari_3572']"
C1002,"আমি শুনেছি, সোহেল বিন সাদ বলেছেন যে, রাসূলুল্লাহ (সা.) তাঁর জীবনে কখনো নকী (নিষ্কাশিত) খাদ্য খাননি। তিনি আরও বলেছেন যে, রাসূল (সা.) যখন ছিলেন, তখন তারা নকী না করে, গম পিষে বাতাসে উড়িয়ে খেতেন।","['bukhari_5413', 'muslim_1562', 'muslim_4669', 'muslim_6966', 'muslim_3743']",False,True,"['muslim_1948', 'muslim_2034', 'bukhari_4220', 'muslim_2105', 'bukhari_602', 'muslim_681', 'bukhari_4362', 'bukhari_6141', 'bukhari_3581', 'bukhari_4195']","['bukhari_5398', 'bukhari_5409', 'muslim_1077', 'bukhari_5413', 'bukhari_3563', 'bukhari_2072', 'bukhari_2137', 'bukhari_208', 'bukhari_2073', 'bukhari_1102']"
C1015,নবী সাল্লাল্লাহু আলাইহি ওয়াসাল্লাম একজন মৃত ব্যক্তির জন্য দাফনের পর নামাজ পড়েছিলেন।,"['muslim_2211', 'muslim_7418', 'bukhari_1340', 'muslim_3728', 'muslim_7502']",False,True,"['bukhari_1229', 'bukhari_1230', 'bukhari_7250', 'bukhari_6051', 'bukhari_4112', 'bukhari_1051', 'bukhari_945', 'bukhari_1103', 'bukhari_532', 'bukhari_792']","['bukhari_1340', 'bukhari_332', 'bukhari_4085', 'bukhari_1331', 'bukhari_2295', 'bukhari_3881', 'bukhari_1321', 'bukhari_3879', 'bukhari_1245', 'bukhari_1334']"
C1028,"নবী সাল্লাল্লাহু আলাইহি ওয়াসাল্লাম শুক্রবারের খুতবার সময় মানুষদের কাছে এসে বলেছিলেন, ""বৃষ্টি নেই, গাছ শুকিয়ে যাচ্ছে এবং পশুরা মারা যাচ্ছে।""","['muslim_2080', 'bukhari_1021', 'muslim_2079', 'muslim_4043', 'muslim_4101']",True,False,"['bukhari_2488', 'bukhari_1021', 'bukhari_1120', 'bukhari_2057', 'muslim_1484', 'bukhari_2507', 'bukhari_3348', 'bukhari_4897', 'bukhari_2759', 'bukhari_1013']","['muslim_2790', 'bukhari_5789', 'bukhari_1016', 'bukhari_1874', 'bukhari_932', 'bukhari_3200', 'muslim_2904', 'muslim_2569', 'muslim_2791', 'bukhari_6521']"
C1031,"আবু হামজা বলেছেন, যে ব্যক্তি আল্লাহর একত্বের সাক্ষ্য দেয় এবং মুহাম্মদ (স.)-কে তাঁর রাসূল হিসেবে মেনে নেয়, সে মুসলিম। তার রক্ত ও সম্পদ মুসলিমদের মতোই নিরাপদ।","['bukhari_393', 'bukhari_391', 'muslim_4589', 'muslim_279', 'bukhari_392']",False,True,"['bukhari_105', 'muslim_2490', 'bukhari_1465', 'muslim_2581', 'muslim_2554', 'bukhari_1403', 'bukhari_1369', 'bukhari_104', 'bukhari_6638', 'bukhari_67']","['bukhari_393', 'muslim_1054', 'bukhari_6878', 'bukhari_391', 'bukhari_5733', 'bukhari_2157', 'bukhari_57', 'bukhari_4699', 'bukhari_1240', 'bukhari_6022']"
C1041,"রাসূলুল্লাহ (সাল্লাল্লাহু আলাইহি ওয়াসাল্লাম) বলেছেন, হাতিব বিন আবি বালতাআর কাছে একটি চিঠি পাওয়া গেছে, যা তিনি মক্কার কিছু কাফিরদের কাছে পাঠিয়েছিলেন। তিনি বলেছিলেন যে, তিনি এটি কেবল তার পরিবারের নিরাপত্তার জন্য করেছেন, কিন্তু রাসূল (সাল্লাল্লাহু আলাইহি ওয়াসাল্লাম) তাকে মাফ করে দিয়েছেন।","['muslim_6401', 'bukhari_3007', 'bukhari_4274', 'bukhari_4890', 'bukhari_3983']",True,False,"['muslim_1294', 'muslim_834', 'muslim_2474', 'bukhari_3983', 'muslim_1948', 'bukhari_6480', 'bukhari_6259', 'bukhari_5316', 'bukhari_5310', 'muslim_1235']","['bukhari_4424', 'bukhari_3514', 'bukhari_2939', 'bukhari_7264', 'bukhari_3375', 'bukhari_2757', 'bukhari_4018', 'bukhari_2008', 'bukhari_4381', 'bukhari_3513']"
C1043,"নবী (সা) বলেছেন, এক ব্যবসায়ী ছিল যে মানুষের কাছে ঋণ নিত। যখন তিনি দেখতেন কেউ অসচ্ছল, তখন তিনি তার সেবকদের বলতেন, তাদের প্রতি দয়া করো, কারণ আল্লাহ আমাদের প্রতি দয়া করবেন। আল্লাহ সত্যিই তার প্রতি দয়া করেছেন।","['bukhari_2078', 'muslim_3998', 'bukhari_3480', 'muslim_3997', 'muslim_4621']",False,True,"['bukhari_7330', 'bukhari_2080', 'muslim_188', 'bukhari_7410', 'bukhari_2303', 'bukhari_2302', 'muslim_163', 'bukhari_5432', 'bukhari_6927', 'bukhari_4809']","['bukhari_2078', 'bukhari_3480', 'bukhari_1438', 'bukhari_2401', 'bukhari_2076', 'bukhari_2306', 'bukhari_3321', 'bukhari_2391', 'bukhari_2606', 'bukhari_7164']"
C1051,নবী (সাল্লাল্লাহু আলাইহি ওয়া সাল্লাম) একদিন যুদ্ধের সময় তাদের সাথে সালাত আদায় করেছেন।,"['bukhari_4126', 'muslim_1942', 'muslim_1656', 'muslim_5196', 'muslim_2261']",False,True,"['bukhari_4137', 'bukhari_4136', 'bukhari_1682', 'bukhari_1675', 'bukhari_7035', 'bukhari_748', 'bukhari_1092', 'bukhari_1091', 'bukhari_4314', 'bukhari_2812']","['bukhari_4126', 'muslim_841', 'bukhari_4127', 'bukhari_3594', 'bukhari_4132', 'bukhari_4054', 'bukhari_6531', 'bukhari_2900', 'bukhari_1346', 'bukhari_1083']"
C1057,"আমি মসজিদে বসে ছিলাম, তখন একজন ব্যক্তি প্রবেশ করলেন যাঁর মুখে গভীর বিনয় ছিল। সবাই বলল, ""এটি জান্নাতের একজন মানুষ।"" তিনি দুই রাকাত নামাজ পড়ে বেরিয়ে গেলেন। আমি তাঁর পেছনে গিয়ে বললাম, ""আপনি যখন মসজিদে প্রবেশ করলেন, তখন সবাই বলল আপনি জান্নাতের মানুষ।"" তিনি বললেন, ""কেউ এমন কথা বলা উচিত নয় যা সে জানে না। আমি নবী মুহাম্মদ (সা.)-এর সময় একটি স্বপ্ন দেখেছিলাম এবং সেটি তাঁকে বলেছিলাম।""","['muslim_6381', 'bukhari_3813', 'bukhari_7014', 'muslim_6382', 'muslim_6383']",True,False,"['bukhari_3813', 'muslim_1235', 'muslim_712', 'muslim_681', 'muslim_834', 'muslim_2474', 'muslim_2409', 'muslim_2765', 'muslim_188', 'muslim_832']","['bukhari_3679', 'bukhari_1167', 'bukhari_7024', 'bukhari_444', 'bukhari_931', 'bukhari_3192', 'bukhari_3691', 'bukhari_5982', 'bukhari_7424', 'muslim_712']"
C1058,"রাসূলুল্লাহ (সা.) বলেছেন, যাকাতের জন্য উট এবং ভেড়ার নির্দিষ্ট পরিমাণ নির্ধারণ করা হয়েছে। উটের সংখ্যা অনুযায়ী যাকাত দিতে হলে পাঁচটি উটের জন্য একটি, দশটির জন্য দুটি এবং বিশাল সংখ্যার জন্য আরও বেশি দিতে হবে।","['bukhari_1454', 'muslim_411', 'muslim_4837', 'bukhari_6959', 'bukhari_1453']",True,False,"['bukhari_6958', 'bukhari_6957', 'bukhari_1454', 'bukhari_1405', 'muslim_2691', 'bukhari_1447', 'bukhari_6956', 'bukhari_438', 'bukhari_6636', 'bukhari_335']","['bukhari_1447', 'bukhari_1405', 'bukhari_4338', 'muslim_980', 'bukhari_3134', 'bukhari_2863', 'bukhari_5547', 'bukhari_5555', 'bukhari_1826', 'bukhari_3314']"
C1066,"রাসূলুল্লাহ (সাল্লাল্লাহু আলাইহি ওয়া সাল্লাম) বলেছেন, আশুরার দিনে কিছু লোক সিয়াম পালন করতেন, তাই যিনি চান তিনি সিয়াম পালন করতে পারেন এবং যিনি চান তিনি তা ত্যাগ করতে পারেন।","['muslim_2647', 'muslim_2642', 'muslim_2637', 'muslim_2638', 'bukhari_2002']",True,False,"['bukhari_1893', 'bukhari_1592', 'bukhari_3831', 'bukhari_4504', 'bukhari_1960', 'bukhari_2007', 'bukhari_2002', 'bukhari_7265', 'bukhari_4502', 'bukhari_2000']","['bukhari_2000', 'bukhari_2001', 'bukhari_7265', 'bukhari_2005', 'bukhari_2007', 'bukhari_1923', 'bukhari_1892', 'bukhari_2003', 'bukhari_1924', 'muslim_1241']"
C1067,"নবী (সাল্লাল্লাহু আলাইহি ওয়া সাল্লাম) বলেছেন, ফরজ কাজগুলোকে তাদের প্রাপ্য ব্যক্তিদের কাছে পৌঁছে দিতে হবে, এবং যা অবশিষ্ট থাকবে, তা প্রথম পুরুষের জন্য।","['muslim_4142', 'muslim_4141', 'bukhari_6737', 'bukhari_6746', 'bukhari_6735']",False,True,"['bukhari_1675', 'muslim_1235', 'bukhari_472', 'muslim_1747', 'bukhari_1641', 'bukhari_1642', 'bukhari_759', 'bukhari_547', 'bukhari_1614', 'bukhari_1615']","['bukhari_6735', 'bukhari_6737', 'bukhari_6746', 'bukhari_6732', 'bukhari_5855', 'bukhari_2674', 'bukhari_4898', 'bukhari_2398', 'bukhari_2632', 'bukhari_6434']"
C1071,"রাসূলুল্লাহ (সা.) একবার খুতবা দিচ্ছিলেন, তখন একজন এসে বললেন, ""হে রাসূল, আমাদের সম্পদ শেষ হয়ে যাচ্ছে এবং পথ বন্ধ হয়ে গেছে, আল্লাহর কাছে দোয়া করুন আমাদের সাহায্য করুন।"" রাসূল (সা.) তিনবার আল্লাহর কাছে দোয়া করলেন এবং তারপর আকাশ থেকে মেঘ এসে বৃষ্টি পড়ল। পরে, আবার একই ব্যক্তি এসে একই সমস্যার কথা বললে, রাসূল (সা.) আল্লাহর কাছে দোয়া করলেন যেন বৃষ্টি আমাদের উপর না পড়ে, এবং এরপর আমরা রোদে হাঁটতে পারলাম।","['muslim_2078', 'bukhari_1014', 'bukhari_1013', 'bukhari_1017', 'bukhari_1019']",True,False,"['bukhari_1014', 'bukhari_1020', 'bukhari_6342', 'bukhari_1016', 'bukhari_933', 'bukhari_1013', 'bukhari_6093', 'bukhari_3582', 'bukhari_1033', 'bukhari_1021']","['muslim_898', 'bukhari_1016', 'bukhari_1145', 'bukhari_1012', 'bukhari_669', 'bukhari_6343', 'bukhari_7250', 'bukhari_1023', 'bukhari_1010', 'bukhari_7494']"
C1075,"নবী মুহাম্মদ (সা.) বলেছেন, আমাদের নিজেদের সম্পর্কে খারাপ কথা বলা উচিত নয়, বরং আমাদের বলা উচিত যে আমরা নিজেদেরকে পরীক্ষা করছি।","['muslim_5880', 'muslim_5878', 'bukhari_6179', 'bukhari_6180', 'muslim_6892']",False,True,"['bukhari_3060', 'muslim_1120', 'bukhari_4250', 'muslim_125', 'muslim_1787', 'bukhari_7510', 'muslim_1801', 'bukhari_4928', 'muslim_2512', 'bukhari_7521']","['bukhari_69', 'bukhari_3416', 'bukhari_6031', 'bukhari_6046', 'bukhari_5756', 'bukhari_4603', 'bukhari_6180', 'bukhari_810', 'bukhari_7079', 'muslim_2251']"
C1087,"নবী মুহাম্মদ (সা.) নামাজ শেষ করার পর এই দোয়া পড়তেন: ""আল্লাহ ছাড়া কোন মাবুদ নেই, তিনি একক, তাঁরই রাজত্ব এবং প্রশংসা, এবং তিনি সবকিছুর ওপর ক্ষমতাশালী।""","['muslim_1338', 'bukhari_6330', 'muslim_1071', 'muslim_1072', 'bukhari_844']",True,False,"['muslim_385', 'bukhari_831', 'bukhari_1154', 'bukhari_844', 'bukhari_1797', 'muslim_868', 'muslim_2691', 'bukhari_6265', 'muslim_2696', 'bukhari_7499']","['muslim_1343', 'bukhari_4852', 'bukhari_7431', 'bukhari_1797', 'bukhari_627', 'bukhari_2157', 'muslim_385', 'muslim_2691', 'bukhari_6321', 'bukhari_354']"
C1101,"আয়েশা বলেছেন, আমরা রাসূলুল্লাহ (সা.)-কে বেছে নিয়েছিলাম এবং তিনি আমাদের জন্য কিছু নির্ধারণ করেননি।","['muslim_3688', 'muslim_3687', 'bukhari_5262', 'muslim_3684', 'muslim_4834']",False,True,"['bukhari_6623', 'bukhari_7056', 'bukhari_7055', 'bukhari_6649', 'bukhari_3136', 'bukhari_3133', 'bukhari_4615', 'bukhari_321', 'bukhari_6718', 'muslim_1787']","['bukhari_5262', 'muslim_7478', 'bukhari_6126', 'bukhari_6338', 'bukhari_6853', 'muslim_7112', 'muslim_7111', 'bukhari_3560', 'bukhari_5756', 'bukhari_5398']"
C1104,নবীজী (সাল্লাল্লাহু আলাইহি ওয়াসাল্লাম) মুজদালিফায় দুইটি নামাজ একসাথে আদায় করেছেন এবং এর আগে বা পরে কোনো নফল নামাজ পড়েননি।,"['bukhari_1673', 'muslim_3114', 'muslim_6694', 'muslim_5154', 'muslim_3855']",False,True,"['muslim_729', 'muslim_765', 'muslim_834', 'muslim_2093', 'muslim_726', 'bukhari_937', 'muslim_836', 'muslim_1718', 'bukhari_995', 'bukhari_5881']","['bukhari_989', 'bukhari_592', 'bukhari_590', 'bukhari_5883', 'bukhari_1673', 'bukhari_1225', 'bukhari_1682', 'bukhari_964', 'bukhari_5881', 'bukhari_715']"
C1106,"আমরা জানি, আবদুল্লাহ বিন জাইদ বলেছেন যে, রাসূলুল্লাহ (সা.) যখন ওযু করতেন, তখন তিনি প্রথমে হাত ধোতেন, তারপর মুখ, এবং শেষ পর্যন্ত পা ধোতেন। তিনি মাথাও মুছতেন এবং এভাবে ওযু সম্পন্ন করতেন।","['bukhari_185', 'muslim_557', 'muslim_555', 'bukhari_186', 'muslim_538']",True,False,"['bukhari_197', 'muslim_2969', 'bukhari_185', 'bukhari_1840', 'bukhari_186', 'bukhari_191', 'bukhari_272', 'bukhari_273', 'bukhari_192', 'bukhari_199']","['bukhari_248', 'bukhari_5017', 'bukhari_197', 'bukhari_272', 'bukhari_273', 'bukhari_191', 'bukhari_158', 'bukhari_257', 'bukhari_262', 'bukhari_182']"
C1126,"আমি শুনেছি যে নবী (সাল্লাল্লাহু আলাইহি ওয়াসাল্লাম) বলেছেন, কুমারী মেয়ের বিয়ের পর সাত দিন ধরে তার জন্য অনুষ্ঠান করা উচিত।","['muslim_3627', 'bukhari_5214', 'muslim_3626', 'bukhari_5213', 'muslim_2741']",False,True,"['bukhari_5159', 'muslim_1489', 'bukhari_3487', 'bukhari_3486', 'muslim_3005', 'muslim_1721', 'bukhari_876', 'muslim_834', 'bukhari_324', 'bukhari_5085']","['bukhari_5213', 'bukhari_5214', 'bukhari_5339', 'bukhari_5119', 'bukhari_1910', 'bukhari_898', 'bukhari_6476', 'bukhari_5054', 'bukhari_1087', 'bukhari_6970']"
C1137,"আম হরাম, আনসারের খালা, বলেছেন যে একদিন নবী (সা.) আমাদের কাছে এসেছিলেন এবং হাসতে হাসতে জেগে উঠলেন। তিনি বললেন, আমি আমার উম্মতের কিছু লোককে দেখেছি যারা সমুদ্রের উপর রাজাদের মতো চড়ে চলেছে। আম হরাম নবী (সা.) থেকে প্রার্থনা করেছিলেন যেন তিনি তাদের মধ্যে অন্তর্ভুক্ত হন, এবং নবী (সা.) তাকে বলেছিলেন, ""তুমি তাদের মধ্যে আছো।"" পরে তিনি একটি যুদ্ধের সময় সমুদ্রের কাছে গিয়েছিলেন, কিন্তু দুর্ঘটনাবশত তার ঘোড়া তাকে ফেলে দেয়।","['muslim_4935', 'muslim_4934', 'bukhari_2894', 'bukhari_2895', 'bukhari_7001']",True,False,"['bukhari_6283', 'bukhari_6282', 'bukhari_2799', 'bukhari_2800', 'bukhari_7001', 'bukhari_7002', 'bukhari_2894', 'bukhari_2895', 'bukhari_6033', 'bukhari_2789']","['bukhari_732', 'bukhari_5789', 'bukhari_2880', 'bukhari_7475', 'muslim_925', 'bukhari_7008', 'bukhari_3599', 'bukhari_2324', 'bukhari_2837', 'muslim_486']"
C1160,"এক মুসলিম এবং একজন ইহুদি নিজেদের মধ্যে আলোচনা করছিলেন। মুসলিমটি বললেন যে আল্লাহ মুহাম্মদকে সমস্ত জগতের উপর নির্বাচিত করেছেন, আর ইহুদি বললেন যে আল্লাহ মূসাকে নির্বাচিত করেছেন। এরপর মুসলিমটি ইহুদিকে আঘাত করলেন এবং ইহুদিটি নবী মুহাম্মদের কাছে এই ঘটনার কথা জানালেন। নবী মুহাম্মদ বললেন, ""মূসাকে আমার সাথে তুলনা করো না, কারণ কিয়ামতের দিন মানুষ অচেতন হবে এবং আমি প্রথমে জেগে উঠব।""","['muslim_6153', 'bukhari_3408', 'bukhari_7472', 'bukhari_6517', 'bukhari_2411']",True,False,"['bukhari_2411', 'bukhari_6517', 'bukhari_3408', 'bukhari_7472', 'bukhari_2412', 'bukhari_3415', 'bukhari_3414', 'bukhari_6917', 'bukhari_5443', 'bukhari_2926']","['bukhari_3409', 'bukhari_7515', 'bukhari_4736', 'bukhari_7427', 'bukhari_7428', 'bukhari_3398', 'bukhari_2412', 'bukhari_7157', 'bukhari_4990', 'bukhari_4556']"
C1165,"একজন মুহাজির একজন আনসারের সাথে ঝগড়া করেছিল। তখন নবী (সা.) বলেছিলেন, ""এটি ছেড়ে দাও, কারণ এটি দুর্গন্ধযুক্ত।""","['muslim_6584', 'muslim_6583', 'bukhari_4905', 'bukhari_4907', 'muslim_2318']",True,False,"['bukhari_4907', 'bukhari_4905', 'bukhari_4015', 'bukhari_774.2', 'bukhari_2438', 'bukhari_3931', 'bukhari_5121', 'muslim_1903', 'bukhari_4018', 'muslim_1900']","['bukhari_5343', 'bukhari_6128', 'muslim_362', 'bukhari_5839', 'bukhari_5366', 'muslim_1557', 'bukhari_2473', 'bukhari_2101', 'muslim_2622', 'bukhari_119']"
C1166,"আমি শুনেছি যে, আয়েশা রাদিয়াল্লাহু আনহা তার দুধের ভাইয়ের সামনে নবীর গোসলের পদ্ধতি বর্ণনা করেছেন। তিনি একটি পাত্রে পানি নিয়ে তিনবার মাথায় ঢেলে গোসল করেছেন।","['muslim_728', 'bukhari_251', 'muslim_3728', 'muslim_750', 'muslim_555']",False,True,"['muslim_331', 'muslim_318', 'bukhari_255', 'muslim_320', 'bukhari_6562', 'bukhari_199', 'bukhari_4075', 'bukhari_259', 'muslim_832', 'bukhari_1840']","['bukhari_272', 'bukhari_273', 'bukhari_248', 'bukhari_257', 'bukhari_254', 'bukhari_197', 'bukhari_255', 'bukhari_259', 'bukhari_251', 'bukhari_5468']"
C1180,"আমি শুনেছি যে, নবী (সাল্লাল্লাহু আলাইহি ওয়া সাল্লাম) বলেছেন, যে ব্যক্তি আল্লাহ তাকে যে দায়িত্ব দিয়েছে, তা সঠিকভাবে পালন না করলে, সে জান্নাতের সুগন্ধও পাবে না।","['bukhari_7150', 'muslim_363', 'muslim_4729', 'muslim_5633', 'muslim_818']",False,True,"['bukhari_6047', 'bukhari_7152', 'bukhari_6801', 'bukhari_7560', 'bukhari_6657', 'bukhari_6767', 'bukhari_6766', 'bukhari_7213', 'bukhari_4850', 'muslim_1330']","['bukhari_7150', 'bukhari_5673', 'bukhari_109', 'bukhari_6056', 'bukhari_5024', 'bukhari_6569', 'bukhari_6914', 'bukhari_6954', 'bukhari_71', 'bukhari_7506']"
C1190,"আমার বন্ধুদের মাধ্যমে আমি নবী (সা.)-এর কাছে গিয়েছিলাম এবং তাঁকে বলেছিলাম যে আমরা কিছু বোঝার চেষ্টা করছি। নবী (সা.) তখন বললেন, ""আমি তোমাদের উপর কিছু চাপিয়ে দিচ্ছি না,"" কিন্তু পরে আমাকে বললেন, ""তোমাদের জন্য আল্লাহ বা আল্লাহর রসুল (সা.) সাহায্য করবেন।""","['bukhari_6678', 'muslim_4264', 'bukhari_4415', 'muslim_3743', 'muslim_4263']",False,True,"['bukhari_4385', 'bukhari_748', 'bukhari_1821', 'bukhari_3133', 'muslim_796', 'muslim_187', 'bukhari_1822', 'bukhari_7046', 'bukhari_1823', 'bukhari_5407']","['bukhari_6678', 'bukhari_6338', 'bukhari_7346', 'bukhari_2444', 'bukhari_3117', 'bukhari_7159', 'bukhari_7505', 'bukhari_6339', 'bukhari_4951', 'bukhari_7274']"
C1195,"আমি শুনেছি যে, উমর ইবন খাত্তাব বলেছেন, যদি কোনো মুসলিমের জন্য চারজন ভালো কথা বলে, তাহলে আল্লাহ তাকে জান্নাতে প্রবেশ করাবেন। তিনি আরও বলেছেন, তিনজন বা দুইজনের জন্যও একই কথা প্রযোজ্য।","['bukhari_1368', 'muslim_2200', 'bukhari_2643', 'bukhari_2642', 'bukhari_1367']",True,False,"['bukhari_2643', 'bukhari_3674', 'bukhari_7097', 'muslim_228', 'bukhari_3664', 'bukhari_1368', 'muslim_2490', 'bukhari_31', 'bukhari_7509', 'muslim_1489']","['bukhari_6554', 'bukhari_6543', 'bukhari_7392', 'bukhari_2736', 'bukhari_3247', 'muslim_219', 'bukhari_1248', 'bukhari_1381', 'bukhari_5982', 'muslim_217']"
C1196,"একজন ব্যক্তি বলেছেন যে, কিয়ামতের দিন একজন মানুষকে জাহান্নামে নিয়ে যাওয়া হবে এবং সেখানে তার দড়ি খুলে যাবে, ফলে সে সেখানে ঘুরতে থাকবে। তখন জাহান্নামের লোকেরা তাকে বলবে, তুমি তো আমাদের ভালো কাজ করতে বলতে এবং খারাপ কাজ থেকে বিরত থাকতে বলতে, কিন্তু তুমি নিজে তা করনি।","['bukhari_3267', 'muslim_7483', 'bukhari_7098', 'muslim_451', 'muslim_7268']",True,False,"['bukhari_3267', 'bukhari_7098', 'bukhari_4581', 'bukhari_806', 'bukhari_7439', 'bukhari_7438', 'bukhari_7437', 'muslim_2968', 'bukhari_6573', 'bukhari_7084']","['bukhari_6539', 'bukhari_4626', 'bukhari_3118', 'bukhari_6463', 'bukhari_3216', 'bukhari_6561', 'bukhari_5832', 'bukhari_6559', 'bukhari_7450', 'bukhari_6566']"
C1203,"আমি শুনেছি যে, রাসূলুল্লাহ (সা.) বলেছেন, যদি কারো মাথায় কিছু সমস্যা হয়, তাহলে তাকে মাথা কামাতে হবে। এরপর তিনি বলেছেন, তিন দিন রোজা রাখতে হবে, অথবা ছয়জন মিসকিনকে দান করতে হবে, অথবা যা কিছু সহজ হয় তা করতে হবে।","['muslim_2880', 'bukhari_1815', 'muslim_2879', 'muslim_2883', 'muslim_2881']",True,False,"['bukhari_1815', 'muslim_1971', 'bukhari_6708', 'bukhari_4190', 'bukhari_5703', 'bukhari_1814', 'bukhari_4517', 'bukhari_6022', 'muslim_1489', 'bukhari_4159']","['bukhari_1814', 'bukhari_6708', 'bukhari_1981', 'bukhari_254', 'bukhari_1178', 'bukhari_5703', 'muslim_238', 'bukhari_809', 'bukhari_5635', 'bukhari_5054']"
C1208,"রাসূলুল্লাহ (সা.) বলেছেন, আমাদের কাউকে ""আমার দাস"" বলা উচিত নয়, কারণ আমরা সবাই আল্লাহর দাস। বরং আমাদের ""আমার যুবক"" বলা উচিত এবং ""আমার দাস"" বলার পরিবর্তে ""আমার প্রভু"" বলা উচিত।","['muslim_5875', 'muslim_5874', 'muslim_5877', 'muslim_5878', 'bukhari_6179']",False,True,"['bukhari_2552', 'muslim_1624', 'bukhari_3349', 'bukhari_4712', 'bukhari_7507', 'bukhari_5862', 'bukhari_4740', 'bukhari_2745', 'bukhari_4782', 'bukhari_6749']","['bukhari_6187', 'bukhari_2552', 'bukhari_3445', 'bukhari_3538', 'muslim_5875', 'bukhari_6188', 'bukhari_6196', 'bukhari_4782', 'bukhari_585', 'bukhari_7518']"
C1214,"আমি শুনেছি, রাসূলুল্লাহ (সা.) তাবুকের যুদ্ধে বের হয়েছিলেন এবং তিনি আমাদের বলেছিলেন যে, যিনি দ্রুত আসতে চান, তিনি আমার সাথে আসতে পারেন এবং যিনি থাকতে চান, তিনি থাকতে পারেন। তারপর তিনি শহরের দিকে এগিয়ে যেতে যেতে বললেন, ""এটি হলো তাবা এবং এটি হলো উহুদ, এটি একটি পাহাড় যা আমাদের ভালোবাসে এবং আমরা এটি ভালোবাসি।""","['muslim_3371', 'muslim_5948', 'bukhari_4422', 'muslim_5947', 'bukhari_1872']",False,True,"['muslim_1392', 'bukhari_4043', 'bukhari_4044', 'bukhari_1482', 'bukhari_1481', 'bukhari_6444', 'bukhari_2607', 'bukhari_2608', 'bukhari_2889', 'bukhari_6655']","['bukhari_4422', 'bukhari_4050', 'bukhari_1872', 'bukhari_4083', 'bukhari_4416', 'bukhari_1871', 'bukhari_4084', 'bukhari_2889', 'bukhari_2897', 'bukhari_1515']"
C1238,"আল্লাহ বলেছেন যে, যখন আমি চৌদ্দ বছর বয়সী ছিলাম, তখন আমাকে ছোট মনে করা হয়েছিল।","['muslim_4838', 'muslim_4837', 'muslim_3780', 'muslim_4817', 'bukhari_2664']",True,False,"['bukhari_4097', 'bukhari_2664', 'bukhari_5133', 'bukhari_5134', 'bukhari_6854', 'bukhari_3896', 'bukhari_5166', 'bukhari_5158', 'bukhari_3975', 'bukhari_3466']","['bukhari_5190', 'bukhari_3955', 'bukhari_77', 'bukhari_4097', 'bukhari_5435', 'bukhari_3548', 'muslim_3027', 'bukhari_6227', 'bukhari_6299', 'bukhari_102']"
C1239,"নবী (সা.) বলেছেন, আল্লাহ কুরআনকে তিনটি অংশে ভাগ করেছেন এবং ""কুল হুয়াল্লাহু আহাদ"" কুরআনের একটি অংশ।","['muslim_1887', 'muslim_1886', 'muslim_1888', 'muslim_1889', 'bukhari_3945']",True,False,"['bukhari_6000', 'bukhari_4705', 'bukhari_3945', 'muslim_671', 'bukhari_6469', 'muslim_449', 'muslim_1300', 'bukhari_2485', 'bukhari_4589', 'bukhari_4868']","['bukhari_6643', 'bukhari_5013', 'bukhari_4704', 'bukhari_627', 'bukhari_4937', 'bukhari_624', 'bukhari_9', 'bukhari_7417', 'bukhari_2672', 'bukhari_6336']"
C1249,"রাসূলুল্লাহ (সা.) বলেছেন, পৃথিবীর বিভিন্ন বরকত আমাদের জন্য উদ্বেগের কারণ হতে পারে। তিনি বলেছিলেন, যে ব্যক্তি সৎভাবে সম্পদ অর্জন করে এবং তা আল্লাহর পথে ব্যয় করে, সে সত্যিই সফল। কিন্তু যারা অসৎভাবে সম্পদ অর্জন করে, তারা কখনোই সন্তুষ্ট হতে পারবে না এবং তাদের জন্য কিয়ামতের দিন কঠিন হিসাব হবে।","['bukhari_2842', 'muslim_2423', 'muslim_2422', 'muslim_2421', 'bukhari_1465']",True,False,"['bukhari_6427', 'bukhari_2842', 'bukhari_1465', 'bukhari_6442', 'bukhari_6441', 'bukhari_1412', 'bukhari_1403', 'bukhari_4919', 'bukhari_4565', 'bukhari_2371']","['bukhari_3196', 'muslim_1051', 'muslim_2581', 'bukhari_3118', 'bukhari_6446', 'bukhari_1403', 'bukhari_2452', 'bukhari_2529', 'bukhari_5070', 'bukhari_1412']"
C1262,"আমি শুনেছি যে আলী (আ.) বলেছেন, মুসলমানদের রক্ত একে অপরের জন্য সমান এবং তারা সবাই একসাথে দাঁড়িয়ে থাকে। তিনি আরও বলেছেন, কোনো মুসলমানকে কাফিরের জন্য হত্যা করা যাবে না এবং যে কেউ নতুন কিছু ঘটাবে বা ঘটনার সহায়তা করবে, তার ওপর আল্লাহ, ফেরেশতা এবং সমস্ত মানুষের অভিশাপ থাকবে।","['muslim_3794', 'muslim_3327', 'muslim_3323', 'muslim_3330', 'bukhari_3179']",True,False,"['bukhari_3172', 'bukhari_6755', 'bukhari_7300', 'bukhari_3179', 'bukhari_1870', 'bukhari_1867', 'bukhari_7306', 'bukhari_6163', 'muslim_2574', 'bukhari_111']","['bukhari_237', 'bukhari_7076', 'bukhari_6878', 'bukhari_4207', 'bukhari_2442', 'bukhari_6044', 'bukhari_6533', 'bukhari_3052', 'bukhari_7169', 'bukhari_6868']"
C1278,"আয়েশা বলেছেন, আমি যেন রাসূলুল্লাহ (সাল্লাল্লাহু আলাইহি ওয়াসাল্লাম) এর মাথার মাঝে মেশক এর উজ্জ্বলতা দেখতে পাচ্ছি যখন তিনি ইহরাম পরিধান করেছিলেন।","['muslim_2839', 'bukhari_5918', 'bukhari_271', 'muslim_2832', 'muslim_2834']",False,True,"['bukhari_7494', 'bukhari_1786', 'muslim_405', 'bukhari_1783', 'muslim_1087', 'bukhari_1301', 'muslim_1237', 'muslim_2407', 'bukhari_6201', 'bukhari_1796']","['bukhari_271', 'bukhari_3034', 'bukhari_5918', 'bukhari_5901', 'bukhari_5923', 'bukhari_295', 'bukhari_5925', 'bukhari_3545', 'bukhari_1540', 'bukhari_272']"
C1279,"রাসূলুল্লাহ (সাল্লাল্লাহু আলাইহি ওয়া সাল্লাম) বলেছেন যে, মাথার চুলের কিছু অংশ কেটে ফেলা উচিত নয়।","['muslim_5559', 'bukhari_5921', 'muslim_5190', 'muslim_5053', 'muslim_1218']",False,True,"['bukhari_1727', 'muslim_1044', 'bukhari_6065', 'bukhari_1728', 'bukhari_2342', 'muslim_1356', 'bukhari_1834', 'muslim_1489', 'muslim_1507', 'bukhari_1088']","['muslim_2325', 'bukhari_5893', 'bukhari_809', 'bukhari_5905', 'bukhari_5899', 'bukhari_5914', 'bukhari_3462', 'bukhari_5921', 'bukhari_5900', 'muslim_2670']"
C1282,"নবী মুহাম্মদ সাল্লাল্লাহু আলাইহি ওয়াসাল্লাম যখন জানাবার পর গোসল করতেন, তখন তিনি কিছু পানি নিয়ে প্রথমে ডান পাশে এবং পরে বাম পাশে মাথায় ঢালতেন।","['muslim_725', 'bukhari_258', 'muslim_1792', 'muslim_3155', 'muslim_743']",True,False,"['bukhari_188', 'muslim_318', 'bukhari_256', 'muslim_681', 'bukhari_2880', 'bukhari_258', 'bukhari_347', 'muslim_163', 'muslim_236', 'muslim_1811']","['bukhari_248', 'bukhari_257', 'bukhari_259', 'muslim_318', 'bukhari_273', 'bukhari_272', 'bukhari_2918', 'bukhari_196', 'bukhari_254', 'bukhari_188']"
C1287,"নবী (সা) বলেছেন, যদি তুমি শুক্রবারের খুতবার সময় তোমার বন্ধুকে চুপ থাকতে বলো, তাহলে তুমি ব্যর্থ হয়েছ। আবু হুরায়রা (রা) এর ভাষায়, এটা এমন একটি বিষয় যা আমাদের জানা উচিত।","['muslim_1968', 'muslim_1965', 'bukhari_934', 'muslim_2024', 'muslim_1988']",False,True,"['bukhari_3169', 'muslim_1779', 'bukhari_5777', 'bukhari_897', 'bukhari_896', 'muslim_681', 'bukhari_7390', 'bukhari_5550', 'muslim_832', 'muslim_1763']","['bukhari_934', 'bukhari_1985', 'bukhari_6290', 'bukhari_6400', 'bukhari_6496', 'muslim_225', 'bukhari_935', 'bukhari_6618', 'bukhari_6018', 'bukhari_6361']"
C1290,"নবী সাল্লাল্লাহু আলাইহি ওয়াসাল্লাম একটি ভাষণ দিয়েছিলেন, যেখানে তিনি কিয়ামত পর্যন্ত সব বিষয় উল্লেখ করেছেন। যিনি জানেন তিনি জানেন, এবং যিনি জানেন না তিনি জানেন না।","['bukhari_6604', 'muslim_7263', 'muslim_3944', 'muslim_6850', 'muslim_4477']",True,False,"['bukhari_6604', 'bukhari_5146', 'bukhari_1120', 'bukhari_4802', 'bukhari_6358', 'bukhari_6253', 'bukhari_7292', 'bukhari_6357', 'bukhari_6316', 'bukhari_6360']","['bukhari_7410', 'bukhari_2625', 'bukhari_6021', 'bukhari_2995', 'bukhari_6539', 'bukhari_1154', 'bukhari_1039', 'bukhari_5211', 'bukhari_3348', 'bukhari_3192']"
C1301,"আমি শুনেছি যে, রমজানের রোজা যদি কেউ রাখতে না পারে, তাহলে সে শাবানের মাসে তা পূরণ করতে পারবে। এটি রাসূলুল্লাহ (সা.) এর একটি শিক্ষা।","['muslim_2687', 'bukhari_1950', 'muslim_2721', 'muslim_6009', 'muslim_716']",False,True,"['bukhari_46', 'bukhari_1896', 'bukhari_1906', 'bukhari_1909', 'bukhari_1900', 'muslim_1087', 'bukhari_38', 'muslim_1160', 'bukhari_2678', 'bukhari_50']","['bukhari_38', 'bukhari_1950', 'bukhari_37', 'bukhari_556', 'bukhari_1912', 'bukhari_2008', 'bukhari_3569', 'bukhari_1909', 'muslim_2662', 'muslim_1723']"
C1303,"আমি শুনেছি যে, তিনি সকালে পানি নিয়ে এসে ডান হাতে পানি নিয়ে বাম হাতে ঢেলে তিনবার হাত ধোয়ার পর, ডান হাতে পানি নিয়ে তিনবার মুখে গুলে এবং তিনবার নাসিকায় পানি নেন। এরপর তিনি মাথার সামনে ও পেছনে একবার হাত বুলিয়ে নেন।","['bukhari_192', 'muslim_555', 'bukhari_1934', 'muslim_539', 'muslim_559']",True,False,"['muslim_236', 'bukhari_192', 'bukhari_186', 'bukhari_276', 'bukhari_265', 'bukhari_257', 'bukhari_259', 'bukhari_266', 'bukhari_199', 'bukhari_274']","['bukhari_248', 'bukhari_257', 'bukhari_191', 'bukhari_254', 'bukhari_197', 'bukhari_162', 'bukhari_3295', 'bukhari_259', 'muslim_238', 'bukhari_161']"
C1326,"রাসূলুল্লাহ (সা.)-এর সময় সূর্যগ্রহণের সময় সবাইকে নামাজে ডাক দেওয়া হয়েছিল। তিনি দুই রাকাত নামাজ পড়লেন এবং আয়েশা (রা.) বললেন, তিনি এর আগে কখনোই এত দীর্ঘ রাকাত বা সেজদা করেননি।","['muslim_2113', 'bukhari_1051', 'muslim_2098', 'muslim_2109', 'muslim_2091']",False,True,"['muslim_765', 'muslim_729', 'muslim_834', 'muslim_2093', 'muslim_1718', 'muslim_836', 'bukhari_1064', 'bukhari_3203', 'bukhari_1047', 'bukhari_473']","['muslim_910', 'bukhari_1051', 'bukhari_5785', 'bukhari_1062', 'bukhari_1064', 'bukhari_6310', 'bukhari_847', 'bukhari_1159', 'bukhari_187', 'bukhari_1225']"
C1330,"নবী মুহাম্মদ (সা.) আবু তালহাকে বলেছিলেন, একটি যুবককে তার সেবায় নিযুক্ত করতে। আবু তালহা আমাকে নিয়ে বের হলেন এবং আমি নবীর সেবা করছিলাম। নবী (সা.) প্রায়ই আল্লাহর কাছে দুঃখ, হতাশা, অলসতা এবং অন্যান্য খারাপ বিষয় থেকে আশ্রয় চাইতেন। এরপর, খায়বার বিজয়ের সময় নবী (সা.) صفিয়া নামের এক নারীর প্রতি আকৃষ্ট হন এবং তাকে বিয়ে করেন। নবী (সা.) তার জন্য একটি বিশেষ খাবার তৈরি করেন এবং এটি ছিল নবীর বিয়ের উৎসব।","['bukhari_2893', 'bukhari_2235', 'muslim_3321', 'bukhari_4211', 'bukhari_5425']",True,False,"['muslim_2007', 'bukhari_6363', 'bukhari_2893', 'bukhari_5425', 'bukhari_5637', 'bukhari_5132', 'bukhari_5387', 'bukhari_371', 'bukhari_6685', 'muslim_1884']","['bukhari_5169', 'bukhari_4201', 'bukhari_6685', 'bukhari_5170', 'bukhari_5160', 'bukhari_5156', 'bukhari_5216', 'bukhari_4212', 'bukhari_4397', 'bukhari_4401']"
C1342,"নবী সাল্লাল্লাহু আলাইহি ওয়াসাল্লাম বলেছেন, কুরআন পড়ো যতক্ষণ তোমাদের হৃদয় একত্রিত থাকে, আর যদি তোমাদের মধ্যে মতভেদ হয়, তাহলে তা থেকে দূরে সরে যাও।","['muslim_6777', 'muslim_6778', 'bukhari_5060', 'bukhari_7365', 'bukhari_7364']",False,True,"['muslim_2554', 'bukhari_7276', 'bukhari_1166', 'bukhari_5987', 'bukhari_5032', 'bukhari_1120', 'muslim_1061', 'muslim_1050', 'bukhari_247', 'bukhari_744']","['bukhari_7365', 'bukhari_5060', 'bukhari_7364', 'bukhari_4937', 'bukhari_5028', 'bukhari_3476', 'bukhari_4582', 'bukhari_5032', 'bukhari_7079', 'muslim_2554']"
C1344,"আমি শুনেছি, রাসূলুল্লাহ (সা.) বলেছেন যে, তাঁর পর মানুষদের মধ্যে আবু বকর (রা.) ছাড়া আর কাউকে তাঁর মতো গ্রহণযোগ্য মনে হয়নি। তিনি আরও বলেছেন, কেউ যদি তাঁর মতো হয়ে ওঠে, তাহলে মানুষ তার প্রতি নেতিবাচক মনোভাব পোষণ করবে।","['muslim_939', 'bukhari_4445', 'muslim_1258', 'muslim_3691', 'muslim_4580']",False,True,"['muslim_681', 'bukhari_713', 'bukhari_3685', 'muslim_2474', 'muslim_2406', 'bukhari_3466', 'muslim_2056', 'muslim_1478', 'bukhari_4383', 'bukhari_3661']","['bukhari_6498', 'bukhari_5026', 'bukhari_5908', 'bukhari_5909', 'bukhari_7169', 'bukhari_3671', 'bukhari_4445', 'bukhari_7218', 'bukhari_7212', 'bukhari_3493']"
C1350,"একজন মহিলা বলেছেন, তিনি যখন পিরিয়ডে ছিলেন এবং তার শরীরে অন্য কিছু ছিল, তখন তিনি দেখতে পান যে তার পোশাকে একটি রক্তের দাগ পড়েছে, তখন তিনি তা নিজের ল saliva দিয়ে মুছে ফেলেন।","['bukhari_312', 'muslim_480', 'muslim_675', 'muslim_731', 'muslim_752']",False,True,"['muslim_1489', 'bukhari_5337', 'muslim_3726', 'muslim_3727', 'muslim_3725', 'bukhari_5338', 'bukhari_309', 'bukhari_324', 'muslim_2326', 'muslim_2754']","['bukhari_308', 'bukhari_312', 'bukhari_230', 'bukhari_314', 'bukhari_232', 'bukhari_2037', 'bukhari_310', 'bukhari_227', 'bukhari_307', 'bukhari_309']"
C1355,"আমি শুনেছি যে, রাসূলুল্লাহ (সা.) এর যুগে নারীরা ফরজ নামাজ শেষ করার পর দাঁড়িয়ে যেতেন এবং রাসূল (সা.) ও অন্যান্য পুরুষরা তখন দাঁড়িয়ে নামাজ পড়তেন।","['bukhari_866', 'muslim_4411', 'muslim_6202', 'muslim_3652', 'muslim_1047']",False,True,"['bukhari_6203', 'bukhari_6667', 'bukhari_117', 'bukhari_578', 'muslim_420', 'bukhari_959', 'bukhari_958', 'bukhari_960', 'bukhari_961', 'bukhari_821']","['bukhari_837', 'bukhari_866', 'bukhari_870', 'bukhari_875', 'bukhari_372', 'bukhari_331', 'bukhari_362', 'muslim_441', 'bukhari_306', 'bukhari_98']"
C1359,"নবী (সা.) বলেছেন, ""আমি তোমাদের জন্য হাউজে অপেক্ষা করছি। যে সেখানে আসবে, সে কখনো তৃষ্ণার্ত হবে না। কিন্তু কিছু লোক আছে, যারা আমার পরিচিত, তাদেরকে আমার কাছে আসতে দেওয়া হবে না।""","['muslim_5969', 'muslim_5968', 'bukhari_7051', 'bukhari_7050', 'bukhari_6584']",True,False,"['bukhari_6583', 'bukhari_7050', 'bukhari_7048', 'bukhari_6140', 'bukhari_4581', 'bukhari_6573', 'bukhari_7438', 'bukhari_7437', 'muslim_2293', 'muslim_5968']","['bukhari_3026', 'bukhari_432', 'bukhari_3381', 'bukhari_3380', 'bukhari_6097', 'muslim_2294', 'bukhari_1283', 'bukhari_6340', 'bukhari_3534', 'muslim_1727']"
C1368,"আমি শুনেছি, সেহল বিন হানিফ বলেছিলেন যে, আমাদের নিজেদের পরীক্ষা করা উচিত, কারণ আমরা রাসূলুল্লাহর সাথে হুদাইবিয়ায় ছিলাম এবং যদি যুদ্ধের পরিস্থিতি সৃষ্টি হত, আমরা লড়াই করতাম। عمر বিন খাত্তাব রাসূলুল্লাহর কাছে গিয়ে বললেন, আমরা কি সত্যের পথে নই এবং তারা কি মিথ্যার পথে? রাসূলুল্লাহ বললেন, ""হ্যাঁ।"" عمر বললেন, আমাদের কি দীন থেকে পিছিয়ে আসা উচিত? রাসূলুল্লাহ বললেন, ""আমি আল্লাহর রসূল, আল্লাহ আমাকে কখনো হারাতে দেবেন না।""","['muslim_4633', 'bukhari_3182', 'bukhari_4844', 'muslim_1615', 'muslim_7007']",True,False,"['bukhari_4844', 'bukhari_3182', 'muslim_681', 'muslim_2701', 'muslim_1763', 'muslim_2503', 'muslim_1779', 'bukhari_3169', 'bukhari_4196', 'bukhari_3701']","['bukhari_4132', 'bukhari_1815', 'bukhari_4673', 'muslim_1787', 'bukhari_6620', 'bukhari_6470', 'bukhari_4316', 'bukhari_2947', 'bukhari_5454', 'bukhari_5384']"
C1372,"আমি শুনেছি, নবী সাল্লাল্লাহু আলাইহি ওয়া সাল্লাম একটি চামড়ার তাঁবুর মধ্যে ছিলেন এবং তিনি কিছু কথা বলছিলেন।","['muslim_2301', 'muslim_2025', 'muslim_4742', 'muslim_1119', 'bukhari_5860']",False,True,"['bukhari_1120', 'bukhari_6253', 'bukhari_4023', 'bukhari_769', 'bukhari_6311', 'bukhari_6358', 'bukhari_6360', 'bukhari_914', 'bukhari_6316', 'bukhari_612']","['bukhari_204', 'bukhari_5860', 'bukhari_1540', 'bukhari_7185', 'bukhari_1841', 'muslim_2081', 'bukhari_6214', 'bukhari_2865', 'bukhari_3802', 'bukhari_1621']"
C1373,"মাগরিবের নামাজ ও ঈশা নামাজের মধ্যে সময়ের সম্পর্ক নিয়ে আলোচনা হয়েছে যে, মাগরিবের নামাজের সময় তখন শুরু হয় যখন সূর্য অস্ত যায়।","['muslim_1627', 'muslim_1391', 'bukhari_1109', 'muslim_1393', 'muslim_1622']",True,False,"['bukhari_139', 'bukhari_1672', 'bukhari_1683', 'bukhari_1805', 'bukhari_547', 'bukhari_1109', 'bukhari_1107', 'bukhari_541', 'bukhari_771', 'bukhari_1092']","['bukhari_561', 'bukhari_560', 'bukhari_5785', 'bukhari_565', 'bukhari_1629', 'bukhari_4414', 'bukhari_5463', 'muslim_825', 'muslim_1746', 'bukhari_826']"
C1374,"আমি শুনেছি যে, রজার মাধ্যমে সম্পর্কিত ব্যক্তি একইভাবে নিষিদ্ধ, যেমন বংশগত সম্পর্কের ক্ষেত্রে।","['muslim_3584', 'muslim_3583', 'muslim_3579', 'bukhari_2645', 'bukhari_5100']",False,True,"['bukhari_6908.2', 'bukhari_5098', 'bukhari_6913', 'bukhari_5984', 'bukhari_7354', 'bukhari_6970', 'bukhari_5990', 'bukhari_6447', 'bukhari_6933', 'bukhari_5321']","['bukhari_5111', 'bukhari_5110', 'bukhari_5098', 'muslim_5128', 'bukhari_5108', 'muslim_4969', 'muslim_3592', 'muslim_1417', 'bukhari_6974', 'bukhari_2645']"
C1387,"নবী (সাল্লাল্লাহু আলাইহি ওয়া সাল্লাম) বলেছেন, যে মুসলিম একটি গাছ রোপণ করে এবং তার ফল থেকে মানুষ বা প্রাণী কিছু খায়, তার জন্য এটা একটি দান হিসেবে গণনা হয়।","['bukhari_6012', 'muslim_3969', 'muslim_3971', 'muslim_3973', 'muslim_3968']",False,True,"['bukhari_6022', 'bukhari_5647', 'bukhari_7466', 'bukhari_5644', 'bukhari_5097', 'muslim_1971', 'muslim_2050', 'bukhari_62', 'bukhari_5448', 'bukhari_2466']","['bukhari_6012', 'bukhari_2320', 'bukhari_2206', 'bukhari_2329', 'bukhari_5448', 'bukhari_2589', 'bukhari_5351', 'bukhari_2632', 'bukhari_2341', 'bukhari_2340']"
C1398,"রাসূলুল্লাহ (সা.) আমাদের বলেছিলেন যে, তিনি আমাদের সাথে একটি চুক্তি করতে চান যাতে আমরা আল্লাহর সাথে কিছুই শিরক না করি, ব্যভিচার না করি, চুরি না করি এবং নিষিদ্ধ প্রাণীকে হত্যা না করি। যিনি এই চুক্তি পালন করবেন, তার জন্য আল্লাহর কাছে পুরস্কার রয়েছে, আর যারা এসব অপরাধ করবে, তাদের জন্য আল্লাহর কাছে ক্ষমা বা শাস্তির বিষয়টি রয়েছে।","['muslim_4461', 'bukhari_6784', 'bukhari_4894', 'bukhari_7213', 'bukhari_3892']",True,False,"['bukhari_7213', 'bukhari_6873', 'bukhari_7468', 'bukhari_4894', 'bukhari_3893', 'bukhari_18', 'bukhari_3855', 'bukhari_2890', 'muslim_2749', 'bukhari_3892']","['bukhari_6625', 'bukhari_6339', 'bukhari_1436', 'bukhari_2087', 'bukhari_1826', 'bukhari_7477', 'bukhari_6696', 'bukhari_5645', 'bukhari_6700', 'bukhari_3116']"
C1408,"রাসূলুল্লাহ (সা.) তাঁর অসুস্থতার সময় বলেছিলেন, ""আমার জন্য সালাতের সময় হয়েছে।"" তিনি আবু বকর (রা.)-কে নির্দেশ দেন যেন তিনি মুসল্লিদের সামনে সালাত পড়ান। এরপর তিনি আবার অসুস্থ হয়ে পড়েন, কিন্তু সালাতের জন্য বারবার একই কথা বলতেন।","['muslim_941', 'muslim_940', 'muslim_936', 'muslim_949', 'bukhari_678']",True,False,"['bukhari_3385', 'bukhari_682', 'bukhari_712', 'bukhari_664', 'bukhari_713', 'bukhari_687', 'bukhari_678', 'muslim_420', 'bukhari_7190', 'bukhari_3384']","['bukhari_5016', 'bukhari_688', 'bukhari_703', 'bukhari_1232', 'muslim_841', 'muslim_919', 'bukhari_785', 'bukhari_1153', 'bukhari_464', 'bukhari_4968']"
C1422,"রাসূলুল্লাহ (সা.) যখন নামাজ পড়তেন, তখন আমি তাঁর পাশে ছিলাম এবং আমার হায়েজ ছিল। কখনো কখনো তাঁর কাপড় আমার উপর এসে পড়ত যখন তিনি সিজদা করতেন।","['bukhari_379', 'muslim_1146', 'muslim_1504', 'bukhari_518', 'bukhari_333']",False,True,"['muslim_832', 'muslim_2531', 'muslim_163', 'bukhari_6452', 'bukhari_300', 'bukhari_301', 'bukhari_299', 'muslim_2474', 'muslim_1788', 'bukhari_512']","['bukhari_379', 'bukhari_518', 'bukhari_512', 'muslim_513', 'bukhari_997', 'bukhari_6276', 'bukhari_231', 'bukhari_230', 'bukhari_517', 'bukhari_1236']"
C1433,"নবী সাল্লাল্লাহু আলাইহি ওয়াসাল্লাম মৃত্যুবরণ করেছেন, এবং তিনি মৃত্যুর সময় খুবই কষ্টে ছিলেন। তাই আমি নবীর পর আর কারো জন্য মৃত্যুর কঠোরতা কামনা করি না।","['bukhari_4446', 'muslim_6819', 'muslim_6310', 'bukhari_4438', 'muslim_1256']",False,True,"['bukhari_1166', 'bukhari_7297', 'bukhari_4774', 'bukhari_6808', 'bukhari_5494', 'bukhari_6253', 'muslim_187', 'muslim_2202', 'bukhari_7366', 'bukhari_1120']","['bukhari_5671', 'bukhari_6351', 'bukhari_4446', 'bukhari_2972', 'muslim_924', 'bukhari_5646', 'bukhari_6778', 'bukhari_3536', 'muslim_2682', 'bukhari_2795']"
C1466,"নবী মুহাম্মদ (সা.) বলেছেন, পাঁচ ওসক বা পাঁচটি গবাদি পশুর নিচে যেকোনো কিছুতে দান করা নেই।","['muslim_2263', 'muslim_2266', 'muslim_2268', 'bukhari_1459', 'muslim_2271']",False,True,"['muslim_1541', 'bukhari_3315', 'muslim_1227', 'bukhari_1454', 'bukhari_3314', 'bukhari_1827', 'bukhari_1484', 'bukhari_2382', 'muslim_1971', 'bukhari_1829']","['bukhari_1459', 'muslim_980', 'bukhari_1826', 'bukhari_1828', 'bukhari_3315', 'bukhari_1405', 'bukhari_816', 'bukhari_6012', 'bukhari_2566', 'bukhari_1447']"
C1474,"নবী সাল্লাল্লাহু আলাইহি ওয়াসাল্লাম বলেছেন, প্রতি সোমবার ও বৃহস্পতিবার জান্নাতের দরজা খোলা হয় এবং এই দিনগুলোতে আল্লাহর কাছে যারা শিরক করে না, তাদের জন্য ক্ষমা করা হয়। তবে যদি কারো মধ্যে তার ভাইয়ের প্রতি শত্রুতা থাকে, তাদেরকে তখন পর্যন্ত অপেক্ষা করতে বলা হয় যতক্ষণ না তারা একে অপরের সঙ্গে মীমাংসা না করে।","['muslim_6546', 'muslim_6544', 'muslim_6545', 'muslim_6547', 'muslim_268']",True,False,"['muslim_6545', 'muslim_6544', 'muslim_195', 'muslim_2689', 'bukhari_7423', 'muslim_832', 'bukhari_5143', 'bukhari_5144', 'bukhari_4581', 'muslim_125']","['bukhari_2826', 'bukhari_1899', 'bukhari_3277', 'bukhari_445', 'bukhari_1898', 'bukhari_1442', 'muslim_2703', 'bukhari_35', 'muslim_2580', 'muslim_197']"
C1483,"নবী মুহাম্মদ (সা.) এর যুগে কী হয়েছিল, সে সম্পর্কে আমি কিছু জানি না। বলা হয়েছে, নামাজের ব্যাপারে কিছু আলোচনা হয়েছে, কিন্তু আমরা কি নামাজের গুরুত্বকে ভুলে গেছি?","['bukhari_529', 'muslim_4315', 'muslim_2817', 'muslim_4582', 'muslim_1380']",False,True,"['bukhari_86', 'bukhari_1053', 'muslim_642', 'bukhari_7287', 'muslim_832', 'bukhari_184', 'muslim_681', 'bukhari_4043', 'bukhari_4044', 'bukhari_821']","['bukhari_529', 'bukhari_771', 'bukhari_604', 'muslim_956', 'bukhari_4583', 'bukhari_229', 'bukhari_800', 'bukhari_590', 'bukhari_724', 'bukhari_642']"
C1501,"রাসূলুল্লাহ (সা.) বলেছেন, আল্লাহর প্রশংসা, কুরআন হল মূল বই এবং এটি সাতটি পুনরাবৃত্তি আকারে এসেছে।","['bukhari_4704', 'bukhari_5006', 'muslim_4234', 'muslim_5322', 'bukhari_4647']",False,True,"['bukhari_5', 'muslim_2665', 'bukhari_6578', 'muslim_1884', 'bukhari_3487', 'bukhari_3486', 'bukhari_897', 'bukhari_896', 'bukhari_4474', 'muslim_2463']","['bukhari_4704', 'bukhari_6643', 'bukhari_5056', 'bukhari_75', 'muslim_2665', 'bukhari_4582', 'bukhari_5054', 'bukhari_6098', 'bukhari_4499', 'muslim_726']"
C1509,"আমরা শুনেছি যে, عمر মক্কায় প্রবেশ করার আগে রাতে بذي طوى তে অবস্থান করতেন এবং সকালে গোসল করে দিনের বেলায় মক্কায় প্রবেশ করতেন। তিনি নবী সাল্লাল্লাহু আলাইহি ওয়া সাল্লাম এর এই পদ্ধতি অনুসরণ করতেন।","['muslim_3045', 'bukhari_491', 'muslim_3044', 'muslim_3046', 'bukhari_1574']",False,True,"['bukhari_1553', 'muslim_2458', 'bukhari_1769', 'bukhari_2700', 'bukhari_610', 'muslim_796', 'bukhari_1572', 'muslim_1462', 'bukhari_5548', 'muslim_6989']","['bukhari_1769', 'bukhari_1574', 'muslim_669', 'bukhari_1573', 'bukhari_1581', 'bukhari_551', 'bukhari_1599', 'muslim_304', 'bukhari_889', 'bukhari_1744']"
C1513,"রাসূলুল্লাহ (সা.) বলেছেন, যে দুইজন একে অপরকে গালিগালাজ করে তাদের হিসাব আল্লাহর কাছে হবে। যদি একজন সত্যি বলে, তাহলে তার জন্য কিছু নেই, কিন্তু যদি মিথ্যা বলে, তাহলে তার জন্য তা আরও দূরে।","['muslim_3748', 'bukhari_5350', 'bukhari_5312', 'muslim_3743', 'muslim_4387']",False,True,"['bukhari_7086', 'muslim_2490', 'muslim_1779', 'muslim_2503', 'muslim_2554', 'muslim_2650', 'bukhari_1904', 'bukhari_6497', 'bukhari_6956', 'bukhari_1413']","['bukhari_5350', 'bukhari_2677', 'bukhari_2676', 'bukhari_6107', 'muslim_2606', 'bukhari_2673', 'bukhari_7528', 'bukhari_6213', 'bukhari_6625', 'bukhari_7212']"
C1522,"নবীজি (সাল্লাল্লাহু আলাইহি ওয়া সাল্লাম) বলেছেন, রোগের সংক্রমণ নেই এবং অশুভ লক্ষণ তিনটি জিনিসে থাকে: নারী, বাড়ি এবং পশুতে।","['bukhari_5753', 'muslim_5805', 'bukhari_5772', 'muslim_5789', 'muslim_5803']",False,True,"['bukhari_4658', 'bukhari_5063', 'bukhari_969', 'bukhari_6459', 'bukhari_1349', 'bukhari_5886', 'bukhari_2567', 'muslim_331', 'bukhari_5771', 'bukhari_2541']","['bukhari_5753', 'bukhari_5772', 'bukhari_2858', 'bukhari_5707', 'bukhari_5093', 'bukhari_5756', 'bukhari_2859', 'bukhari_1271', 'bukhari_5717', 'bukhari_1272']"
C1529,"আমি শুনেছি যে, একজন ব্যক্তি বলেছিল যে, তিনি উসমানকে কথা বলার জন্য যেতে চাননি কারণ তিনি প্রথমে কিছু শুরু করতে চাননি। তিনি বলেছেন, কিয়ামতের দিন একজন মানুষকে যখন জাহান্নামে নেওয়া হবে, তখন তার পেটের অন্ত্র বেরিয়ে আসবে এবং তিনি সেখান থেকে ঘুরতে থাকবেন, আর জাহান্নামের লোকেরা তাকে বলবে, ""তুমি তো ভালো কাজের কথা বলতে এবং খারাপ কাজ থেকে বিরত থাকতে বলেছিলে, তাহলে তুমি কেন তা করনি?""","['muslim_7483', 'bukhari_3267', 'bukhari_7098', 'muslim_451', 'muslim_454']",True,False,"['bukhari_3267', 'bukhari_7437', 'bukhari_7438', 'bukhari_7098', 'bukhari_806', 'bukhari_7439', 'bukhari_6573', 'bukhari_7410', 'bukhari_4476', 'bukhari_7510']","['bukhari_5673', 'bukhari_6463', 'bukhari_6561', 'muslim_7121', 'bukhari_6539', 'bukhari_7506', 'muslim_2807', 'bukhari_3192', 'bukhari_3216', 'bukhari_3118']"
C1530,"রাসূলুল্লাহ (সা.) বলেছেন, যদি কেউ সফরে থাকে, তবে সে চাইলে রোজা রাখতে পারে এবং চাইলে রোজা ভঙ্গ করতে পারে।","['muslim_2626', 'muslim_2625', 'muslim_5309', 'bukhari_1943', 'bukhari_1942']",False,True,"['bukhari_703', 'bukhari_1958', 'bukhari_881', 'bukhari_1886', 'muslim_1120', 'bukhari_2000', 'bukhari_1955', 'bukhari_5485', 'bukhari_1455', 'bukhari_5251']","['bukhari_1943', 'bukhari_1521', 'bukhari_2000', 'muslim_698', 'bukhari_38', 'muslim_1727', 'muslim_1927', 'bukhari_2738', 'bukhari_37', 'bukhari_1804']"
C1535,"নবী মুহাম্মদ (সা.) বলেছেন যে, শুক্রবারের দিন রোজা রাখা উচিত নয়, তবে এর আগে বা পরে একদিন রোজা রাখতে পারা যায়।","['muslim_2683', 'muslim_2747', 'bukhari_1985', 'muslim_2684', 'muslim_4233']",False,True,"['bukhari_1976', 'bukhari_1914', 'bukhari_4502', 'bukhari_3418', 'bukhari_6134', 'bukhari_2002', 'bukhari_4505', 'bukhari_1892', 'bukhari_2001', 'bukhari_4501']","['bukhari_1914', 'bukhari_1985', 'muslim_1140', 'bukhari_585', 'bukhari_1984', 'bukhari_1961', 'muslim_1128', 'bukhari_239', 'bukhari_1967', 'bukhari_1892']"
C1536,"রাসূলুল্লাহ (সা.) হাওয়াজেনের মুসলিম প্রতিনিধিদের বলেছিলেন যে, তারা যদি তাদের সম্পদ বা বন্দীদের মধ্যে থেকে কিছু একটিকে বেছে নিতে চান, তাহলে তাদের জন্য এটি সম্ভব। পরে, তিনি ঘোষণা করেন যে, যারা তাদের বন্দীদের ফিরিয়ে দিতে চান, তারা তা করতে পারেন।","['bukhari_2307', 'bukhari_2308', 'bukhari_4318', 'bukhari_4319', 'bukhari_3131']",True,False,"['bukhari_2608', 'bukhari_2607', 'bukhari_4319', 'bukhari_4318', 'bukhari_2539', 'bukhari_2540', 'bukhari_2584', 'bukhari_2583', 'bukhari_2308', 'bukhari_2307']","['bukhari_7173', 'bukhari_5174', 'bukhari_6992', 'bukhari_6761', 'bukhari_2633', 'bukhari_5373', 'muslim_1475', 'muslim_1502', 'bukhari_1469', 'muslim_1765']"
C1545,"রাসূলুল্লাহ (সাল্লাল্লাহু আলাইহি ওয়াসাল্লাম) বলেছেন যে, একজন মানুষের গঠন তার মায়ের পেটে প্রথম ৪০ দিন হয়, তারপর ৪০ দিন আলাকায় এবং এরপর ৪০ দিন মাংসের টুকরো আকারে থাকে। এরপর আল্লাহ একজন ফেরেশতাকে পাঠান, যিনি তার ভাগ্য, জীবিকা এবং মৃত্যুর সময় নির্ধারণ করেন।","['muslim_6723', 'bukhari_3208', 'bukhari_3332', 'bukhari_6594', 'bukhari_7454']",True,False,"['bukhari_3332', 'bukhari_6594', 'bukhari_3208', 'bukhari_7454', 'bukhari_4935', 'bukhari_4909', 'bukhari_4814', 'muslim_2644', 'muslim_1971', 'muslim_1489']","['muslim_2646', 'bukhari_3333', 'bukhari_6227', 'bukhari_3548', 'bukhari_3326', 'muslim_2644', 'bukhari_6595', 'bukhari_5396', 'bukhari_318', 'bukhari_6600']"
C1551,"নবী সাল্লাল্লাহু আলাইহি ওয়াসাল্লাম বলেছেন, প্রতিটি নবীর একজন সহযোগী থাকে এবং সেই সহযোগী হলেন জুবায়র বিন আওয়াম।","['bukhari_3719', 'bukhari_2847', 'muslim_6243', 'bukhari_4113', 'bukhari_2997']",False,True,"['bukhari_4023', 'muslim_1185', 'muslim_173', 'muslim_449', 'muslim_152', 'bukhari_7214', 'bukhari_914', 'bukhari_4966', 'bukhari_4892', 'bukhari_482']","['bukhari_3719', 'bukhari_2847', 'bukhari_2846', 'bukhari_6021', 'bukhari_2997', 'bukhari_4981', 'bukhari_7255', 'bukhari_2821', 'bukhari_6966', 'bukhari_1401']"
C1553,"আমি শুনেছি, একজন ব্যক্তি অসুস্থ হলে নবী (সা.) এবং আবু বকর (রা.) তার খোঁজ নিতে গিয়েছিলেন। তিনি যখন জ্ঞান ফিরে পান, তখন নবী (সা.) তাকে বলেন যে আল্লাহ কিভাবে তার সম্পত্তি বণ্টন করতে হবে তা নির্দেশ দিয়েছেন।","['muslim_4145', 'muslim_4147', 'bukhari_6723', 'bukhari_7309', 'bukhari_5651']",False,True,"['bukhari_712', 'bukhari_1889', 'muslim_188', 'bukhari_713', 'muslim_1462', 'muslim_420', 'bukhari_2832', 'muslim_832', 'bukhari_682', 'muslim_1779']","['bukhari_5651', 'bukhari_5676', 'bukhari_4577', 'muslim_1765', 'bukhari_2402', 'muslim_2627', 'bukhari_194', 'bukhari_2759', 'bukhari_5351', 'bukhari_2429']"
C1559,"নবী (সা.) আমাদের কাছে এসেছিলেন, তখন আমি, আমার মা এবং আমার খালাতি আম হরাম ছিলাম। আমার মা নবী (সা.)-কে বললেন, ""হে রাসূল, আমার ছেলের জন্য আল্লাহর কাছে দোয়া করুন।"" তখন নবী (সা.) আমাকে সব ধরনের মঙ্গলের জন্য দোয়া করলেন এবং শেষে বললেন, ""হে আল্লাহ, তার সম্পদ ও সন্তান বৃদ্ধি কর এবং এতে বরকত দান কর।""","['muslim_6375', 'muslim_1501', 'muslim_6376', 'bukhari_6344', 'muslim_6396']",False,True,"['muslim_2345', 'bukhari_2756', 'bukhari_2745', 'bukhari_190', 'bukhari_7182', 'bukhari_6749', 'bukhari_2053', 'muslim_2491', 'bukhari_4303', 'bukhari_6765']","['bukhari_6332', 'bukhari_6344', 'bukhari_5979', 'bukhari_6378', 'bukhari_6379', 'bukhari_6602', 'bukhari_6380', 'bukhari_6381', 'bukhari_2624', 'bukhari_5978']"
C1565,"নবী সাল্লাল্লাহু আলাইহি ওয়া সাল্লাম বলেছেন, স্বপ্ন আল্লাহর পক্ষ থেকে আসে, আর ভ্রম আল্লাহর শত্রুর পক্ষ থেকে।","['bukhari_6984', 'muslim_5897', 'muslim_5900', 'bukhari_6995', 'bukhari_6986']",False,True,"['bukhari_7092', 'muslim_2181', 'bukhari_3104', 'muslim_1777', 'bukhari_2352', 'bukhari_7093', 'bukhari_2571', 'muslim_2872', 'bukhari_5272', 'bukhari_5271']","['bukhari_6984', 'bukhari_5747', 'bukhari_6986', 'bukhari_3292', 'bukhari_6995', 'bukhari_6985', 'bukhari_7045', 'bukhari_7005', 'bukhari_5429', 'bukhari_6983']"
C1571,"আমি শুনেছি, তিনি চারটি উমরাহ পালন করেছেন, যার মধ্যে একটি ছিল হুদায়বিয়ার সাথে এবং অন্যগুলো ছিল জিরআনা ও হুনাইন যুদ্ধের পর।","['bukhari_1780', 'muslim_3032', 'bukhari_4148', 'bukhari_1778', 'bukhari_1779']",False,True,"['bukhari_1188', 'muslim_1067', 'bukhari_601', 'bukhari_3902', 'bukhari_3591', 'bukhari_1066', 'bukhari_1065', 'bukhari_6241', 'bukhari_4824', 'muslim_1813']","['bukhari_1780', 'bukhari_1778', 'bukhari_1188', 'bukhari_1089', 'bukhari_4820', 'bukhari_3066', 'bukhari_4825', 'bukhari_1084', 'bukhari_4314', 'bukhari_1546']"
C1576,"নবী মুহাম্মদ (সা.) বলেছেন, পুরুষদের জন্য জাফরান ব্যবহার করা নিষেধ।","['muslim_5507', 'bukhari_5846', 'muslim_3957', 'muslim_1218', 'muslim_3465']",False,True,"['muslim_565', 'bukhari_6423', 'bukhari_6578', 'bukhari_1179', 'muslim_1884', 'bukhari_5831', 'bukhari_5938', 'bukhari_1204', 'muslim_1578', 'bukhari_4121']","['bukhari_5846', 'bukhari_5847', 'bukhari_5806', 'bukhari_134', 'bukhari_5852', 'bukhari_4842', 'bukhari_5863', 'bukhari_5838', 'bukhari_5794', 'bukhari_5821']"
C1587,"নবীজি সাল্লাল্লাহু আলাইহি ওয়াসাল্লাম বলেছেন, তোমাদের মধ্যে কেউ যেন তার ভাইয়ের বিক্রির উপর বিক্রি না করে।","['bukhari_2139', 'muslim_3811', 'muslim_3458', 'bukhari_2165', 'muslim_6537']",False,True,"['bukhari_3167', 'bukhari_6944', 'muslim_1765', 'bukhari_4037', 'bukhari_7455', 'muslim_225', 'bukhari_13', 'bukhari_5981', 'bukhari_2745', 'bukhari_5684']","['bukhari_2139', 'bukhari_2160', 'bukhari_2140', 'bukhari_2723', 'bukhari_5142', 'bukhari_2150', 'bukhari_2177', 'bukhari_2165', 'bukhari_7072', 'bukhari_6076']"
C1589,"হযরত আবু হুরায়রা (রা) বলেছেন, রাসূলুল্লাহ (সা) বলেছেন, তোমরা পরস্পরের সঙ্গে বিরোধী আচরণ করো না, একে অপরের পেছনে দৌড়াও না, এবং একে অপরের ব্যবসায় হস্তক্ষেপ করো না। বরং তোমরা আল্লাহর বান্দা হিসেবে ভাই ভাই হয়ে থাকো।","['muslim_6537', 'muslim_6541', 'muslim_6536', 'muslim_6538', 'muslim_6526']",False,True,"['bukhari_6065', 'bukhari_6724', 'bukhari_5143', 'bukhari_5144', 'bukhari_6076', 'bukhari_6066', 'bukhari_5758', 'bukhari_6935', 'bukhari_6064', 'muslim_2847']","['bukhari_6076', 'bukhari_6724', 'bukhari_6064', 'bukhari_6065', 'bukhari_6066', 'muslim_6526', 'bukhari_2140', 'bukhari_2139', 'bukhari_5143', 'bukhari_5144']"
C1593,"আমি শুনেছি, রাসূলুল্লাহ (সা.) বলেছেন যে, আবু বকর, উমর এবং উসমানকে জান্নাতের সুসংবাদ দেওয়া হয়েছে। তারা যখন রাসূলুল্লাহ (সা.) এর কাছে এসেছিলেন, তখন তিনি তাদেরকে জান্নাতের খুশির খবর দিয়েছিলেন।","['muslim_6214', 'bukhari_3674', 'muslim_3692', 'muslim_6212', 'muslim_3696']",True,False,"['bukhari_7262', 'bukhari_6216', 'bukhari_3693', 'bukhari_3674', 'muslim_1763', 'bukhari_5673', 'muslim_1901', 'bukhari_129', 'bukhari_4093', 'bukhari_1299']","['muslim_2840', 'bukhari_5982', 'bukhari_3010', 'bukhari_1248', 'muslim_2926', 'bukhari_7262', 'bukhari_1381', 'muslim_2434', 'muslim_2837', 'muslim_2836']"
C1594,"আমার জানা মতে, রাসূলুল্লাহ (সা.) عمرের মেয়ে عاصيةকে 'জামিলা' নামে ডাকতেন।","['muslim_5605', 'muslim_5604', 'muslim_6290', 'muslim_6318', 'muslim_4573']",False,True,"['muslim_1489', 'muslim_2603', 'bukhari_3491', 'bukhari_1929', 'bukhari_4301', 'bukhari_3032', 'bukhari_4912', 'bukhari_2699', 'bukhari_7420', 'bukhari_1467']","['muslim_5605', 'muslim_2140', 'muslim_5565', 'bukhari_5655', 'bukhari_5936', 'bukhari_6192', 'bukhari_6655', 'bukhari_3432', 'bukhari_516', 'bukhari_1284']"
C1602,"নবী (সা.) বলেছেন, যে কেউ এমন একটি জমি উন্নত করে যা কারও নয়, সে সেই জমির অধিকারের অধিকারী। عمر (রা.) তার খিলাফতের সময় এ বিষয়ে সিদ্ধান্ত দিয়েছিলেন।","['bukhari_2335', 'muslim_4128', 'muslim_4087', 'bukhari_2402', 'muslim_583']",False,True,"['bukhari_2453', 'muslim_1721', 'bukhari_2772', 'bukhari_6957', 'bukhari_6958', 'bukhari_1390.3', 'bukhari_6779', 'bukhari_1472', 'bukhari_2632', 'bukhari_2371']","['bukhari_2335', 'bukhari_2632', 'bukhari_2341', 'bukhari_2340', 'bukhari_2329', 'bukhari_2625', 'bukhari_2206', 'bukhari_2496', 'bukhari_3196', 'bukhari_2398']"
C1613,"নবী সাল্লাল্লাহু আলাইহি ওয়াসাল্লাম বলেছেন, আয়েশা আমাকে বলেছেন যে, তিনি একটি কুরআন লিখতে চান। তিনি আমাকে নির্দেশ দিয়েছেন যে, যখন আমি একটি নির্দিষ্ট আয়াতে পৌঁছাব, তখন তাকে জানাতে। তিনি বললেন, ""নামাজগুলো রক্ষা করো, বিশেষ করে মধ্যম নামাজ এবং আসর নামাজ, এবং আল্লাহর জন্য দাঁড়াও।""","['muslim_1427', 'bukhari_4534', 'muslim_6290', 'muslim_3679', 'muslim_6313']",True,False,"['muslim_629', 'muslim_1396', 'bukhari_3894', 'bukhari_1679', 'muslim_834', 'bukhari_3571', 'bukhari_3835', 'bukhari_4534', 'bukhari_1206', 'muslim_2445']","['bukhari_373', 'muslim_4609', 'bukhari_637', 'bukhari_6670', 'bukhari_5817', 'bukhari_1117', 'bukhari_6310', 'bukhari_642', 'muslim_417', 'bukhari_994']"
C1625,"নবীজি (সাল্লাল্লাহু আলাইহি ওয়া সাল্লাম) বলেছেন, জান্নাতের অধিকারী হবে দুর্বল ও বিনম্র মানুষ, যারা আল্লাহর নামে শপথ করলে আল্লাহ তাদের কথা রাখবেন। আর জাহান্নামের অধিকারী হবে গর্বিত ও অহংকারী মানুষ।","['muslim_7189', 'muslim_7187', 'bukhari_4918', 'bukhari_6071', 'bukhari_6657']",False,True,"['bukhari_4850', 'bukhari_3254', 'bukhari_6522', 'bukhari_3246', 'bukhari_6548', 'bukhari_7384', 'bukhari_6559', 'bukhari_7450', 'bukhari_2652', 'bukhari_6530']","['muslim_2840', 'bukhari_4918', 'muslim_2956', 'muslim_187', 'bukhari_6657', 'bukhari_6559', 'bukhari_7450', 'bukhari_6071', 'bukhari_6569', 'bukhari_3256']"
C1627,"আমি শুনেছি, যে যখন কেউ ইমাম খুতবা দিচ্ছে, তখন তাকে দুই রাকাত নামাজ পড়া উচিত।","['muslim_2024', 'bukhari_1170', 'muslim_2022', 'muslim_1956', 'muslim_1965']",False,True,"['muslim_834', 'muslim_729', 'muslim_765', 'muslim_2093', 'bukhari_4535', 'muslim_767', 'bukhari_1051', 'muslim_768', 'muslim_393', 'bukhari_6671']","['bukhari_1170', 'bukhari_444', 'bukhari_5553', 'bukhari_1164', 'bukhari_626', 'bukhari_995', 'bukhari_1083', 'bukhari_1167', 'bukhari_1655', 'bukhari_1123']"
C1643,"নবী মুহাম্মদ (সা.) বলেছেন যে, তিনি আজকের দিনেই আবিসিনিয়ার রাজা নাজাশি সম্পর্কে জানিয়েছেন যে তিনি মারা গেছেন। তিনি আমাদের বলেছেন, আমাদের উচিত তার জন্য দোয়া করা।","['muslim_2205', 'bukhari_3880', 'bukhari_1327', 'bukhari_1328', 'muslim_2204']",False,True,"['bukhari_1333', 'bukhari_3136', 'muslim_1801', 'bukhari_4615', 'bukhari_7055', 'bukhari_7056', 'bukhari_3031', 'bukhari_4928', 'bukhari_6718', 'bukhari_5044']","['bukhari_1245', 'bukhari_1333', 'bukhari_1318', 'bukhari_3877', 'bukhari_3100', 'bukhari_3879', 'bukhari_1327', 'bukhari_1328', 'bukhari_4428', 'bukhari_678']"
C1646,"আবু বুরদা এবং আবদুল্লাহ বিন শাদাদ বলেছেন যে, তারা আবদুর রহমান বিন আবজি এবং আবদুল্লাহ বিন আবী আওফার কাছে গিয়েছিলেন। সেখানে তারা জানিয়েছেন যে, তারা রাসূলুল্লাহ (সা.)-এর সাথে মাগানিম লাভ করতেন এবং তখন শাম অঞ্চলের কিছু লোক তাদের কাছে এসে গম, বার্লি এবং কিশমিশের জন্য নির্দিষ্ট সময়ে ঋণ নিতেন।","['bukhari_2254', 'bukhari_2255', 'bukhari_2244', 'bukhari_2242', 'bukhari_2243']",True,False,"['bukhari_2255', 'bukhari_2254', 'bukhari_2244', 'bukhari_5729', 'bukhari_4596', 'bukhari_7192', 'bukhari_1676', 'bukhari_7195', 'bukhari_2243', 'bukhari_2242']","['bukhari_6441', 'muslim_1721', 'bukhari_2386', 'bukhari_6353', 'bukhari_3049', 'bukhari_2577', 'bukhari_2068', 'bukhari_3190', 'bukhari_3134', 'bukhari_5499']"
C1652,"আমি শুনেছি যে, একজন ব্যক্তি বলেছিলেন যে তিনি নামাজ পড়ছেন, কিন্তু আসলে তিনি নামাজের উদ্দেশ্যে পড়ছেন না; বরং তিনি আমাদেরকে দেখাতে চান যে কিভাবে তিনি রাসূলুল্লাহ (সা.)-কে নামাজ পড়তে দেখেছেন।","['bukhari_677', 'bukhari_824', 'muslim_1060', 'muslim_2091', 'muslim_3690']",True,False,"['bukhari_7550', 'bukhari_824', 'bukhari_5041', 'bukhari_5018', 'muslim_446', 'bukhari_4944', 'bukhari_2419', 'muslim_796', 'bukhari_4992', 'bukhari_599']","['muslim_1156', 'bukhari_137', 'bukhari_1170', 'bukhari_751', 'bukhari_965', 'bukhari_647', 'bukhari_702', 'bukhari_401', 'muslim_961', 'bukhari_370']"
C1654,"রাসূলুল্লাহ (সাল্লাল্লাহু আলাইহি ওয়া সাল্লাম) হজের উদ্দেশ্যে বের হয়েছিলেন এবং তাঁর সঙ্গীরা ছিলেন। এ সময় আবু কাতাদা একটি বন্য গাধাকে শিকার করেন এবং তার মাংস খান, যদিও তারা সবাই ইহরাম অবস্থায় ছিলেন। রাসূলুল্লাহ (সাল্লাল্লাহু আলাইহি ওয়া সাল্লাম) বললেন, তারা যদি কেউ তাকে নির্দেশ না দেয়, তবে তাদের জন্য মাংস খাওয়া বৈধ।","['muslim_2855', 'bukhari_1824', 'muslim_1562', 'muslim_2854', 'muslim_4998']",True,False,"['bukhari_1824', 'bukhari_1822', 'bukhari_2854', 'bukhari_5407', 'bukhari_1821', 'muslim_1227', 'bukhari_2914', 'bukhari_2570', 'bukhari_4101', 'muslim_2056']","['muslim_1197', 'bukhari_3997', 'bukhari_5547', 'bukhari_207', 'bukhari_5414', 'muslim_1971', 'bukhari_4226', 'muslim_1227', 'bukhari_5511', 'bukhari_5574']"
C1663,"আমি শুনেছি, রাসূলুল্লাহ (সা.) আমাদেরকে জাকাতুল ফিতর দেওয়ার সময় খাদ্য, গম, খেজুর, কিশমিশ বা দইয়ের একটি সা' পরিমাণ দিতে নির্দেশ দিয়েছিলেন।","['muslim_2284', 'bukhari_1506', 'muslim_2287', 'muslim_2279', 'muslim_2285']",False,True,"['bukhari_1510', 'bukhari_1503', 'bukhari_5446', 'bukhari_2490', 'bukhari_1507', 'bukhari_1508', 'bukhari_1511', 'bukhari_5182', 'bukhari_2080', 'muslim_2007']","['bukhari_1506', 'bukhari_2485', 'bukhari_1508', 'bukhari_1510', 'bukhari_1507', 'muslim_2281', 'bukhari_1505', 'bukhari_1503', 'bukhari_5495', 'bukhari_2299']"
C1668,"আমি শুনেছি যে, যখন মুঅাজ্জিন আজান দিচ্ছিল, তখন মাওয়িয়া বলেছিলেন, ""আল্লাহু আকবার"" এবং ""আমি সাক্ষ্য দিচ্ছি যে আল্লাহ ছাড়া কোনো ইলাহ নেই""। এরপর তিনি আরও বলেছিলেন, ""আমি সাক্ষ্য দিচ্ছি যে মুহাম্মদ আল্লাহর রাসূল""। তিনি বলেছেন যে, তিনি এই কথাগুলো রাসূলুল্লাহর মুখ থেকে শুনেছেন।","['bukhari_914', 'muslim_850', 'muslim_847', 'muslim_842', 'muslim_851']",True,False,"['bukhari_914', 'muslim_5968', 'muslim_2968', 'bukhari_610', 'bukhari_6267', 'bukhari_128', 'muslim_2474', 'muslim_772', 'muslim_2969', 'bukhari_7524']","['bukhari_2157', 'bukhari_612', 'bukhari_4896', 'bukhari_5222', 'bukhari_5811', 'muslim_385', 'bukhari_71', 'bukhari_926', 'bukhari_7274', 'bukhari_6265']"
C1670,"নবী (সা.) বলেছেন, যে নারী আল্লাহ ও পরকালের উপর বিশ্বাসী, সে তিন দিনের বেশি মৃতের জন্য শোক পালন করতে পারবে না, কেবল তার স্বামী মারা গেলে সে চার মাস দশ দিন শোক পালন করবে।","['muslim_3734', 'muslim_3729', 'muslim_3728', 'bukhari_1281', 'bukhari_1282']",True,False,"['bukhari_5339', 'bukhari_1281', 'bukhari_1282', 'bukhari_1280', 'bukhari_5345', 'bukhari_5335', 'muslim_1489', 'bukhari_5334', 'bukhari_4531', 'muslim_3727']","['bukhari_5339', 'muslim_1491', 'bukhari_5342', 'bukhari_5340', 'bukhari_1086', 'muslim_1489', 'bukhari_5335', 'bukhari_1087', 'bukhari_5341', 'bukhari_1279']"
C1672,"রাসূলুল্লাহ (সাল্লাল্লাহু আলাইহি ওয়া সাল্লাম) বলেছেন, ""যদি কোনো মহিলা অস্বাভাবিক রক্তপাতের সম্মুখীন হয়, তবে এটি মাসিক রক্তপাত নয়। মাসিক শুরু হলে নামাজ বন্ধ করতে হবে এবং শেষ হলে রক্ত পরিষ্কার করে নামাজ পড়তে হবে।""","['muslim_753', 'bukhari_306', 'bukhari_228', 'bukhari_320', 'bukhari_331']",False,True,"['muslim_1489', 'muslim_1484', 'bukhari_7315', 'muslim_302', 'bukhari_324', 'bukhari_980', 'bukhari_6970', 'muslim_1026', 'bukhari_314', 'bukhari_5500']","['bukhari_306', 'bukhari_320', 'bukhari_331', 'bukhari_325', 'bukhari_307', 'bukhari_228', 'bukhari_227', 'bukhari_327', 'bukhari_1951', 'muslim_299']"
C1677,"নবী সাল্লাল্লাহু আলাইহি ওয়াসাল্লাম বলেছেন যে, তিনি মসজিদের কিবলার দিকে থুতু দেখতে পেয়েছিলেন। তবে, ধুহাকের বক্তব্য অনুযায়ী, এতে কিবলার দিকে থুতুর বিষয়টি উল্লেখ করা হয়েছে।","['muslim_1224', 'muslim_1225', 'bukhari_407', 'muslim_1228', 'bukhari_753']",False,True,"['bukhari_4824', 'bukhari_4693', 'bukhari_5696', 'bukhari_4820', 'bukhari_929', 'bukhari_4825', 'bukhari_1007', 'bukhari_4821', 'bukhari_4767', 'bukhari_405']","['bukhari_405', 'bukhari_407', 'bukhari_414', 'bukhari_836', 'bukhari_417', 'bukhari_3597', 'bukhari_7128', 'bukhari_753', 'bukhari_1213', 'bukhari_669']"
C1680,"রাসূলুল্লাহ (সা.) বলেছেন, ""হে কুরাইশ, তোমরা আল্লাহর কাছে নিজেদের রক্ষা করো, আমি তোমাদের জন্য আল্লাহর কাছে কিছুই করতে পারবো না।"" তিনি তাঁর পরিবারের সদস্যদেরও একই কথা বলেছেন, যে আমি তোমাদের জন্য আল্লাহর কাছে কিছুই করতে পারবো না।","['muslim_504', 'bukhari_2753', 'bukhari_4771', 'muslim_503', 'muslim_501']",True,False,"['bukhari_2753', 'muslim_187', 'bukhari_4771', 'bukhari_6563', 'bukhari_5087', 'muslim_2039', 'muslim_1894', 'bukhari_5126', 'bukhari_2518', 'bukhari_3527']","['bukhari_6625', 'bukhari_6339', 'bukhari_3512', 'bukhari_6616', 'bukhari_6463', 'bukhari_6648', 'bukhari_3504', 'bukhari_7052', 'bukhari_3381', 'bukhari_7468']"
C1686,"নবী সাল্লাল্লাহু আলাইহি ওয়া সাল্লাম বলেছেন, নামাজের সময় যদি কিছু করতে হয়, তাহলে একবার মাটির খোড়া সমান করতে হবে।","['muslim_1219', 'bukhari_1207', 'muslim_1220', 'bukhari_5671', 'muslim_6814']",False,True,"['bukhari_1166', 'bukhari_6253', 'bukhari_831', 'bukhari_6230', 'bukhari_1358', 'bukhari_6323', 'bukhari_944', 'bukhari_6306', 'bukhari_1154', 'bukhari_1120']","['bukhari_1207', 'bukhari_360', 'bukhari_354', 'muslim_1611', 'bukhari_491', 'muslim_417', 'bukhari_723', 'bukhari_2473', 'bukhari_556', 'bukhari_1117']"
C1689,"নবী মুহাম্মদ (সা.) বলেছেন যে, ফজরের নামাজের পর সূর্য ওঠা পর্যন্ত এবং আসরের নামাজের পর সূর্য ডোবার আগে নামাজ পড়া নিষেধ। এছাড়াও, তিনি এক কাপড়ে বসে থাকার এবং কিছু বিশেষ ধরনের ব্যবসা করার ব্যাপারেও নিষেধ করেছেন।","['bukhari_584', 'muslim_1921', 'bukhari_588', 'bukhari_6284', 'muslim_1374']",False,True,"['bukhari_5819', 'bukhari_581', 'bukhari_3272', 'bukhari_3273', 'muslim_827', 'bukhari_586', 'bukhari_547', 'bukhari_541', 'bukhari_771', 'bukhari_2793']","['muslim_825', 'bukhari_1629', 'bukhari_588', 'bukhari_5819', 'bukhari_1992', 'bukhari_1991', 'bukhari_584', 'bukhari_581', 'bukhari_3272', 'bukhari_3273']"
C1705,"আমি শুনেছি, যখন একজন ব্যক্তি অসুস্থ ছিলেন, তখন রাসূলুল্লাহ (সা.) এবং আবু বকর (রা.) তার খোঁজে আসেন। তারা তাকে দেখে পানির সাহায্যে তাওয়াজ্জুহ করেন।","['muslim_4145', 'bukhari_5651', 'bukhari_6723', 'bukhari_7309', 'muslim_4147']",False,True,"['muslim_681', 'muslim_2293', 'muslim_2474', 'muslim_1462', 'muslim_2544', 'muslim_832', 'muslim_1779', 'muslim_2765', 'muslim_2166', 'muslim_2893']","['bukhari_5016', 'bukhari_169', 'bukhari_7309', 'bukhari_3573', 'bukhari_187', 'bukhari_7022', 'bukhari_7129', 'bukhari_388', 'muslim_1156', 'bukhari_2588']"
C1708,"আমি শুনেছি যে, নবী মুহাম্মদ (সা.) বলেছেন, একজন মুসলিম নারীকে তার স্বামীর মৃত্যুর পর তিন দিনের বেশি শোক পালন করা উচিত নয়, তবে স্বামী মারা গেলে চার মাস এবং দশ দিন শোক পালন করা যাবে।","['muslim_3728', 'muslim_3725', 'muslim_3726', 'muslim_3727', 'bukhari_1281']",True,False,"['bukhari_5339', 'bukhari_1282', 'bukhari_1281', 'bukhari_5335', 'muslim_1489', 'bukhari_1280', 'bukhari_5345', 'bukhari_5334', 'bukhari_5341', 'muslim_3725']","['bukhari_5339', 'bukhari_5340', 'muslim_1491', 'muslim_1489', 'bukhari_5342', 'bukhari_5341', 'bukhari_1279', 'bukhari_1086', 'bukhari_1087', 'bukhari_1907']"
C1711,"আম্মা আতিয়া বলেছেন, আমরা মৃতের জানাজার পিছনে যাওয়া থেকে বিরত থাকার জন্য বলা হয়েছিল, কিন্তু আমাদের উপর এটি বাধ্যতামূলক করা হয়নি।","['muslim_2167', 'bukhari_1278', 'muslim_2166', 'bukhari_313', 'bukhari_5341']",False,True,"['muslim_2867', 'bukhari_3617', 'muslim_1128', 'muslim_2781', 'bukhari_167', 'bukhari_1803', 'bukhari_324', 'bukhari_1321', 'bukhari_980', 'bukhari_114']","['bukhari_1278', 'bukhari_1391', 'bukhari_4892', 'bukhari_7327', 'bukhari_7328', 'bukhari_6868', 'bukhari_1310', 'bukhari_6516', 'bukhari_5192', 'bukhari_326']"
C1712,"আমি শুনেছি যে, নবী মুহাম্মদ (সা.) বলেছেন, ""মুহাম্মদ এবং তাঁর পরিবারে সালাত পাঠাও যেমন তুমি ইব্রাহিমের উপর সালাত পাঠাও।""","['muslim_911', 'muslim_907', 'muslim_908', 'bukhari_4798', 'bukhari_4797']",False,True,"['bukhari_3370', 'bukhari_901', 'bukhari_3369', 'bukhari_670', 'bukhari_507', 'bukhari_1117', 'bukhari_3418', 'bukhari_1977', 'muslim_832', 'bukhari_512']","['bukhari_6358', 'bukhari_6360', 'bukhari_4797', 'bukhari_3514', 'bukhari_6253', 'bukhari_6332', 'bukhari_3369', 'bukhari_4560', 'bukhari_688', 'bukhari_3421']"
C1725,"রাসুলুল্লাহ (সা.) আমাকে, আবু মার্থদ গনওয়ী এবং জুবায়ের বিন আওয়ামকে পাঠিয়েছিলেন। তিনি বলেছিলেন, ""তোমরা রওদাতুল খাখে যাও, সেখানে এক মুশরিক মহিলা আছে যার কাছে হাতিবের একটি চিঠি রয়েছে।""","['muslim_6402', 'muslim_6401', 'bukhari_3983', 'bukhari_6259', 'bukhari_3007']",True,False,"['bukhari_3659', 'bukhari_7220', 'muslim_6179', 'muslim_6180', 'bukhari_1664', 'bukhari_6259', 'bukhari_6939', 'bukhari_3983', 'bukhari_3139', 'bukhari_3081']","['muslim_2397', 'muslim_1076', 'bukhari_5260', 'bukhari_6504', 'muslim_2490', 'bukhari_4244', 'bukhari_4245', 'bukhari_2302', 'bukhari_2303', 'bukhari_2939']"
C1733,"আমি শুনেছি যে, নবী সাল্লাল্লাহু আলাইহি ওয়াসাল্লাম বলেছেন, যদি কেউ তার জমি দান করতে চায়, তবে সে তার মূল জমিটি বিক্রি বা হস্তান্তর না করে গরিবদের জন্য দান করতে পারে। তিনি আরও বলেছেন যে, যারা এই জমির তত্ত্বাবধান করবে, তারা এর থেকে সাধারণভাবে খেতে বা বন্ধুদের খাওয়াতে পারে।","['muslim_4224', 'bukhari_2772', 'bukhari_2737', 'bukhari_2764', 'bukhari_2773']",True,False,"['bukhari_2772', 'bukhari_2737', 'bukhari_5488', 'muslim_1721', 'bukhari_2632', 'bukhari_2341', 'bukhari_2340', 'bukhari_2764', 'bukhari_5478', 'bukhari_2722']","['bukhari_2632', 'muslim_1544', 'bukhari_2341', 'bukhari_2340', 'bukhari_2133', 'bukhari_2342', 'bukhari_2398', 'bukhari_2330', 'bukhari_3600', 'muslim_1721']"
C1737,"আমি শুনেছি, নবী (সা.) যখন শহরে প্রবেশ করছিলেন, তখন তাঁর কাছে আবু বকর (রা.) এসে বললেন যে, আমি তাঁর জন্য অপেক্ষা করছি। নবী (সা.) তখন তাঁর মাথা আমার কোলে রেখে ঘুমিয়ে পড়লেন। এরপর সকালে যখন পানি খুঁজে পাওয়া গেল না, তখন নবী (সা.) আয়াত পড়লেন। আবু বকর (রা.) বললেন, ""তোমরা আল্লাহর কাছে বরকত।""","['bukhari_4608', 'bukhari_6845', 'muslim_817', 'muslim_816', 'muslim_3691']",True,False,"['bukhari_4453', 'bukhari_4454', 'bukhari_4452', 'bukhari_687', 'bukhari_4608', 'muslim_1779', 'muslim_832', 'muslim_1763', 'bukhari_3668', 'bukhari_3667']","['bukhari_2885', 'muslim_2474', 'bukhari_7022', 'muslim_2715', 'bukhari_213', 'bukhari_3664', 'bukhari_212', 'bukhari_5038', 'bukhari_3691', 'bukhari_6844']"
C1747,"আমার এক বন্ধু বলল, উমর রাদিয়াল্লাহু আনহু নবী সাল্লাল্লাহু আলাইহি ওয়াসাল্লামের কাছে বলেছিলেন যে, রাতে তার ওপর জ্ঞান হারানোর অবস্থা ঘটে। নবীজি তাকে বললেন, ""তুমি ওজু করো এবং তোমার অঙ্গ পরিষ্কার করো, তারপর শুয়ে পড়ো।""","['muslim_704', 'bukhari_290', 'muslim_7356', 'muslim_6214', 'muslim_5312']",False,True,"['muslim_2722', 'muslim_2867', 'bukhari_5254', 'muslim_589', 'bukhari_7297', 'bukhari_6376', 'bukhari_4943', 'bukhari_361', 'bukhari_6374', 'muslim_832']","['bukhari_290', 'muslim_787', 'bukhari_212', 'bukhari_162', 'muslim_304', 'bukhari_6296', 'bukhari_3295', 'muslim_786', 'muslim_238', 'bukhari_5624']"
C1749,"রাসূলুল্লাহ (সা.) একবার একজন সাহাবীর বাড়িতে গিয়ে দুই রাকাত নামাজ পড়েছিলেন। সাহাবীটি বলেছিলেন যে, তার চোখের দৃষ্টিশক্তি কমে গেছে এবং তিনি মসজিদে যেতে পারছেন না, তাই রাসূল (সা.) তার বাড়িতে নামাজ পড়ার জন্য এসেছিলেন।","['muslim_1496', 'bukhari_839', 'bukhari_840', 'muslim_1498', 'bukhari_425']",True,False,"['bukhari_937', 'bukhari_840', 'bukhari_839', 'bukhari_5401', 'bukhari_473', 'bukhari_1171', 'bukhari_590', 'bukhari_931', 'bukhari_697', 'bukhari_4572']","['bukhari_697', 'muslim_712', 'muslim_653', 'bukhari_424', 'muslim_765', 'bukhari_1153', 'bukhari_715', 'bukhari_590', 'bukhari_667', 'bukhari_473']"
C1752,নবী মুহাম্মদ (সা.)-এর আংটি ছিল রূপার এবং তার পাথরও রূপার ছিল।,"['muslim_5481', 'bukhari_5870', 'muslim_5487', 'muslim_5486', 'muslim_5480']",False,True,"['bukhari_5865', 'bukhari_5866', 'bukhari_5758', 'bukhari_1620', 'bukhari_270', 'bukhari_370', 'bukhari_6444', 'bukhari_3032', 'muslim_1924', 'bukhari_3377']","['bukhari_5870', 'bukhari_5866', 'bukhari_5865', 'bukhari_5877', 'bukhari_5873', 'bukhari_1264', 'muslim_2081', 'bukhari_1273', 'bukhari_354', 'bukhari_836']"
C1763,"নবী মুহাম্মদ (সা.) বলেছেন যে, মুসলিমদের উচিত তাদের স্ত্রীদের কুফারদের কাছে ফিরিয়ে দেওয়া, যদি তারা তাদের স্বামীদের জন্য খরচ করা টাকা ফেরত না দেয়। উমর (রা.) দুইজন স্ত্রীকে তালাক দেন এবং পরে তারা অন্যদের সাথে বিয়ে করেন।","['bukhari_2733', 'bukhari_4182', 'muslim_4440', 'muslim_4612', 'muslim_4588']",True,False,"['bukhari_2733', 'bukhari_2711', 'bukhari_2712', 'bukhari_2608', 'bukhari_2607', 'bukhari_4916', 'bukhari_4319', 'bukhari_4318', 'muslim_1887', 'bukhari_4794']","['bukhari_2660', 'bukhari_5264', 'bukhari_5119', 'bukhari_6834', 'bukhari_4916', 'bukhari_7469', 'bukhari_5333', 'bukhari_3772', 'bukhari_5251', 'bukhari_5886']"
C1777,"হযরত হুযায়ফা (রা) বলেছেন, নবী (সা) বলেছেন, আমার কাছে যদি তিনটি স্বর্ণের চেয়ে একটি দীনার থাকত, তবে আমি সেই দীনারটি ঋণের জন্য সংরক্ষণ করতাম।","['muslim_2302', 'bukhari_2389', 'bukhari_6445', 'muslim_2304', 'bukhari_7228']",False,True,"['bukhari_7163', 'bukhari_7164', 'bukhari_6846', 'bukhari_1978', 'bukhari_6977', 'bukhari_5052', 'bukhari_6981', 'muslim_796', 'bukhari_3129', 'bukhari_5970']","['bukhari_7228', 'bukhari_2389', 'bukhari_6445', 'bukhari_6436', 'bukhari_1498', 'bukhari_6797', 'bukhari_2181', 'bukhari_2180', 'bukhari_6798', 'bukhari_6435']"
C1785,"আমি শুনেছি যে, যখন তিনি ফিতনার সময় মক্কায় উমরাহ করতে গিয়েছিলেন, তখন তিনি বলেছিলেন যে, যদি তিনি কাবা থেকে বিরত থাকেন, তবে তিনি রাসূলুল্লাহ (সা.) এর মতো উমরাহ করবেন। কারণ রাসূলুল্লাহ (সা.) হুদাইবিয়ার সময় উমরাহ করেছিলেন।","['bukhari_1806', 'bukhari_4183', 'muslim_2989', 'bukhari_1813', 'muslim_2939']",False,True,"['bukhari_1635', 'muslim_229', 'bukhari_5289', 'muslim_681', 'bukhari_1564', 'bukhari_347', 'bukhari_4152', 'bukhari_2045', 'muslim_832', 'muslim_1254']","['bukhari_1589', 'bukhari_1806', 'bukhari_4397', 'muslim_1383', 'bukhari_1565', 'bukhari_1570', 'bukhari_4285', 'bukhari_5455', 'bukhari_2981', 'bukhari_2003']"
C1789,"আমি শুনেছি নবী সাল্লাল্লাহু আলাইহি ওয়া সাল্লাম বলেছেন, জ্বর জাহান্নামের উত্তাপ থেকে, তাই এটিকে পানি দিয়ে ঠান্ডা করতে হবে। তিনি ইবন লামার-এর কাছে গিয়ে বললেন, ""হে মানুষের রব, মানুষের ইলাহ, আমাদের দুঃখ দূর করুন।""","['muslim_5755', 'muslim_5751', 'muslim_5752', 'bukhari_5725', 'bukhari_3264']",False,True,"['bukhari_7516', 'muslim_1795', 'muslim_187', 'bukhari_5723', 'muslim_163', 'muslim_202', 'muslim_1763', 'muslim_1903', 'muslim_681', 'muslim_2712']","['bukhari_5726', 'bukhari_3263', 'bukhari_3264', 'bukhari_3262', 'bukhari_5723', 'bukhari_5725', 'bukhari_3261', 'bukhari_3259', 'bukhari_534', 'bukhari_533']"
C1806,নবী সাল্লাল্লাহু আলাইহি ওয়াসাল্লাম গাছের পথ দিয়ে বের হতেন এবং বিয়ের পথ দিয়ে প্রবেশ করতেন।,"['muslim_3040', 'bukhari_1533', 'muslim_824', 'muslim_5661', 'muslim_4043']",False,True,"['muslim_195', 'muslim_1327', 'muslim_1061', 'muslim_2407', 'muslim_1152', 'bukhari_3701', 'bukhari_4330', 'muslim_2789', 'muslim_1067', 'bukhari_6901']","['bukhari_1533', 'bukhari_973', 'bukhari_1581', 'bukhari_5314', 'bukhari_5216', 'bukhari_6703', 'bukhari_5170', 'bukhari_1578', 'bukhari_2472', 'bukhari_337']"
C1809,"আমি শুনেছি যে রাসূলুল্লাহ (সা.) বলেছেন, একবার তিনি কিছু সময়ের জন্য আল্লাহর ওহী থেকে বঞ্চিত ছিলেন। এরপর যখন তিনি হাঁটছিলেন, তখন তিনি ভয়াবহ এক অনুভূতি অনুভব করেন এবং মাটিতে পড়ে যান।","['muslim_407', 'muslim_406', 'bukhari_4926', 'bukhari_3238', 'bukhari_6214']",True,False,"['muslim_1754', 'bukhari_6517', 'bukhari_7472', 'bukhari_4926', 'muslim_681', 'bukhari_1021', 'muslim_2407', 'muslim_2498', 'bukhari_2861', 'bukhari_4638']","['bukhari_6146', 'bukhari_5789', 'bukhari_3405', 'bukhari_1130', 'bukhari_732', 'bukhari_1124', 'bukhari_4073', 'bukhari_6291', 'bukhari_7120', 'bukhari_836']"
C1814,"নবীজি বলেছেন, আল্লাহ আকাশ ও পৃথিবী সৃষ্টি করার দিন একশ' রহমত সৃষ্টি করেছেন। এর মধ্যে একটিকে পৃথিবীতে দিয়েছেন, যাতে মায়েরা তাদের সন্তানদের প্রতি দয়া করেন এবং পশু-পাখিরাও একে অপরের প্রতি সদয় থাকে। কিয়ামতের দিন আল্লাহ এই রহমতকে পূর্ণ করবেন।","['muslim_6977', 'muslim_6974', 'muslim_6973', 'bukhari_6469', 'muslim_6975']",False,True,"['muslim_2789', 'muslim_2791', 'bukhari_4811', 'muslim_449', 'bukhari_4824', 'muslim_1763', 'bukhari_5181', 'bukhari_3189', 'bukhari_4406', 'muslim_2864']","['bukhari_6000', 'muslim_6977', 'bukhari_7451', 'muslim_2789', 'bukhari_3326', 'muslim_2841', 'muslim_6974', 'muslim_1772', 'bukhari_7404', 'bukhari_1145']"
C1833,"রাসূলুল্লাহ (সা.) একবার বলেছিলেন যে, তিনি একটি পাত্রে গোসল করতেন এবং আমি তাঁর সাথে একই পাত্রে গোসল করেছি।","['muslim_727', 'bukhari_5956', 'bukhari_250', 'bukhari_322', 'muslim_731']",False,True,"['bukhari_5631', 'muslim_320', 'bukhari_327', 'bukhari_320', 'bukhari_199', 'bukhari_228', 'bukhari_5639', 'bukhari_5782', 'muslim_229', 'muslim_324']","['bukhari_5956', 'bukhari_261', 'bukhari_262', 'bukhari_231', 'bukhari_300', 'bukhari_301', 'bukhari_299', 'bukhari_257', 'bukhari_259', 'bukhari_263']"
C1840,"রাসূলুল্লাহ (সা.) মিনায় দুই রাকাত নামাজ পড়েছেন, এরপর আবু বকর, عمر এবং عثمانও তাদের সময়ে নামাজ পড়েছেন। উসমান চার রাকাত পড়ার পর, ইবনু উমর ইমামের সঙ্গে চার রাকাত পড়লে, একা পড়লে দুই রাকাত পড়তেন।","['muslim_1592', 'muslim_1590', 'bukhari_1655', 'muslim_1594', 'muslim_1596']",False,True,"['muslim_765', 'muslim_729', 'muslim_2093', 'bukhari_715', 'muslim_834', 'muslim_1718', 'bukhari_4535', 'bukhari_937', 'bukhari_3285', 'muslim_767']","['bukhari_1655', 'bukhari_937', 'bukhari_1224', 'bukhari_1082', 'bukhari_562', 'bukhari_715', 'bukhari_1657', 'bukhari_1164', 'bukhari_1084', 'muslim_2093']"
C1845,"আবু বকর رضي الله عنه বলেছেন যে, রাসূলুল্লাহ صلى الله عليه وسلم নির্দেশ দিয়েছিলেন যে, আল্লাহর বিধানগুলোকে একত্রিত করা উচিত এবং একত্রিত বিষয়গুলোকে আলাদা করা উচিত নয়, যাতে দান দেওয়ার সময় কোনো অসুবিধা না হয়।","['bukhari_6955', 'bukhari_1450', 'bukhari_1455', 'bukhari_2487', 'bukhari_1451']",False,True,"['bukhari_2748', 'muslim_1462', 'bukhari_4241', 'bukhari_4240', 'muslim_2503', 'bukhari_6725', 'bukhari_6726', 'muslim_1758', 'muslim_1755', 'bukhari_4383']","['muslim_1732', 'bukhari_69', 'bukhari_6955', 'bukhari_1450', 'bukhari_3005', 'muslim_435', 'bukhari_2591', 'bukhari_6125', 'bukhari_6951', 'bukhari_5980']"
C1848,"নবী মুহাম্মদ (সা.) কৃষি জমি ভাড়া দেওয়া থেকে নিষেধ করেছেন। আমি সালেমকে জিজ্ঞেস করলাম, তুমি কি জমি ভাড়া দাও? তিনি বললেন, হ্যাঁ, কারণ এতে আমার লাভ বেশি হয়।","['bukhari_4012', 'bukhari_4013', 'muslim_3940', 'muslim_3938', 'muslim_3944']",True,False,"['bukhari_4013', 'bukhari_4012', 'bukhari_2634', 'bukhari_2339', 'bukhari_2332', 'bukhari_2342', 'bukhari_2722', 'bukhari_2327', 'muslim_1801', 'bukhari_2344']","['bukhari_2345', 'bukhari_2342', 'bukhari_2722', 'bukhari_2327', 'bukhari_2332', 'bukhari_2340', 'bukhari_2341', 'bukhari_2634', 'bukhari_2632', 'bukhari_2330']"
C1855,"একজন আরবী এসে বললেন, ""হে রাসূলুল্লাহ, আমাদের মধ্যে আল্লাহর কিতাব অনুযায়ী বিচার করুন।"" তখন রাসূলুল্লাহ (সা.) বললেন, ""তোমার ছেলের জন্য শাস্তি হবে একশত বেত্রাঘাত এবং এক বছরের নির্বাসন, আর সেই মহিলাকে রেজম করা হবে।""","['bukhari_2695', 'bukhari_2696', 'bukhari_7193', 'bukhari_7194', 'bukhari_6835']",True,False,"['bukhari_7193', 'bukhari_7194', 'bukhari_2696', 'bukhari_2695', 'bukhari_7260', 'bukhari_6828', 'bukhari_6827', 'bukhari_6633', 'bukhari_6634', 'bukhari_6859']","['bukhari_6740', 'bukhari_6834', 'bukhari_6833', 'muslim_5855', 'bukhari_2649', 'bukhari_4018', 'bukhari_1817', 'bukhari_5886', 'bukhari_1249', 'bukhari_1250']"
C1861,"আমি শুনেছি যে, যে ব্যক্তি তার গরু বা মাঠে থাকাকালীন নামাজের জন্য আযান দেয়, তার আযান শুনে জিন, মানুষ এবং অন্যান্য সব কিছু তার পক্ষে কিয়ামতের দিন সাক্ষ্য দেবে।","['bukhari_609', 'bukhari_7548', 'bukhari_3296', 'muslim_2706', 'muslim_2290']",True,False,"['bukhari_6755', 'bukhari_3172', 'bukhari_7170', 'muslim_1721', 'bukhari_2632', 'bukhari_3296', 'bukhari_2324', 'bukhari_3688', 'bukhari_3663', 'bukhari_1412']","['muslim_511', 'bukhari_4919', 'bukhari_6531', 'bukhari_3325', 'bukhari_4816', 'bukhari_7400', 'bukhari_5562', 'bukhari_3600', 'bukhari_430', 'bukhari_4718']"
C1870,"নবীজি (সাল্লাল্লাহু আলাইহি ওয়াসাল্লাম) বলেছেন, যখন কেউ মসজিদের দেয়ালে থুতু ফেলে, তখন তাকে উচিত সামনে বা ডান দিকে থুতু না ফেলা, বরং বাম দিকে বা পায়ের নিচে ফেলতে।","['bukhari_408', 'bukhari_409', 'bukhari_410', 'bukhari_411', 'muslim_1225']",False,True,"['bukhari_414', 'bukhari_1213', 'bukhari_368', 'bukhari_417', 'muslim_681', 'bukhari_6111', 'bukhari_406', 'bukhari_405', 'bukhari_5475', 'muslim_2490']","['bukhari_412', 'bukhari_1214', 'bukhari_414', 'bukhari_410', 'bukhari_411', 'bukhari_413', 'bukhari_409', 'bukhari_408', 'bukhari_5855', 'bukhari_416']"
C1895,"নবী সাল্লাল্লাহু আলাইহি ওয়া সাল্লাম আবু বকরকে বলেছিলেন যে, তিনি বের হতে চান যখন তাকে অত্যাচার করা হচ্ছিল। আবু বকর তখন বলেছিলেন, ""আপনি কি আশা করেন যে, আপনাকে বের হতে অনুমতি দেওয়া হবে?"" নবী তখন বলেছিলেন, ""আমি আশা করি।"" এরপর নবী এবং আবু বকর একসাথে গুহায় গিয়েছিলেন এবং সেখানে লুকিয়ে ছিলেন।","['bukhari_4093', 'muslim_6406', 'muslim_6322', 'muslim_6214', 'muslim_4580']",True,False,"['bukhari_5807', 'bukhari_4093', 'bukhari_4241', 'bukhari_4240', 'bukhari_3905', 'bukhari_3661', 'muslim_1478', 'muslim_1763', 'bukhari_7190', 'bukhari_4383']","['bukhari_3922', 'bukhari_397', 'bukhari_1005', 'bukhari_6172', 'muslim_2397', 'bukhari_6374', 'bukhari_2530', 'bukhari_686', 'bukhari_4923', 'bukhari_6371']"
C1897,"আমি শুনেছি যে, রাসূলুল্লাহ (সা.) বলেছেন, যখন কেউ নতুন জায়গায় পৌঁছায়, তাকে আল্লাহর পরিপূর্ণ কথাগুলোর আশ্রয় নিতে হবে যেন সৃষ্টির ক্ষতি থেকে রক্ষা পায়। যদি কেউ সন্ধ্যায় এই কথাগুলো বলে, তাহলে তাকে কিছুই ক্ষতি করতে পারবে না।","['muslim_6880', 'muslim_6879', 'muslim_6878', 'muslim_3487', 'muslim_7502']",True,False,"['muslim_6879', 'bukhari_7005', 'bukhari_5747', 'bukhari_7045', 'muslim_2262', 'bukhari_7044', 'muslim_2474', 'bukhari_6986', 'bukhari_6985', 'bukhari_2822']","['bukhari_6415', 'muslim_2531', 'bukhari_2885', 'bukhari_5244', 'muslim_4969', 'bukhari_6361', 'bukhari_1145', 'muslim_382', 'bukhari_4636', 'bukhari_4938']"
C1916,"আমি শুনেছি যে, আবদুল্লাহ বিন সালামকে জানানো হয়েছে যে তিনি জান্নাতের লোক। কিন্তু তিনি বলেছেন, এটা বলা উচিত নয় যেটা তাদের জানা নেই। তিনি একটি স্বপ্নের কথা বলেছেন যেখানে তিনি একটি সবুজ বাগানে একটি স্তম্ভ দেখেছেন এবং সেখানে একটি দড়ি ছিল। তিনি সেই দড়ি ধরে উঠেছিলেন এবং রাসূলুল্লাহ (সা.) বলেছেন যে আবদুল্লাহ মৃত্যুবরণ করবেন যখন তিনি সেই দড়ি ধরে থাকবেন।","['muslim_6382', 'bukhari_7010', 'muslim_6381', 'bukhari_3813', 'bukhari_7014']",True,False,"['bukhari_7010', 'bukhari_7014', 'bukhari_3813', 'bukhari_1150', 'bukhari_7046', 'bukhari_4480', 'muslim_1901', 'bukhari_6702', 'bukhari_3329', 'muslim_1779']","['muslim_2478', 'bukhari_5982', 'muslim_187', 'bukhari_4046', 'bukhari_6555', 'bukhari_3255', 'bukhari_7035', 'bukhari_7345', 'bukhari_1379', 'muslim_2825']"
C1923,"আমি শুনেছি যে, আয়েশা বলেছেন যে, তিনি রাসূলুল্লাহ (সা.)-কে ফজরের দুই রাকাত নামাজে এত দ্রুত পড়তে দেখেছেন যে, তিনি মনে করেছিলেন যে, সেখানে সূরা ফাতিহা পড়া হচ্ছে।","['muslim_1684', 'muslim_1685', 'muslim_1681', 'bukhari_1165', 'muslim_2098']",True,False,"['bukhari_776', 'bukhari_759', 'bukhari_1165', 'muslim_834', 'bukhari_995', 'bukhari_5041', 'bukhari_1139', 'muslim_772', 'bukhari_4370', 'bukhari_774.2']","['bukhari_776', 'bukhari_778', 'bukhari_762', 'bukhari_759', 'bukhari_5038', 'bukhari_5037', 'bukhari_6335', 'bukhari_626', 'bukhari_1164', 'bukhari_5042']"
C1926,"আমি শুনেছি, রাসূলুল্লাহ (সাল্লাল্লাহু আলাইহি ওয়া সাল্লাম) মক্কার কাবা মসজিদে ঘুমানোর সময় তিনজন ব্যক্তি তাঁর কাছে এসেছিলেন। সেই সময় তাঁর প্রতি ওহী আসার আগে এই ঘটনা ঘটেছিল।","['muslim_414', 'bukhari_3570', 'muslim_3745', 'muslim_1564', 'muslim_5704']",True,False,"['muslim_162', 'bukhari_3570', 'muslim_2474', 'bukhari_474', 'bukhari_66', 'muslim_1787', 'muslim_925', 'muslim_2964', 'muslim_2503', 'muslim_2409']","['bukhari_697', 'muslim_162', 'bukhari_1627', 'bukhari_1815', 'bukhari_7008', 'bukhari_1764', 'bukhari_1164', 'bukhari_5042', 'bukhari_2885', 'bukhari_1547']"
C1929,"নবী মুহাম্মদ (সা.) বলেছেন, ""তোমরা ঘরে নামাজ পড়ো, কারণ একজন ব্যক্তির জন্য সবচেয়ে ভালো নামাজ হলো তার ঘরে, শুধু ফরজ নামাজ ছাড়া।""","['muslim_1825', 'bukhari_6113', 'muslim_1783', 'muslim_944', 'muslim_1451']",True,False,"['bukhari_937', 'bukhari_7290', 'bukhari_6113', 'bukhari_1091', 'bukhari_1092', 'bukhari_990', 'bukhari_599', 'bukhari_1672', 'bukhari_1109', 'bukhari_670']","['bukhari_432', 'bukhari_651', 'bukhari_666', 'bukhari_645', 'bukhari_1190', 'bukhari_703', 'bukhari_1923', 'bukhari_212', 'bukhari_1187', 'bukhari_723']"
C1934,"রাসূলুল্লাহ (সা.) বলেছেন, যখন আমরা তাঁর সাথে ছিলাম, তখন কিছু উট ও ভেড়া শিকার করা হয়। তিনি নির্দেশ দেন যে, শিকার করা পশুগুলোকে সঠিকভাবে ভাগ করতে হবে এবং বলেন, কিছু পশুর আচরণ বন্য প্রাণীর মতো হয়ে থাকে, তাই তাদের নিয়ে সাবধান থাকতে হবে।","['bukhari_5498', 'muslim_5092', 'bukhari_2488', 'bukhari_2507', 'bukhari_3075']",True,False,"['bukhari_2488', 'bukhari_5498', 'bukhari_3075', 'muslim_1227', 'bukhari_1822', 'bukhari_5544', 'muslim_1729', 'muslim_2503', 'bukhari_1821', 'muslim_1901']","['bukhari_5487', 'bukhari_1829', 'bukhari_3690', 'bukhari_5547', 'muslim_1959', 'bukhari_3314', 'bukhari_3600', 'bukhari_7397', 'bukhari_5483', 'bukhari_5555']"
C1944,"রাসুলুল্লাহ (সা.) প্রথমে সত্যি স্বপ্ন দেখতেন, যা সকালে সূর্যের আলোয়ের মতো স্পষ্ট হতো। এরপর তিনি গার হিরায় গিয়ে রাতের বেলা ইবাদত করতেন, যেখানে তাকে প্রথমবারের মতো জিবরাইল (আ.) এসে ""পড়ো"" বলেছিলেন। তিনি তখন ভয় পেয়ে খিদিজার কাছে ফিরে গিয়ে বললেন, ""আমার কি হয়েছে?"" খিদিজা তাকে সাহস দিয়ে বললেন, ""আল্লাহ তোমাকে কখনো লজ্জিত করবে না।""","['muslim_403', 'bukhari_4953', 'bukhari_3', 'bukhari_6982', 'bukhari_3392']",True,False,"['muslim_187', 'muslim_832', 'muslim_2897', 'muslim_2474', 'bukhari_6982', 'muslim_188', 'muslim_681', 'bukhari_813', 'bukhari_771', 'muslim_2968']","['bukhari_3354', 'bukhari_6468', 'bukhari_2791', 'bukhari_7475', 'bukhari_2337', 'muslim_2390', 'muslim_405', 'bukhari_2885', 'bukhari_7008', 'bukhari_1227']"
C1947,রাসুলুল্লাহ (সা.) রমজানের মাঝের দশ দিন ইতিকাফ করতেন এবং তাঁর কপাল মাটি ও পানিতে ভরে যেত।,"['muslim_2770', 'muslim_2769', 'bukhari_2018', 'muslim_103', 'muslim_7287']",True,False,"['bukhari_2018', 'bukhari_2040', 'bukhari_2024', 'bukhari_2027', 'bukhari_4998', 'bukhari_3554', 'bukhari_813', 'bukhari_1975', 'bukhari_1592', 'bukhari_2026']","['bukhari_2044', 'bukhari_2025', 'bukhari_1892', 'bukhari_6684', 'bukhari_5289', 'bukhari_2034', 'bukhari_2026', 'bukhari_1266', 'bukhari_1814', 'bukhari_1906']"
C1952,"আবু তালহা শহরের সবচেয়ে ধনী আনসার ছিলেন এবং তাঁর সবচেয়ে প্রিয় সম্পদ ছিল একটি কূপ, যা মসজিদের দিকে মুখ করে ছিল। তিনি রাসূলুল্লাহকে বলেছিলেন যে, আল্লাহর নির্দেশ অনুযায়ী, তিনি তাঁর প্রিয় সম্পদটি আল্লাহর জন্য দান করতে চান এবং রাসূলুল্লাহ তাঁকে পরামর্শ দিয়েছিলেন যে, এটি তাঁর আত্মীয়দের মধ্যে বিতরণ করতে।","['bukhari_2318', 'muslim_2315', 'bukhari_1461', 'bukhari_4554', 'bukhari_2769']",True,False,"['bukhari_2318', 'bukhari_4554', 'bukhari_1301', 'muslim_2841', 'bukhari_1461', 'muslim_2409', 'muslim_2407', 'bukhari_5470', 'muslim_2964', 'muslim_2498']","['bukhari_5356', 'bukhari_6442', 'bukhari_55', 'bukhari_1426', 'bukhari_5351', 'muslim_1056', 'bukhari_2748', 'bukhari_7088', 'bukhari_5985', 'bukhari_1419']"
C1967,"আমি শুনেছি, রাসূলুল্লাহ (সাল্লাল্লাহু আলাইহি ওয়া সাল্লাম) বলেছেন যে, এক সময় আসবে যখন মানুষ তাদের আত্মীয়-স্বজনকে বলবে, ""আসো, সুখ-সমৃদ্ধির দিকে চল!"" কিন্তু তিনি বলেছেন, মদিনা তাদের জন্য ভালো, যদি তারা জানত। তিনি আরও বলেছেন, মদিনা যেমন খারাপকে দূরে সরিয়ে দেয়, তেমনই শেষ সময়ে মদিনা খারাপদের বের করে দেবে।","['muslim_3352', 'muslim_3318', 'muslim_3353', 'muslim_3364', 'bukhari_1871']",False,True,"['muslim_1381', 'muslim_2897', 'muslim_832', 'bukhari_3267', 'bukhari_6571', 'muslim_188', 'bukhari_1875', 'bukhari_7439', 'muslim_1806', 'bukhari_806']","['muslim_1381', 'bukhari_1871', 'bukhari_2897', 'bukhari_1874', 'bukhari_1804', 'bukhari_5985', 'bukhari_6372', 'bukhari_3594', 'bukhari_2892', 'bukhari_6415']"
C1975,"রাসূলুল্লাহ (সা.) এবং আবু বকর ও উমর (রা.) এর সময়ে আমরা গম, বার্লি এবং খেজুরের উপর ঋণ দিতাম। ابن আবজি বলেছেন যে, তিনি একই কথা বলেছেন।","['bukhari_2242', 'bukhari_2243', 'muslim_7559', 'bukhari_2244', 'muslim_3415']",True,False,"['bukhari_4619', 'bukhari_2170', 'bukhari_1511', 'bukhari_2243', 'bukhari_2242', 'muslim_1592', 'bukhari_1507', 'bukhari_5588', 'bukhari_2174', 'bukhari_1508']","['bukhari_2251', 'bukhari_6441', 'bukhari_1510', 'bukhari_2096', 'bukhari_2068', 'bukhari_5371', 'bukhari_1508', 'bukhari_2509', 'bukhari_2200', 'bukhari_336']"
C1976,আবদুল্লাহ বিন রাওয়াহা অসুস্থ হয়ে পড়েছিলেন এবং মৃত্যুর পর তার জন্য কেউ কাঁদেনি।,"['bukhari_4268', 'muslim_4659', 'bukhari_4267', 'muslim_4147', 'muslim_307']",False,True,"['bukhari_1304', 'muslim_919', 'muslim_130', 'muslim_2569', 'muslim_1910', 'bukhari_5672', 'muslim_1489', 'bukhari_5717', 'muslim_2491', 'bukhari_5668']","['bukhari_4268', 'bukhari_2828', 'bukhari_6778', 'muslim_924', 'bukhari_1124', 'bukhari_2912', 'bukhari_4292', 'bukhari_2873', 'muslim_2904', 'bukhari_5016']"
C1987,"নবী মুহাম্মদ (সা.) বলেছেন, মুসলমানদের জন্য যে কোনো বিষয়ে শুনতে এবং মানতে হবে, যতক্ষণ না তা কোনো পাপের নির্দেশনা না হয়। যদি পাপের নির্দেশনা আসে, তাহলে তা মানা যাবে না।","['muslim_4763', 'bukhari_7144', 'bukhari_2955', 'muslim_4836', 'muslim_3157']",False,True,"['bukhari_4521', 'bukhari_86', 'bukhari_6022', 'bukhari_1166', 'muslim_1489', 'bukhari_5', 'bukhari_1867', 'bukhari_1465', 'bukhari_6110', 'bukhari_703']","['bukhari_7144', 'bukhari_7346', 'bukhari_71', 'bukhari_2955', 'bukhari_69', 'bukhari_41', 'bukhari_3641', 'bukhari_6968', 'bukhari_4069', 'bukhari_6339']"
C1992,"রাসূলুল্লাহ (সা.) বলেছেন, তিনি একবার সফরে ছিলেন এবং তখন তিনি নির্দেশ দিয়েছিলেন যে, কোনো উটের গলায় যদি কোনো দড়ি বা মালা থাকে, তাহলে তা কেটে ফেলতে হবে।","['muslim_5549', 'bukhari_3005', 'muslim_936', 'muslim_7356', 'muslim_7502']",False,True,"['bukhari_4509', 'muslim_1489', 'muslim_168', 'bukhari_5955', 'bukhari_3075', 'muslim_2474', 'muslim_362', 'muslim_1478', 'bukhari_1867', 'bukhari_6012']","['bukhari_5429', 'bukhari_3001', 'bukhari_1804', 'bukhari_3005', 'bukhari_1621', 'bukhari_3319', 'bukhari_6799', 'bukhari_4410', 'bukhari_7075', 'bukhari_2472']"
